2026-07-24 14:38:26.278 |     cur.execute(_QUERY_STATS_SQL)
2026-07-24 14:38:26.278 |   File "/usr/local/lib/python3.12/site-packages/oracledb/cursor.py", line 710, in execute
2026-07-24 14:38:26.278 |     impl.execute(self)
2026-07-24 14:38:26.278 |   File "src/oracledb/impl/thin/cursor.pyx", line 196, in oracledb.thin_impl.ThinCursorImpl.execute
2026-07-24 14:38:26.278 |   File "src/oracledb/impl/thin/protocol.pyx", line 440, in oracledb.thin_impl.Protocol._process_single_message
2026-07-24 14:38:26.278 |   File "src/oracledb/impl/thin/protocol.pyx", line 441, in oracledb.thin_impl.Protocol._process_single_message
2026-07-24 14:38:26.278 |   File "src/oracledb/impl/thin/protocol.pyx", line 433, in oracledb.thin_impl.Protocol._process_message
2026-07-24 14:38:26.278 |   File "src/oracledb/impl/thin/messages.pyx", line 74, in oracledb.thin_impl.Message._check_and_raise_exception
2026-07-24 14:38:26.278 | oracledb.exceptions.DatabaseError: ORA-00942: table or view does not exist
2026-07-24 14:38:26.278 | Help: https://docs.oracle.com/error-help/db/ora-00942/
2026-07-24 14:38:26.351 | 2026-07-24 21:38:26,350 INFO 172.19.0.3 - "GET /metrics?target=hris-hims-db HTTP/1.1" 200 -
2026-07-24 14:38:27.598 | 2026-07-24 21:38:27,597 ERROR scrape of target 'hris-scl-engineering-db' failed
2026-07-24 14:38:27.598 | Traceback (most recent call last):
2026-07-24 14:38:27.598 |   File "src/pymssql/_pymssql.pyx", line 650, in pymssql._pymssql.connect
2026-07-24 14:38:27.598 |   File "src/pymssql/_mssql.pyx", line 2158, in pymssql._mssql.connect
2026-07-24 14:38:27.598 |   File "src/pymssql/_mssql.pyx", line 712, in pymssql._mssql.MSSQLConnection.__init__
2026-07-24 14:38:27.598 |   File "src/pymssql/_mssql.pyx", line 1884, in pymssql._mssql.maybe_raise_MSSQLDatabaseException
2026-07-24 14:38:27.598 |   File "src/pymssql/_mssql.pyx", line 1901, in pymssql._mssql.raise_MSSQLDatabaseException
2026-07-24 14:38:27.598 | pymssql._mssql.MSSQLDatabaseException: (20009, b'DB-Lib error message 20009, severity 9:\nUnable to connect: Adaptive Server is unavailable or does not exist (COSWINDE516D1)\n')
2026-07-24 14:38:27.598 | 
2026-07-24 14:38:27.598 | During handling of the above exception, another exception occurred:
2026-07-24 14:38:27.598 | 
2026-07-24 14:38:27.598 | Traceback (most recent call last):
2026-07-24 14:38:27.598 |   File "/app/src/registry.py", line 74, in scrape
2026-07-24 14:38:27.598 |     families, had_partial_error = future.result(timeout=target.scrape_timeout_seconds)
2026-07-24 14:38:27.598 |                                   ^^^^^^^^^^^^^^^^^^^^^^^^^^^^^^^^^^^^^^^^^^^^^^^^^^^^
2026-07-24 14:38:27.598 |   File "/usr/local/lib/python3.12/concurrent/futures/_base.py", line 456, in result
2026-07-24 14:38:27.598 |     return self.__get_result()
2026-07-24 14:38:27.598 |            ^^^^^^^^^^^^^^^^^^^
2026-07-24 14:38:27.598 |   File "/usr/local/lib/python3.12/concurrent/futures/_base.py", line 401, in __get_result
2026-07-24 14:38:27.598 |     raise self._exception
2026-07-24 14:38:27.598 |   File "/usr/local/lib/python3.12/concurrent/futures/thread.py", line 59, in run
2026-07-24 14:38:27.598 |     result = self.fn(*self.args, **self.kwargs)
2026-07-24 14:38:27.598 |              ^^^^^^^^^^^^^^^^^^^^^^^^^^^^^^^^^^
2026-07-24 14:38:27.598 |   File "/app/src/registry.py", line 69, in _do_scrape
2026-07-24 14:38:27.598 |     conn = adapter.get_connection()
2026-07-24 14:38:27.598 |            ^^^^^^^^^^^^^^^^^^^^^^^^
2026-07-24 14:38:27.598 |   File "/app/src/collectors/base.py", line 65, in get_connection
2026-07-24 14:38:27.598 |     self._conn = self.connect()
2026-07-24 14:38:27.598 |                  ^^^^^^^^^^^^^^
2026-07-24 14:38:27.598 |   File "/app/src/collectors/sqlserver.py", line 70, in connect
2026-07-24 14:38:27.598 |     conn = pymssql.connect(
2026-07-24 14:38:27.598 |            ^^^^^^^^^^^^^^^^
2026-07-24 14:38:27.598 |   File "src/pymssql/_pymssql.pyx", line 659, in pymssql._pymssql.connect
2026-07-24 14:38:27.598 | pymssql.exceptions.OperationalError: (20009, b'DB-Lib error message 20009, severity 9:\nUnable to connect: Adaptive Server is unavailable or does not exist (COSWINDE516D1)\n')
2026-07-24 14:38:27.598 | 2026-07-24 21:38:27,598 INFO 172.19.0.3 - "GET /metrics?target=hris-scl-engineering-db HTTP/1.1" 200 -
2026-07-24 14:38:31.782 | 2026-07-24 21:38:31,782 ERROR query 'size' failed for target 'hris-card-db'
2026-07-24 14:38:31.782 | Traceback (most recent call last):
2026-07-24 14:38:31.782 |   File "/app/src/collectors/base.py", line 52, in safe_collect_family
2026-07-24 14:38:31.782 |     result = builder()
2026-07-24 14:38:31.782 |              ^^^^^^^^^
2026-07-24 14:38:31.782 |   File "/app/src/collectors/postgres.py", line 94, in <lambda>
2026-07-24 14:38:31.782 |     ("size", lambda: self._size_family(cur)),
2026-07-24 14:38:31.782 |                      ^^^^^^^^^^^^^^^^^^^^^^
2026-07-24 14:38:31.782 |   File "/app/src/collectors/postgres.py", line 168, in _size_family
2026-07-24 14:38:31.782 |     cur.execute(_SIZE_SQL)
2026-07-24 14:38:31.782 |   File "/usr/local/lib/python3.12/site-packages/psycopg2/extras.py", line 146, in execute
2026-07-24 14:38:31.782 |     return super().execute(query, vars)
2026-07-24 14:38:31.782 |            ^^^^^^^^^^^^^^^^^^^^^^^^^^^^
2026-07-24 14:38:31.782 | psycopg2.errors.InsufficientPrivilege: permission denied for database rdsadmin
2026-07-24 14:38:31.782 | 
2026-07-24 14:38:31.783 | 2026-07-24 21:38:31,782 INFO 172.19.0.3 - "GET /metrics?target=hris-card-db HTTP/1.1" 200 -
2026-07-24 14:38:41.276 | 2026-07-24 21:38:41,276 ERROR query 'query_duration' failed for target 'hris-hims-db'
2026-07-24 14:38:41.276 | Traceback (most recent call last):
2026-07-24 14:38:41.276 |   File "/app/src/collectors/base.py", line 52, in safe_collect_family
2026-07-24 14:38:41.276 |     result = builder()
2026-07-24 14:38:41.276 |              ^^^^^^^^^
2026-07-24 14:38:41.276 |   File "/app/src/collectors/oracle.py", line 103, in <lambda>
2026-07-24 14:38:41.276 |     ("query_duration", lambda: self._query_duration_family(conn)),
2026-07-24 14:38:41.276 |                                ^^^^^^^^^^^^^^^^^^^^^^^^^^^^^^^^^
2026-07-24 14:38:41.276 |   File "/app/src/collectors/oracle.py", line 119, in _query_duration_family
2026-07-24 14:38:41.276 |     cur.execute(_QUERY_STATS_SQL)
2026-07-24 14:38:41.276 |   File "/usr/local/lib/python3.12/site-packages/oracledb/cursor.py", line 710, in execute
2026-07-24 14:38:41.276 |     impl.execute(self)
2026-07-24 14:38:41.276 |   File "src/oracledb/impl/thin/cursor.pyx", line 196, in oracledb.thin_impl.ThinCursorImpl.execute
2026-07-24 14:38:41.276 |   File "src/oracledb/impl/thin/protocol.pyx", line 440, in oracledb.thin_impl.Protocol._process_single_message
2026-07-24 14:38:41.276 |   File "src/oracledb/impl/thin/protocol.pyx", line 441, in oracledb.thin_impl.Protocol._process_single_message
2026-07-24 14:38:41.276 |   File "src/oracledb/impl/thin/protocol.pyx", line 433, in oracledb.thin_impl.Protocol._process_message
2026-07-24 14:38:41.276 |   File "src/oracledb/impl/thin/messages.pyx", line 74, in oracledb.thin_impl.Message._check_and_raise_exception
2026-07-24 14:38:41.276 | oracledb.exceptions.DatabaseError: ORA-00942: table or view does not exist
2026-07-24 14:38:41.276 | Help: https://docs.oracle.com/error-help/db/ora-00942/
2026-07-24 14:38:42.597 | 2026-07-24 21:38:42,596 ERROR scrape of target 'hris-scl-engineering-db' failed
2026-07-24 14:38:42.597 | Traceback (most recent call last):
2026-07-24 14:38:42.597 |   File "src/pymssql/_pymssql.pyx", line 650, in pymssql._pymssql.connect
2026-07-24 14:38:42.597 |   File "src/pymssql/_mssql.pyx", line 2158, in pymssql._mssql.connect
2026-07-24 14:38:42.597 |   File "src/pymssql/_mssql.pyx", line 712, in pymssql._mssql.MSSQLConnection.__init__
2026-07-24 14:38:42.597 |   File "src/pymssql/_mssql.pyx", line 1884, in pymssql._mssql.maybe_raise_MSSQLDatabaseException
2026-07-24 14:38:42.597 |   File "src/pymssql/_mssql.pyx", line 1901, in pymssql._mssql.raise_MSSQLDatabaseException
2026-07-24 14:38:42.597 | pymssql._mssql.MSSQLDatabaseException: (20009, b'DB-Lib error message 20009, severity 9:\nUnable to connect: Adaptive Server is unavailable or does not exist (COSWINDE516D1)\n')
2026-07-24 14:38:42.597 | 
2026-07-24 14:38:42.597 | During handling of the above exception, another exception occurred:
2026-07-24 14:38:42.597 | 
2026-07-24 14:38:42.597 | Traceback (most recent call last):
2026-07-24 14:38:42.597 |   File "/app/src/registry.py", line 74, in scrape
2026-07-24 14:38:42.597 |     families, had_partial_error = future.result(timeout=target.scrape_timeout_seconds)
2026-07-24 14:38:42.597 |                                   ^^^^^^^^^^^^^^^^^^^^^^^^^^^^^^^^^^^^^^^^^^^^^^^^^^^^
2026-07-24 14:38:42.597 |   File "/usr/local/lib/python3.12/concurrent/futures/_base.py", line 456, in result
2026-07-24 14:38:42.597 |     return self.__get_result()
2026-07-24 14:38:42.597 |            ^^^^^^^^^^^^^^^^^^^
2026-07-24 14:38:42.597 |   File "/usr/local/lib/python3.12/concurrent/futures/_base.py", line 401, in __get_result
2026-07-24 14:38:42.597 |     raise self._exception
2026-07-24 14:38:42.597 |   File "/usr/local/lib/python3.12/concurrent/futures/thread.py", line 59, in run
2026-07-24 14:38:42.597 |     result = self.fn(*self.args, **self.kwargs)
2026-07-24 14:38:42.597 |              ^^^^^^^^^^^^^^^^^^^^^^^^^^^^^^^^^^
2026-07-24 14:38:42.597 |   File "/app/src/registry.py", line 69, in _do_scrape
2026-07-24 14:38:42.597 |     conn = adapter.get_connection()
2026-07-24 14:38:42.597 |            ^^^^^^^^^^^^^^^^^^^^^^^^
2026-07-24 14:38:42.597 |   File "/app/src/collectors/base.py", line 65, in get_connection
2026-07-24 14:38:42.597 |     self._conn = self.connect()
2026-07-24 14:38:42.597 |                  ^^^^^^^^^^^^^^
2026-07-24 14:38:42.597 |   File "/app/src/collectors/sqlserver.py", line 70, in connect
2026-07-24 14:38:42.597 |     conn = pymssql.connect(
2026-07-24 14:38:42.597 |            ^^^^^^^^^^^^^^^^
2026-07-24 14:38:42.597 |   File "src/pymssql/_pymssql.pyx", line 659, in pymssql._pymssql.connect
2026-07-24 14:38:42.597 | pymssql.exceptions.OperationalError: (20009, b'DB-Lib error message 20009, severity 9:\nUnable to connect: Adaptive Server is unavailable or does not exist (COSWINDE516D1)\n')
2026-07-24 14:38:42.597 | 2026-07-24 21:38:42,597 INFO 172.19.0.3 - "GET /metrics?target=hris-scl-engineering-db HTTP/1.1" 200 -
2026-07-24 14:38:43.951 | 2026-07-24 21:38:43,951 INFO 127.0.0.1 - "GET /health HTTP/1.1" 200 -
2026-07-24 14:38:44.384 | 2026-07-24 21:38:44,384 INFO 172.19.0.3 - "GET /metrics?target=hris-hims-db HTTP/1.1" 200 -
2026-07-24 14:38:46.781 | 2026-07-24 21:38:46,780 ERROR query 'size' failed for target 'hris-card-db'
2026-07-24 14:38:46.781 | Traceback (most recent call last):
2026-07-24 14:38:46.781 |   File "/app/src/collectors/base.py", line 52, in safe_collect_family
2026-07-24 14:38:46.781 |     result = builder()
2026-07-24 14:38:46.781 |              ^^^^^^^^^
2026-07-24 14:38:46.781 |   File "/app/src/collectors/postgres.py", line 94, in <lambda>
2026-07-24 14:38:46.781 |     ("size", lambda: self._size_family(cur)),
2026-07-24 14:38:46.781 |                      ^^^^^^^^^^^^^^^^^^^^^^
2026-07-24 14:38:46.781 |   File "/app/src/collectors/postgres.py", line 168, in _size_family
2026-07-24 14:38:46.781 |     cur.execute(_SIZE_SQL)
2026-07-24 14:38:46.781 |   File "/usr/local/lib/python3.12/site-packages/psycopg2/extras.py", line 146, in execute
2026-07-24 14:38:46.781 |     return super().execute(query, vars)
2026-07-24 14:38:46.781 |            ^^^^^^^^^^^^^^^^^^^^^^^^^^^^
2026-07-24 14:38:46.781 | psycopg2.errors.InsufficientPrivilege: permission denied for database rdsadmin
2026-07-24 14:38:46.781 | 
2026-07-24 14:38:46.781 | 2026-07-24 21:38:46,781 INFO 172.19.0.3 - "GET /metrics?target=hris-card-db HTTP/1.1" 200 -
2026-07-24 14:38:56.278 | 2026-07-24 21:38:56,277 ERROR query 'query_duration' failed for target 'hris-hims-db'
2026-07-24 14:38:56.278 | Traceback (most recent call last):
2026-07-24 14:38:56.278 |   File "/app/src/collectors/base.py", line 52, in safe_collect_family
2026-07-24 14:38:56.278 |     result = builder()
2026-07-24 14:38:56.278 |              ^^^^^^^^^
2026-07-24 14:38:56.278 |   File "/app/src/collectors/oracle.py", line 103, in <lambda>
2026-07-24 14:38:56.278 |     ("query_duration", lambda: self._query_duration_family(conn)),
2026-07-24 14:38:56.278 |                                ^^^^^^^^^^^^^^^^^^^^^^^^^^^^^^^^^
2026-07-24 14:38:56.278 |   File "/app/src/collectors/oracle.py", line 119, in _query_duration_family
2026-07-24 14:38:56.278 |     cur.execute(_QUERY_STATS_SQL)
2026-07-24 14:38:56.278 |   File "/usr/local/lib/python3.12/site-packages/oracledb/cursor.py", line 710, in execute
2026-07-24 14:38:56.278 |     impl.execute(self)
2026-07-24 14:38:56.278 |   File "src/oracledb/impl/thin/cursor.pyx", line 196, in oracledb.thin_impl.ThinCursorImpl.execute
2026-07-24 14:38:56.278 |   File "src/oracledb/impl/thin/protocol.pyx", line 440, in oracledb.thin_impl.Protocol._process_single_message
2026-07-24 14:38:56.278 |   File "src/oracledb/impl/thin/protocol.pyx", line 441, in oracledb.thin_impl.Protocol._process_single_message
2026-07-24 14:38:56.278 |   File "src/oracledb/impl/thin/protocol.pyx", line 433, in oracledb.thin_impl.Protocol._process_message
2026-07-24 14:38:56.278 |   File "src/oracledb/impl/thin/messages.pyx", line 74, in oracledb.thin_impl.Message._check_and_raise_exception
2026-07-24 14:38:56.278 | oracledb.exceptions.DatabaseError: ORA-00942: table or view does not exist
2026-07-24 14:38:56.278 | Help: https://docs.oracle.com/error-help/db/ora-00942/
2026-07-24 14:38:56.353 | 2026-07-24 21:38:56,353 INFO 172.19.0.3 - "GET /metrics?target=hris-hims-db HTTP/1.1" 200 -
2026-07-24 14:38:57.599 | 2026-07-24 21:38:57,598 ERROR scrape of target 'hris-scl-engineering-db' failed
2026-07-24 14:38:57.599 | Traceback (most recent call last):
2026-07-24 14:38:57.599 |   File "src/pymssql/_pymssql.pyx", line 650, in pymssql._pymssql.connect
2026-07-24 14:38:57.599 |   File "src/pymssql/_mssql.pyx", line 2158, in pymssql._mssql.connect
2026-07-24 14:38:57.599 |   File "src/pymssql/_mssql.pyx", line 712, in pymssql._mssql.MSSQLConnection.__init__
2026-07-24 14:38:57.599 |   File "src/pymssql/_mssql.pyx", line 1884, in pymssql._mssql.maybe_raise_MSSQLDatabaseException
2026-07-24 14:38:57.599 |   File "src/pymssql/_mssql.pyx", line 1901, in pymssql._mssql.raise_MSSQLDatabaseException
2026-07-24 14:38:57.599 | pymssql._mssql.MSSQLDatabaseException: (20009, b'DB-Lib error message 20009, severity 9:\nUnable to connect: Adaptive Server is unavailable or does not exist (COSWINDE516D1)\n')
2026-07-24 14:38:57.599 | 
2026-07-24 14:38:57.599 | During handling of the above exception, another exception occurred:
2026-07-24 14:38:57.599 | 
2026-07-24 14:38:57.599 | Traceback (most recent call last):
2026-07-24 14:38:57.599 |   File "/app/src/registry.py", line 74, in scrape
2026-07-24 14:38:57.599 |     families, had_partial_error = future.result(timeout=target.scrape_timeout_seconds)
2026-07-24 14:38:57.599 |                                   ^^^^^^^^^^^^^^^^^^^^^^^^^^^^^^^^^^^^^^^^^^^^^^^^^^^^
2026-07-24 14:38:57.599 |   File "/usr/local/lib/python3.12/concurrent/futures/_base.py", line 456, in result
2026-07-24 14:38:57.599 |     return self.__get_result()
2026-07-24 14:38:57.599 |            ^^^^^^^^^^^^^^^^^^^
2026-07-24 14:38:57.599 |   File "/usr/local/lib/python3.12/concurrent/futures/_base.py", line 401, in __get_result
2026-07-24 14:38:57.599 |     raise self._exception
2026-07-24 14:38:57.599 |   File "/usr/local/lib/python3.12/concurrent/futures/thread.py", line 59, in run
2026-07-24 14:38:57.599 |     result = self.fn(*self.args, **self.kwargs)
2026-07-24 14:38:57.599 |              ^^^^^^^^^^^^^^^^^^^^^^^^^^^^^^^^^^
2026-07-24 14:38:57.599 |   File "/app/src/registry.py", line 69, in _do_scrape
2026-07-24 14:38:57.599 |     conn = adapter.get_connection()
2026-07-24 14:38:57.599 |            ^^^^^^^^^^^^^^^^^^^^^^^^
2026-07-24 14:38:57.599 |   File "/app/src/collectors/base.py", line 65, in get_connection
2026-07-24 14:38:57.599 |     self._conn = self.connect()
2026-07-24 14:38:57.599 |                  ^^^^^^^^^^^^^^
2026-07-24 14:38:57.599 |   File "/app/src/collectors/sqlserver.py", line 70, in connect
2026-07-24 14:38:57.599 |     conn = pymssql.connect(
2026-07-24 14:38:57.599 |            ^^^^^^^^^^^^^^^^
2026-07-24 14:38:57.599 |   File "src/pymssql/_pymssql.pyx", line 659, in pymssql._pymssql.connect
2026-07-24 14:38:57.599 | pymssql.exceptions.OperationalError: (20009, b'DB-Lib error message 20009, severity 9:\nUnable to connect: Adaptive Server is unavailable or does not exist (COSWINDE516D1)\n')
2026-07-24 14:38:57.599 | 2026-07-24 21:38:57,599 INFO 172.19.0.3 - "GET /metrics?target=hris-scl-engineering-db HTTP/1.1" 200 -
2026-07-24 14:39:01.881 | 2026-07-24 21:39:01,881 ERROR query 'size' failed for target 'hris-card-db'
2026-07-24 14:39:01.881 | Traceback (most recent call last):
2026-07-24 14:39:01.881 |   File "/app/src/collectors/base.py", line 52, in safe_collect_family
2026-07-24 14:39:01.881 |     result = builder()
2026-07-24 14:39:01.881 |              ^^^^^^^^^
2026-07-24 14:39:01.881 |   File "/app/src/collectors/postgres.py", line 94, in <lambda>
2026-07-24 14:39:01.881 |     ("size", lambda: self._size_family(cur)),
2026-07-24 14:39:01.881 |                      ^^^^^^^^^^^^^^^^^^^^^^
2026-07-24 14:39:01.881 |   File "/app/src/collectors/postgres.py", line 168, in _size_family
2026-07-24 14:39:01.881 |     cur.execute(_SIZE_SQL)
2026-07-24 14:39:01.882 |   File "/usr/local/lib/python3.12/site-packages/psycopg2/extras.py", line 146, in execute
2026-07-24 14:39:01.882 |     return super().execute(query, vars)
2026-07-24 14:39:01.882 |            ^^^^^^^^^^^^^^^^^^^^^^^^^^^^
2026-07-24 14:39:01.882 | psycopg2.errors.InsufficientPrivilege: permission denied for database rdsadmin
2026-07-24 14:39:01.882 | 
2026-07-24 14:39:01.882 | 2026-07-24 21:39:01,882 INFO 172.19.0.3 - "GET /metrics?target=hris-card-db HTTP/1.1" 200 -
2026-07-24 14:39:11.277 | 2026-07-24 21:39:11,276 ERROR query 'query_duration' failed for target 'hris-hims-db'
2026-07-24 14:39:11.277 | Traceback (most recent call last):
2026-07-24 14:39:11.277 |   File "/app/src/collectors/base.py", line 52, in safe_collect_family
2026-07-24 14:39:11.277 |     result = builder()
2026-07-24 14:39:11.277 |              ^^^^^^^^^
2026-07-24 14:39:11.277 |   File "/app/src/collectors/oracle.py", line 103, in <lambda>
2026-07-24 14:39:11.277 |     ("query_duration", lambda: self._query_duration_family(conn)),
2026-07-24 14:39:11.277 |                                ^^^^^^^^^^^^^^^^^^^^^^^^^^^^^^^^^
2026-07-24 14:39:11.277 |   File "/app/src/collectors/oracle.py", line 119, in _query_duration_family
2026-07-24 14:39:11.277 |     cur.execute(_QUERY_STATS_SQL)
2026-07-24 14:39:11.277 |   File "/usr/local/lib/python3.12/site-packages/oracledb/cursor.py", line 710, in execute
2026-07-24 14:39:11.277 |     impl.execute(self)
2026-07-24 14:39:11.277 |   File "src/oracledb/impl/thin/cursor.pyx", line 196, in oracledb.thin_impl.ThinCursorImpl.execute
2026-07-24 14:39:11.277 |   File "src/oracledb/impl/thin/protocol.pyx", line 440, in oracledb.thin_impl.Protocol._process_single_message
2026-07-24 14:39:11.277 |   File "src/oracledb/impl/thin/protocol.pyx", line 441, in oracledb.thin_impl.Protocol._process_single_message
2026-07-24 14:39:11.277 |   File "src/oracledb/impl/thin/protocol.pyx", line 433, in oracledb.thin_impl.Protocol._process_message
2026-07-24 14:39:11.277 |   File "src/oracledb/impl/thin/messages.pyx", line 74, in oracledb.thin_impl.Message._check_and_raise_exception
2026-07-24 14:39:11.277 | oracledb.exceptions.DatabaseError: ORA-00942: table or view does not exist
2026-07-24 14:39:11.277 | Help: https://docs.oracle.com/error-help/db/ora-00942/
2026-07-24 14:39:11.351 | 2026-07-24 21:39:11,350 INFO 172.19.0.3 - "GET /metrics?target=hris-hims-db HTTP/1.1" 200 -
2026-07-24 14:39:12.605 | 2026-07-24 21:39:12,604 ERROR scrape of target 'hris-scl-engineering-db' failed
2026-07-24 14:39:12.605 | Traceback (most recent call last):
2026-07-24 14:39:12.605 |   File "src/pymssql/_pymssql.pyx", line 650, in pymssql._pymssql.connect
2026-07-24 14:39:12.605 |   File "src/pymssql/_mssql.pyx", line 2158, in pymssql._mssql.connect
2026-07-24 14:39:12.605 |   File "src/pymssql/_mssql.pyx", line 712, in pymssql._mssql.MSSQLConnection.__init__
2026-07-24 14:39:12.605 |   File "src/pymssql/_mssql.pyx", line 1884, in pymssql._mssql.maybe_raise_MSSQLDatabaseException
2026-07-24 14:39:12.605 |   File "src/pymssql/_mssql.pyx", line 1901, in pymssql._mssql.raise_MSSQLDatabaseException
2026-07-24 14:39:12.605 | pymssql._mssql.MSSQLDatabaseException: (20009, b'DB-Lib error message 20009, severity 9:\nUnable to connect: Adaptive Server is unavailable or does not exist (COSWINDE516D1)\n')
2026-07-24 14:39:12.605 | 
2026-07-24 14:39:12.605 | During handling of the above exception, another exception occurred:
2026-07-24 14:39:12.605 | 
2026-07-24 14:39:12.605 | Traceback (most recent call last):
2026-07-24 14:39:12.605 |   File "/app/src/registry.py", line 74, in scrape
2026-07-24 14:39:12.605 |     families, had_partial_error = future.result(timeout=target.scrape_timeout_seconds)
2026-07-24 14:39:12.605 |                                   ^^^^^^^^^^^^^^^^^^^^^^^^^^^^^^^^^^^^^^^^^^^^^^^^^^^^
2026-07-24 14:39:12.605 |   File "/usr/local/lib/python3.12/concurrent/futures/_base.py", line 456, in result
2026-07-24 14:39:12.605 |     return self.__get_result()
2026-07-24 14:39:12.605 |            ^^^^^^^^^^^^^^^^^^^
2026-07-24 14:39:12.605 |   File "/usr/local/lib/python3.12/concurrent/futures/_base.py", line 401, in __get_result
2026-07-24 14:39:12.605 |     raise self._exception
2026-07-24 14:39:12.605 |   File "/usr/local/lib/python3.12/concurrent/futures/thread.py", line 59, in run
2026-07-24 14:39:12.605 |     result = self.fn(*self.args, **self.kwargs)
2026-07-24 14:39:12.605 |              ^^^^^^^^^^^^^^^^^^^^^^^^^^^^^^^^^^
2026-07-24 14:39:12.605 |   File "/app/src/registry.py", line 69, in _do_scrape
2026-07-24 14:39:12.605 |     conn = adapter.get_connection()
2026-07-24 14:39:12.605 |            ^^^^^^^^^^^^^^^^^^^^^^^^
2026-07-24 14:39:12.605 |   File "/app/src/collectors/base.py", line 65, in get_connection
2026-07-24 14:39:12.605 |     self._conn = self.connect()
2026-07-24 14:39:12.605 |                  ^^^^^^^^^^^^^^
2026-07-24 14:39:12.605 |   File "/app/src/collectors/sqlserver.py", line 70, in connect
2026-07-24 14:39:12.605 |     conn = pymssql.connect(
2026-07-24 14:39:12.605 |            ^^^^^^^^^^^^^^^^
2026-07-24 14:39:12.605 |   File "src/pymssql/_pymssql.pyx", line 659, in pymssql._pymssql.connect
2026-07-24 14:39:12.605 | pymssql.exceptions.OperationalError: (20009, b'DB-Lib error message 20009, severity 9:\nUnable to connect: Adaptive Server is unavailable or does not exist (COSWINDE516D1)\n')
2026-07-24 14:39:12.605 | 2026-07-24 21:39:12,605 INFO 172.19.0.3 - "GET /metrics?target=hris-scl-engineering-db HTTP/1.1" 200 -
2026-07-24 14:39:14.053 | 2026-07-24 21:39:14,053 INFO 127.0.0.1 - "GET /health HTTP/1.1" 200 -
2026-07-24 14:39:16.783 | 2026-07-24 21:39:16,782 ERROR query 'size' failed for target 'hris-card-db'
2026-07-24 14:39:16.783 | Traceback (most recent call last):
2026-07-24 14:39:16.783 |   File "/app/src/collectors/base.py", line 52, in safe_collect_family
2026-07-24 14:39:16.783 |     result = builder()
2026-07-24 14:39:16.783 |              ^^^^^^^^^
2026-07-24 14:39:16.783 |   File "/app/src/collectors/postgres.py", line 94, in <lambda>
2026-07-24 14:39:16.783 |     ("size", lambda: self._size_family(cur)),
2026-07-24 14:39:16.783 |                      ^^^^^^^^^^^^^^^^^^^^^^
2026-07-24 14:39:16.783 |   File "/app/src/collectors/postgres.py", line 168, in _size_family
2026-07-24 14:39:16.783 |     cur.execute(_SIZE_SQL)
2026-07-24 14:39:16.783 |   File "/usr/local/lib/python3.12/site-packages/psycopg2/extras.py", line 146, in execute
2026-07-24 14:39:16.783 |     return super().execute(query, vars)
2026-07-24 14:39:16.783 |            ^^^^^^^^^^^^^^^^^^^^^^^^^^^^
2026-07-24 14:39:16.783 | psycopg2.errors.InsufficientPrivilege: permission denied for database rdsadmin
2026-07-24 14:39:16.783 | 
2026-07-24 14:39:16.783 | 2026-07-24 21:39:16,783 INFO 172.19.0.3 - "GET /metrics?target=hris-card-db HTTP/1.1" 200 -
2026-07-24 14:39:26.279 | 2026-07-24 21:39:26,278 ERROR query 'query_duration' failed for target 'hris-hims-db'
2026-07-24 14:39:26.279 | Traceback (most recent call last):
2026-07-24 14:39:26.279 |   File "/app/src/collectors/base.py", line 52, in safe_collect_family
2026-07-24 14:39:26.279 |     result = builder()
2026-07-24 14:39:26.279 |              ^^^^^^^^^
2026-07-24 14:39:26.279 |   File "/app/src/collectors/oracle.py", line 103, in <lambda>
2026-07-24 14:39:26.279 |     ("query_duration", lambda: self._query_duration_family(conn)),
2026-07-24 14:39:26.279 |                                ^^^^^^^^^^^^^^^^^^^^^^^^^^^^^^^^^
2026-07-24 14:39:26.279 |   File "/app/src/collectors/oracle.py", line 119, in _query_duration_family
2026-07-24 14:39:26.279 |     cur.execute(_QUERY_STATS_SQL)
2026-07-24 14:39:26.279 |   File "/usr/local/lib/python3.12/site-packages/oracledb/cursor.py", line 710, in execute
2026-07-24 14:39:26.279 |     impl.execute(self)
2026-07-24 14:39:26.279 |   File "src/oracledb/impl/thin/cursor.pyx", line 196, in oracledb.thin_impl.ThinCursorImpl.execute
2026-07-24 14:39:26.279 |   File "src/oracledb/impl/thin/protocol.pyx", line 440, in oracledb.thin_impl.Protocol._process_single_message
2026-07-24 14:39:26.279 |   File "src/oracledb/impl/thin/protocol.pyx", line 441, in oracledb.thin_impl.Protocol._process_single_message
2026-07-24 14:39:26.279 |   File "src/oracledb/impl/thin/protocol.pyx", line 433, in oracledb.thin_impl.Protocol._process_message
2026-07-24 14:39:26.279 |   File "src/oracledb/impl/thin/messages.pyx", line 74, in oracledb.thin_impl.Message._check_and_raise_exception
2026-07-24 14:39:26.279 | oracledb.exceptions.DatabaseError: ORA-00942: table or view does not exist
2026-07-24 14:39:26.279 | Help: https://docs.oracle.com/error-help/db/ora-00942/
2026-07-24 14:39:26.368 | 2026-07-24 21:39:26,368 INFO 172.19.0.3 - "GET /metrics?target=hris-hims-db HTTP/1.1" 200 -
2026-07-24 14:39:27.599 | 2026-07-24 21:39:27,598 ERROR scrape of target 'hris-scl-engineering-db' failed
2026-07-24 14:39:27.599 | Traceback (most recent call last):
2026-07-24 14:39:27.599 |   File "src/pymssql/_pymssql.pyx", line 650, in pymssql._pymssql.connect
2026-07-24 14:39:27.599 |   File "src/pymssql/_mssql.pyx", line 2158, in pymssql._mssql.connect
2026-07-24 14:39:27.599 |   File "src/pymssql/_mssql.pyx", line 712, in pymssql._mssql.MSSQLConnection.__init__
2026-07-24 14:39:27.599 |   File "src/pymssql/_mssql.pyx", line 1884, in pymssql._mssql.maybe_raise_MSSQLDatabaseException
2026-07-24 14:39:27.599 |   File "src/pymssql/_mssql.pyx", line 1901, in pymssql._mssql.raise_MSSQLDatabaseException
2026-07-24 14:39:27.599 | pymssql._mssql.MSSQLDatabaseException: (20009, b'DB-Lib error message 20009, severity 9:\nUnable to connect: Adaptive Server is unavailable or does not exist (COSWINDE516D1)\n')
2026-07-24 14:39:27.599 | 
2026-07-24 14:39:27.599 | During handling of the above exception, another exception occurred:
2026-07-24 14:39:27.599 | 
2026-07-24 14:39:27.599 | Traceback (most recent call last):
2026-07-24 14:39:27.599 |   File "/app/src/registry.py", line 74, in scrape
2026-07-24 14:39:27.599 |     families, had_partial_error = future.result(timeout=target.scrape_timeout_seconds)
2026-07-24 14:39:27.599 |                                   ^^^^^^^^^^^^^^^^^^^^^^^^^^^^^^^^^^^^^^^^^^^^^^^^^^^^
2026-07-24 14:39:27.599 |   File "/usr/local/lib/python3.12/concurrent/futures/_base.py", line 456, in result
2026-07-24 14:39:27.599 |     return self.__get_result()
2026-07-24 14:39:27.599 |            ^^^^^^^^^^^^^^^^^^^
2026-07-24 14:39:27.599 |   File "/usr/local/lib/python3.12/concurrent/futures/_base.py", line 401, in __get_result
2026-07-24 14:39:27.599 |     raise self._exception
2026-07-24 14:39:27.599 |   File "/usr/local/lib/python3.12/concurrent/futures/thread.py", line 59, in run
2026-07-24 14:39:27.599 |     result = self.fn(*self.args, **self.kwargs)
2026-07-24 14:39:27.599 |              ^^^^^^^^^^^^^^^^^^^^^^^^^^^^^^^^^^
2026-07-24 14:39:27.599 |   File "/app/src/registry.py", line 69, in _do_scrape
2026-07-24 14:39:27.599 |     conn = adapter.get_connection()
2026-07-24 14:39:27.599 |            ^^^^^^^^^^^^^^^^^^^^^^^^
2026-07-24 14:39:27.599 |   File "/app/src/collectors/base.py", line 65, in get_connection
2026-07-24 14:39:27.599 |     self._conn = self.connect()
2026-07-24 14:39:27.599 |                  ^^^^^^^^^^^^^^
2026-07-24 14:39:27.599 |   File "/app/src/collectors/sqlserver.py", line 70, in connect
2026-07-24 14:39:27.599 |     conn = pymssql.connect(
2026-07-24 14:39:27.599 |            ^^^^^^^^^^^^^^^^
2026-07-24 14:39:27.599 |   File "src/pymssql/_pymssql.pyx", line 659, in pymssql._pymssql.connect
2026-07-24 14:39:27.599 | pymssql.exceptions.OperationalError: (20009, b'DB-Lib error message 20009, severity 9:\nUnable to connect: Adaptive Server is unavailable or does not exist (COSWINDE516D1)\n')
2026-07-24 14:39:27.599 | 2026-07-24 21:39:27,599 INFO 172.19.0.3 - "GET /metrics?target=hris-scl-engineering-db HTTP/1.1" 200 -
2026-07-24 14:39:31.782 | 2026-07-24 21:39:31,781 ERROR query 'size' failed for target 'hris-card-db'
2026-07-24 14:39:31.782 | Traceback (most recent call last):
2026-07-24 14:39:31.782 |   File "/app/src/collectors/base.py", line 52, in safe_collect_family
2026-07-24 14:39:31.782 |     result = builder()
2026-07-24 14:39:31.782 |              ^^^^^^^^^
2026-07-24 14:39:31.782 |   File "/app/src/collectors/postgres.py", line 94, in <lambda>
2026-07-24 14:39:31.782 |     ("size", lambda: self._size_family(cur)),
2026-07-24 14:39:31.782 |                      ^^^^^^^^^^^^^^^^^^^^^^
2026-07-24 14:39:31.782 |   File "/app/src/collectors/postgres.py", line 168, in _size_family
2026-07-24 14:39:31.782 |     cur.execute(_SIZE_SQL)
2026-07-24 14:39:31.782 |   File "/usr/local/lib/python3.12/site-packages/psycopg2/extras.py", line 146, in execute
2026-07-24 14:39:31.782 |     return super().execute(query, vars)
2026-07-24 14:39:31.782 |            ^^^^^^^^^^^^^^^^^^^^^^^^^^^^
2026-07-24 14:39:31.782 | psycopg2.errors.InsufficientPrivilege: permission denied for database rdsadmin
2026-07-24 14:39:31.782 | 
2026-07-24 14:39:31.782 | 2026-07-24 21:39:31,782 INFO 172.19.0.3 - "GET /metrics?target=hris-card-db HTTP/1.1" 200 -
2026-07-24 14:39:41.277 | 2026-07-24 21:39:41,277 ERROR query 'query_duration' failed for target 'hris-hims-db'
2026-07-24 14:39:41.277 | Traceback (most recent call last):
2026-07-24 14:39:41.277 |   File "/app/src/collectors/base.py", line 52, in safe_collect_family
2026-07-24 14:39:41.277 |     result = builder()
2026-07-24 14:39:41.277 |              ^^^^^^^^^
2026-07-24 14:39:41.277 |   File "/app/src/collectors/oracle.py", line 103, in <lambda>
2026-07-24 14:39:41.277 |     ("query_duration", lambda: self._query_duration_family(conn)),
2026-07-24 14:39:41.277 |                                ^^^^^^^^^^^^^^^^^^^^^^^^^^^^^^^^^
2026-07-24 14:39:41.277 |   File "/app/src/collectors/oracle.py", line 119, in _query_duration_family
2026-07-24 14:39:41.277 |     cur.execute(_QUERY_STATS_SQL)
2026-07-24 14:39:41.278 |   File "/usr/local/lib/python3.12/site-packages/oracledb/cursor.py", line 710, in execute
2026-07-24 14:39:41.278 |     impl.execute(self)
2026-07-24 14:39:41.278 |   File "src/oracledb/impl/thin/cursor.pyx", line 196, in oracledb.thin_impl.ThinCursorImpl.execute
2026-07-24 14:39:41.278 |   File "src/oracledb/impl/thin/protocol.pyx", line 440, in oracledb.thin_impl.Protocol._process_single_message
2026-07-24 14:39:41.278 |   File "src/oracledb/impl/thin/protocol.pyx", line 441, in oracledb.thin_impl.Protocol._process_single_message
2026-07-24 14:39:41.278 |   File "src/oracledb/impl/thin/protocol.pyx", line 433, in oracledb.thin_impl.Protocol._process_message
2026-07-24 14:39:41.278 |   File "src/oracledb/impl/thin/messages.pyx", line 74, in oracledb.thin_impl.Message._check_and_raise_exception
2026-07-24 14:39:41.278 | oracledb.exceptions.DatabaseError: ORA-00942: table or view does not exist
2026-07-24 14:39:41.278 | Help: https://docs.oracle.com/error-help/db/ora-00942/
2026-07-24 14:39:41.354 | 2026-07-24 21:39:41,354 INFO 172.19.0.3 - "GET /metrics?target=hris-hims-db HTTP/1.1" 200 -
2026-07-24 14:39:42.596 | 2026-07-24 21:39:42,595 ERROR scrape of target 'hris-scl-engineering-db' failed
2026-07-24 14:39:42.596 | Traceback (most recent call last):
2026-07-24 14:39:42.596 |   File "src/pymssql/_pymssql.pyx", line 650, in pymssql._pymssql.connect
2026-07-24 14:39:42.596 |   File "src/pymssql/_mssql.pyx", line 2158, in pymssql._mssql.connect
2026-07-24 14:39:42.596 |   File "src/pymssql/_mssql.pyx", line 712, in pymssql._mssql.MSSQLConnection.__init__
2026-07-24 14:39:42.596 |   File "src/pymssql/_mssql.pyx", line 1884, in pymssql._mssql.maybe_raise_MSSQLDatabaseException
2026-07-24 14:39:42.596 |   File "src/pymssql/_mssql.pyx", line 1901, in pymssql._mssql.raise_MSSQLDatabaseException
2026-07-24 14:39:42.596 | pymssql._mssql.MSSQLDatabaseException: (20009, b'DB-Lib error message 20009, severity 9:\nUnable to connect: Adaptive Server is unavailable or does not exist (COSWINDE516D1)\n')
2026-07-24 14:39:42.596 | 
2026-07-24 14:39:42.596 | During handling of the above exception, another exception occurred:
2026-07-24 14:39:42.596 | 
2026-07-24 14:39:42.596 | Traceback (most recent call last):
2026-07-24 14:39:42.596 |   File "/app/src/registry.py", line 74, in scrape
2026-07-24 14:39:42.596 |     families, had_partial_error = future.result(timeout=target.scrape_timeout_seconds)
2026-07-24 14:39:42.596 |                                   ^^^^^^^^^^^^^^^^^^^^^^^^^^^^^^^^^^^^^^^^^^^^^^^^^^^^
2026-07-24 14:39:42.596 |   File "/usr/local/lib/python3.12/concurrent/futures/_base.py", line 456, in result
2026-07-24 14:39:42.596 |     return self.__get_result()
2026-07-24 14:39:42.596 |            ^^^^^^^^^^^^^^^^^^^
2026-07-24 14:39:42.596 |   File "/usr/local/lib/python3.12/concurrent/futures/_base.py", line 401, in __get_result
2026-07-24 14:39:42.596 |     raise self._exception
2026-07-24 14:39:42.596 |   File "/usr/local/lib/python3.12/concurrent/futures/thread.py", line 59, in run
2026-07-24 14:39:42.596 |     result = self.fn(*self.args, **self.kwargs)
2026-07-24 14:39:42.596 |              ^^^^^^^^^^^^^^^^^^^^^^^^^^^^^^^^^^
2026-07-24 14:39:42.596 |   File "/app/src/registry.py", line 69, in _do_scrape
2026-07-24 14:39:42.596 |     conn = adapter.get_connection()
2026-07-24 14:39:42.596 |            ^^^^^^^^^^^^^^^^^^^^^^^^
2026-07-24 14:39:42.596 |   File "/app/src/collectors/base.py", line 65, in get_connection
2026-07-24 14:39:42.596 |     self._conn = self.connect()
2026-07-24 14:39:42.596 |                  ^^^^^^^^^^^^^^
2026-07-24 14:39:42.596 |   File "/app/src/collectors/sqlserver.py", line 70, in connect
2026-07-24 14:39:42.596 |     conn = pymssql.connect(
2026-07-24 14:39:42.596 |            ^^^^^^^^^^^^^^^^
2026-07-24 14:39:42.596 |   File "src/pymssql/_pymssql.pyx", line 659, in pymssql._pymssql.connect
2026-07-24 14:39:42.596 | pymssql.exceptions.OperationalError: (20009, b'DB-Lib error message 20009, severity 9:\nUnable to connect: Adaptive Server is unavailable or does not exist (COSWINDE516D1)\n')
2026-07-24 14:39:42.596 | 2026-07-24 21:39:42,596 INFO 172.19.0.3 - "GET /metrics?target=hris-scl-engineering-db HTTP/1.1" 200 -
2026-07-24 14:39:44.166 | 2026-07-24 21:39:44,165 INFO 127.0.0.1 - "GET /health HTTP/1.1" 200 -
2026-07-24 14:39:46.784 | 2026-07-24 21:39:46,783 ERROR query 'size' failed for target 'hris-card-db'
2026-07-24 14:39:46.784 | Traceback (most recent call last):
2026-07-24 14:39:46.784 |   File "/app/src/collectors/base.py", line 52, in safe_collect_family
2026-07-24 14:39:46.784 |     result = builder()
2026-07-24 14:39:46.784 |              ^^^^^^^^^
2026-07-24 14:39:46.784 |   File "/app/src/collectors/postgres.py", line 94, in <lambda>
2026-07-24 14:39:46.784 |     ("size", lambda: self._size_family(cur)),
2026-07-24 14:39:46.784 |                      ^^^^^^^^^^^^^^^^^^^^^^
2026-07-24 14:39:46.784 |   File "/app/src/collectors/postgres.py", line 168, in _size_family
2026-07-24 14:39:46.784 |     cur.execute(_SIZE_SQL)
2026-07-24 14:39:46.784 |   File "/usr/local/lib/python3.12/site-packages/psycopg2/extras.py", line 146, in execute
2026-07-24 14:39:46.784 |     return super().execute(query, vars)
2026-07-24 14:39:46.784 |            ^^^^^^^^^^^^^^^^^^^^^^^^^^^^
2026-07-24 14:39:46.784 | psycopg2.errors.InsufficientPrivilege: permission denied for database rdsadmin
2026-07-24 14:39:46.784 | 
2026-07-24 14:39:46.784 | 2026-07-24 21:39:46,784 INFO 172.19.0.3 - "GET /metrics?target=hris-card-db HTTP/1.1" 200 -
2026-07-24 14:39:56.277 | 2026-07-24 21:39:56,277 ERROR query 'query_duration' failed for target 'hris-hims-db'
2026-07-24 14:39:56.277 | Traceback (most recent call last):
2026-07-24 14:39:56.277 |   File "/app/src/collectors/base.py", line 52, in safe_collect_family
2026-07-24 14:39:56.277 |     result = builder()
2026-07-24 14:39:56.277 |              ^^^^^^^^^
2026-07-24 14:39:56.277 |   File "/app/src/collectors/oracle.py", line 103, in <lambda>
2026-07-24 14:39:56.277 |     ("query_duration", lambda: self._query_duration_family(conn)),
2026-07-24 14:39:56.277 |                                ^^^^^^^^^^^^^^^^^^^^^^^^^^^^^^^^^
2026-07-24 14:39:56.277 |   File "/app/src/collectors/oracle.py", line 119, in _query_duration_family
2026-07-24 14:39:56.277 |     cur.execute(_QUERY_STATS_SQL)
2026-07-24 14:39:56.277 |   File "/usr/local/lib/python3.12/site-packages/oracledb/cursor.py", line 710, in execute
2026-07-24 14:39:56.277 |     impl.execute(self)
2026-07-24 14:39:56.277 |   File "src/oracledb/impl/thin/cursor.pyx", line 196, in oracledb.thin_impl.ThinCursorImpl.execute
2026-07-24 14:39:56.277 |   File "src/oracledb/impl/thin/protocol.pyx", line 440, in oracledb.thin_impl.Protocol._process_single_message
2026-07-24 14:39:56.277 |   File "src/oracledb/impl/thin/protocol.pyx", line 441, in oracledb.thin_impl.Protocol._process_single_message
2026-07-24 14:39:56.277 |   File "src/oracledb/impl/thin/protocol.pyx", line 433, in oracledb.thin_impl.Protocol._process_message
2026-07-24 14:39:56.277 |   File "src/oracledb/impl/thin/messages.pyx", line 74, in oracledb.thin_impl.Message._check_and_raise_exception
2026-07-24 14:39:56.277 | oracledb.exceptions.DatabaseError: ORA-00942: table or view does not exist
2026-07-24 14:39:56.277 | Help: https://docs.oracle.com/error-help/db/ora-00942/
2026-07-24 14:39:56.362 | 2026-07-24 21:39:56,361 INFO 172.19.0.3 - "GET /metrics?target=hris-hims-db HTTP/1.1" 200 -
2026-07-24 14:39:57.598 | 2026-07-24 21:39:57,598 ERROR scrape of target 'hris-scl-engineering-db' failed
2026-07-24 14:39:57.598 | Traceback (most recent call last):
2026-07-24 14:39:57.598 |   File "src/pymssql/_pymssql.pyx", line 650, in pymssql._pymssql.connect
2026-07-24 14:39:57.598 |   File "src/pymssql/_mssql.pyx", line 2158, in pymssql._mssql.connect
2026-07-24 14:39:57.598 |   File "src/pymssql/_mssql.pyx", line 712, in pymssql._mssql.MSSQLConnection.__init__
2026-07-24 14:39:57.598 |   File "src/pymssql/_mssql.pyx", line 1884, in pymssql._mssql.maybe_raise_MSSQLDatabaseException
2026-07-24 14:39:57.598 |   File "src/pymssql/_mssql.pyx", line 1901, in pymssql._mssql.raise_MSSQLDatabaseException
2026-07-24 14:39:57.598 | pymssql._mssql.MSSQLDatabaseException: (20009, b'DB-Lib error message 20009, severity 9:\nUnable to connect: Adaptive Server is unavailable or does not exist (COSWINDE516D1)\n')
2026-07-24 14:39:57.598 | 
2026-07-24 14:39:57.598 | During handling of the above exception, another exception occurred:
2026-07-24 14:39:57.598 | 
2026-07-24 14:39:57.598 | Traceback (most recent call last):
2026-07-24 14:39:57.598 |   File "/app/src/registry.py", line 74, in scrape
2026-07-24 14:39:57.598 |     families, had_partial_error = future.result(timeout=target.scrape_timeout_seconds)
2026-07-24 14:39:57.598 |                                   ^^^^^^^^^^^^^^^^^^^^^^^^^^^^^^^^^^^^^^^^^^^^^^^^^^^^
2026-07-24 14:39:57.598 |   File "/usr/local/lib/python3.12/concurrent/futures/_base.py", line 456, in result
2026-07-24 14:39:57.598 |     return self.__get_result()
2026-07-24 14:39:57.598 |            ^^^^^^^^^^^^^^^^^^^
2026-07-24 14:39:57.598 |   File "/usr/local/lib/python3.12/concurrent/futures/_base.py", line 401, in __get_result
2026-07-24 14:39:57.598 |     raise self._exception
2026-07-24 14:39:57.598 |   File "/usr/local/lib/python3.12/concurrent/futures/thread.py", line 59, in run
2026-07-24 14:39:57.598 |     result = self.fn(*self.args, **self.kwargs)
2026-07-24 14:39:57.598 |              ^^^^^^^^^^^^^^^^^^^^^^^^^^^^^^^^^^
2026-07-24 14:39:57.598 |   File "/app/src/registry.py", line 69, in _do_scrape
2026-07-24 14:39:57.598 |     conn = adapter.get_connection()
2026-07-24 14:39:57.598 |            ^^^^^^^^^^^^^^^^^^^^^^^^
2026-07-24 14:39:57.598 |   File "/app/src/collectors/base.py", line 65, in get_connection
2026-07-24 14:39:57.598 |     self._conn = self.connect()
2026-07-24 14:39:57.598 |                  ^^^^^^^^^^^^^^
2026-07-24 14:39:57.598 |   File "/app/src/collectors/sqlserver.py", line 70, in connect
2026-07-24 14:39:57.598 |     conn = pymssql.connect(
2026-07-24 14:39:57.598 |            ^^^^^^^^^^^^^^^^
2026-07-24 14:39:57.598 |   File "src/pymssql/_pymssql.pyx", line 659, in pymssql._pymssql.connect
2026-07-24 14:39:57.598 | pymssql.exceptions.OperationalError: (20009, b'DB-Lib error message 20009, severity 9:\nUnable to connect: Adaptive Server is unavailable or does not exist (COSWINDE516D1)\n')
2026-07-24 14:39:57.598 | 2026-07-24 21:39:57,598 INFO 172.19.0.3 - "GET /metrics?target=hris-scl-engineering-db HTTP/1.1" 200 -
2026-07-24 14:40:01.837 | 2026-07-24 21:40:01,836 ERROR query 'size' failed for target 'hris-card-db'
2026-07-24 14:40:01.837 | Traceback (most recent call last):
2026-07-24 14:40:01.837 |   File "/app/src/collectors/base.py", line 52, in safe_collect_family
2026-07-24 14:40:01.837 |     result = builder()
2026-07-24 14:40:01.837 |              ^^^^^^^^^
2026-07-24 14:40:01.837 |   File "/app/src/collectors/postgres.py", line 94, in <lambda>
2026-07-24 14:40:01.837 |     ("size", lambda: self._size_family(cur)),
2026-07-24 14:40:01.837 |                      ^^^^^^^^^^^^^^^^^^^^^^
2026-07-24 14:40:01.837 |   File "/app/src/collectors/postgres.py", line 168, in _size_family
2026-07-24 14:40:01.837 |     cur.execute(_SIZE_SQL)
2026-07-24 14:40:01.837 |   File "/usr/local/lib/python3.12/site-packages/psycopg2/extras.py", line 146, in execute
2026-07-24 14:40:01.837 |     return super().execute(query, vars)
2026-07-24 14:40:01.837 |            ^^^^^^^^^^^^^^^^^^^^^^^^^^^^
2026-07-24 14:40:01.837 | psycopg2.errors.InsufficientPrivilege: permission denied for database rdsadmin
2026-07-24 14:40:01.837 | 
2026-07-24 14:40:01.837 | 2026-07-24 21:40:01,837 INFO 172.19.0.3 - "GET /metrics?target=hris-card-db HTTP/1.1" 200 -
2026-07-24 14:40:11.277 | 2026-07-24 21:40:11,276 ERROR query 'query_duration' failed for target 'hris-hims-db'
2026-07-24 14:40:11.277 | Traceback (most recent call last):
2026-07-24 14:40:11.277 |   File "/app/src/collectors/base.py", line 52, in safe_collect_family
2026-07-24 14:40:11.277 |     result = builder()
2026-07-24 14:40:11.277 |              ^^^^^^^^^
2026-07-24 14:40:11.277 |   File "/app/src/collectors/oracle.py", line 103, in <lambda>
2026-07-24 14:40:11.277 |     ("query_duration", lambda: self._query_duration_family(conn)),
2026-07-24 14:40:11.277 |                                ^^^^^^^^^^^^^^^^^^^^^^^^^^^^^^^^^
2026-07-24 14:40:11.277 |   File "/app/src/collectors/oracle.py", line 119, in _query_duration_family
2026-07-24 14:40:11.277 |     cur.execute(_QUERY_STATS_SQL)
2026-07-24 14:40:11.277 |   File "/usr/local/lib/python3.12/site-packages/oracledb/cursor.py", line 710, in execute
2026-07-24 14:40:11.277 |     impl.execute(self)
2026-07-24 14:40:11.277 |   File "src/oracledb/impl/thin/cursor.pyx", line 196, in oracledb.thin_impl.ThinCursorImpl.execute
2026-07-24 14:40:11.277 |   File "src/oracledb/impl/thin/protocol.pyx", line 440, in oracledb.thin_impl.Protocol._process_single_message
2026-07-24 14:40:11.277 |   File "src/oracledb/impl/thin/protocol.pyx", line 441, in oracledb.thin_impl.Protocol._process_single_message
2026-07-24 14:40:11.277 |   File "src/oracledb/impl/thin/protocol.pyx", line 433, in oracledb.thin_impl.Protocol._process_message
2026-07-24 14:40:11.277 |   File "src/oracledb/impl/thin/messages.pyx", line 74, in oracledb.thin_impl.Message._check_and_raise_exception
2026-07-24 14:40:11.277 | oracledb.exceptions.DatabaseError: ORA-00942: table or view does not exist
2026-07-24 14:40:11.277 | Help: https://docs.oracle.com/error-help/db/ora-00942/
2026-07-24 14:40:11.351 | 2026-07-24 21:40:11,350 INFO 172.19.0.3 - "GET /metrics?target=hris-hims-db HTTP/1.1" 200 -
2026-07-24 14:40:12.599 | 2026-07-24 21:40:12,598 ERROR scrape of target 'hris-scl-engineering-db' failed
2026-07-24 14:40:12.599 | Traceback (most recent call last):
2026-07-24 14:40:12.599 |   File "src/pymssql/_pymssql.pyx", line 650, in pymssql._pymssql.connect
2026-07-24 14:40:12.599 |   File "src/pymssql/_mssql.pyx", line 2158, in pymssql._mssql.connect
2026-07-24 14:40:12.599 |   File "src/pymssql/_mssql.pyx", line 712, in pymssql._mssql.MSSQLConnection.__init__
2026-07-24 14:40:12.599 |   File "src/pymssql/_mssql.pyx", line 1884, in pymssql._mssql.maybe_raise_MSSQLDatabaseException
2026-07-24 14:40:12.599 |   File "src/pymssql/_mssql.pyx", line 1901, in pymssql._mssql.raise_MSSQLDatabaseException
2026-07-24 14:40:12.599 | pymssql._mssql.MSSQLDatabaseException: (20009, b'DB-Lib error message 20009, severity 9:\nUnable to connect: Adaptive Server is unavailable or does not exist (COSWINDE516D1)\n')
2026-07-24 14:40:12.599 | 
2026-07-24 14:40:12.599 | During handling of the above exception, another exception occurred:
2026-07-24 14:40:12.599 | 
2026-07-24 14:40:12.599 | Traceback (most recent call last):
2026-07-24 14:40:12.599 |   File "/app/src/registry.py", line 74, in scrape
2026-07-24 14:40:12.599 |     families, had_partial_error = future.result(timeout=target.scrape_timeout_seconds)
2026-07-24 14:40:12.599 |                                   ^^^^^^^^^^^^^^^^^^^^^^^^^^^^^^^^^^^^^^^^^^^^^^^^^^^^
2026-07-24 14:40:12.599 |   File "/usr/local/lib/python3.12/concurrent/futures/_base.py", line 456, in result
2026-07-24 14:40:12.599 |     return self.__get_result()
2026-07-24 14:40:12.599 |            ^^^^^^^^^^^^^^^^^^^
2026-07-24 14:40:12.599 |   File "/usr/local/lib/python3.12/concurrent/futures/_base.py", line 401, in __get_result
2026-07-24 14:40:12.599 |     raise self._exception
2026-07-24 14:40:12.599 |   File "/usr/local/lib/python3.12/concurrent/futures/thread.py", line 59, in run
2026-07-24 14:40:12.599 |     result = self.fn(*self.args, **self.kwargs)
2026-07-24 14:40:12.599 |              ^^^^^^^^^^^^^^^^^^^^^^^^^^^^^^^^^^
2026-07-24 14:40:12.599 |   File "/app/src/registry.py", line 69, in _do_scrape
2026-07-24 14:40:12.599 |     conn = adapter.get_connection()
2026-07-24 14:40:12.599 |            ^^^^^^^^^^^^^^^^^^^^^^^^
2026-07-24 14:40:12.599 |   File "/app/src/collectors/base.py", line 65, in get_connection
2026-07-24 14:40:12.599 |     self._conn = self.connect()
2026-07-24 14:40:12.599 |                  ^^^^^^^^^^^^^^
2026-07-24 14:40:12.599 |   File "/app/src/collectors/sqlserver.py", line 70, in connect
2026-07-24 14:40:12.599 |     conn = pymssql.connect(
2026-07-24 14:40:12.599 |            ^^^^^^^^^^^^^^^^
2026-07-24 14:40:12.599 |   File "src/pymssql/_pymssql.pyx", line 659, in pymssql._pymssql.connect
2026-07-24 14:40:12.599 | pymssql.exceptions.OperationalError: (20009, b'DB-Lib error message 20009, severity 9:\nUnable to connect: Adaptive Server is unavailable or does not exist (COSWINDE516D1)\n')
2026-07-24 14:40:12.599 | 2026-07-24 21:40:12,599 INFO 172.19.0.3 - "GET /metrics?target=hris-scl-engineering-db HTTP/1.1" 200 -
2026-07-24 14:40:14.276 | 2026-07-24 21:40:14,276 INFO 127.0.0.1 - "GET /health HTTP/1.1" 200 -
2026-07-24 14:40:16.782 | 2026-07-24 21:40:16,781 ERROR query 'size' failed for target 'hris-card-db'
2026-07-24 14:40:16.782 | Traceback (most recent call last):
2026-07-24 14:40:16.782 |   File "/app/src/collectors/base.py", line 52, in safe_collect_family
2026-07-24 14:40:16.782 |     result = builder()
2026-07-24 14:40:16.782 |              ^^^^^^^^^
2026-07-24 14:40:16.782 |   File "/app/src/collectors/postgres.py", line 94, in <lambda>
2026-07-24 14:40:16.782 |     ("size", lambda: self._size_family(cur)),
2026-07-24 14:40:16.782 |                      ^^^^^^^^^^^^^^^^^^^^^^
2026-07-24 14:40:16.782 |   File "/app/src/collectors/postgres.py", line 168, in _size_family
2026-07-24 14:40:16.782 |     cur.execute(_SIZE_SQL)
2026-07-24 14:40:16.782 |   File "/usr/local/lib/python3.12/site-packages/psycopg2/extras.py", line 146, in execute
2026-07-24 14:40:16.782 |     return super().execute(query, vars)
2026-07-24 14:40:16.782 |            ^^^^^^^^^^^^^^^^^^^^^^^^^^^^
2026-07-24 14:40:16.782 | psycopg2.errors.InsufficientPrivilege: permission denied for database rdsadmin
2026-07-24 14:40:16.782 | 
2026-07-24 14:40:16.782 | 2026-07-24 21:40:16,782 INFO 172.19.0.3 - "GET /metrics?target=hris-card-db HTTP/1.1" 200 -
2026-07-24 14:40:26.280 | 2026-07-24 21:40:26,279 ERROR query 'query_duration' failed for target 'hris-hims-db'
2026-07-24 14:40:26.280 | Traceback (most recent call last):
2026-07-24 14:40:26.280 |   File "/app/src/collectors/base.py", line 52, in safe_collect_family
2026-07-24 14:40:26.280 |     result = builder()
2026-07-24 14:40:26.280 |              ^^^^^^^^^
2026-07-24 14:40:26.280 |   File "/app/src/collectors/oracle.py", line 103, in <lambda>
2026-07-24 14:40:26.280 |     ("query_duration", lambda: self._query_duration_family(conn)),
2026-07-24 14:40:26.280 |                                ^^^^^^^^^^^^^^^^^^^^^^^^^^^^^^^^^
2026-07-24 14:40:26.280 |   File "/app/src/collectors/oracle.py", line 119, in _query_duration_family
2026-07-24 14:40:26.280 |     cur.execute(_QUERY_STATS_SQL)
2026-07-24 14:40:26.280 |   File "/usr/local/lib/python3.12/site-packages/oracledb/cursor.py", line 710, in execute
2026-07-24 14:40:26.280 |     impl.execute(self)
2026-07-24 14:40:26.280 |   File "src/oracledb/impl/thin/cursor.pyx", line 196, in oracledb.thin_impl.ThinCursorImpl.execute
2026-07-24 14:40:26.280 |   File "src/oracledb/impl/thin/protocol.pyx", line 440, in oracledb.thin_impl.Protocol._process_single_message
2026-07-24 14:40:26.280 |   File "src/oracledb/impl/thin/protocol.pyx", line 441, in oracledb.thin_impl.Protocol._process_single_message
2026-07-24 14:40:26.280 |   File "src/oracledb/impl/thin/protocol.pyx", line 433, in oracledb.thin_impl.Protocol._process_message
2026-07-24 14:40:26.280 |   File "src/oracledb/impl/thin/messages.pyx", line 74, in oracledb.thin_impl.Message._check_and_raise_exception
2026-07-24 14:40:26.280 | oracledb.exceptions.DatabaseError: ORA-00942: table or view does not exist
2026-07-24 14:40:26.280 | Help: https://docs.oracle.com/error-help/db/ora-00942/
2026-07-24 14:40:26.364 | 2026-07-24 21:40:26,364 INFO 172.19.0.3 - "GET /metrics?target=hris-hims-db HTTP/1.1" 200 -
2026-07-24 14:40:27.598 | 2026-07-24 21:40:27,597 ERROR scrape of target 'hris-scl-engineering-db' failed
2026-07-24 14:40:27.598 | Traceback (most recent call last):
2026-07-24 14:40:27.598 |   File "src/pymssql/_pymssql.pyx", line 650, in pymssql._pymssql.connect
2026-07-24 14:40:27.598 |   File "src/pymssql/_mssql.pyx", line 2158, in pymssql._mssql.connect
2026-07-24 14:40:27.598 |   File "src/pymssql/_mssql.pyx", line 712, in pymssql._mssql.MSSQLConnection.__init__
2026-07-24 14:40:27.598 |   File "src/pymssql/_mssql.pyx", line 1884, in pymssql._mssql.maybe_raise_MSSQLDatabaseException
2026-07-24 14:40:27.598 |   File "src/pymssql/_mssql.pyx", line 1901, in pymssql._mssql.raise_MSSQLDatabaseException
2026-07-24 14:40:27.598 | pymssql._mssql.MSSQLDatabaseException: (20009, b'DB-Lib error message 20009, severity 9:\nUnable to connect: Adaptive Server is unavailable or does not exist (COSWINDE516D1)\n')
2026-07-24 14:40:27.598 | 
2026-07-24 14:40:27.598 | During handling of the above exception, another exception occurred:
2026-07-24 14:40:27.598 | 
2026-07-24 14:40:27.598 | Traceback (most recent call last):
2026-07-24 14:40:27.598 |   File "/app/src/registry.py", line 74, in scrape
2026-07-24 14:40:27.598 |     families, had_partial_error = future.result(timeout=target.scrape_timeout_seconds)
2026-07-24 14:40:27.598 |                                   ^^^^^^^^^^^^^^^^^^^^^^^^^^^^^^^^^^^^^^^^^^^^^^^^^^^^
2026-07-24 14:40:27.598 |   File "/usr/local/lib/python3.12/concurrent/futures/_base.py", line 456, in result
2026-07-24 14:40:27.598 |     return self.__get_result()
2026-07-24 14:40:27.598 |            ^^^^^^^^^^^^^^^^^^^
2026-07-24 14:40:27.598 |   File "/usr/local/lib/python3.12/concurrent/futures/_base.py", line 401, in __get_result
2026-07-24 14:40:27.598 |     raise self._exception
2026-07-24 14:40:27.598 |   File "/usr/local/lib/python3.12/concurrent/futures/thread.py", line 59, in run
2026-07-24 14:40:27.598 |     result = self.fn(*self.args, **self.kwargs)
2026-07-24 14:40:27.598 |              ^^^^^^^^^^^^^^^^^^^^^^^^^^^^^^^^^^
2026-07-24 14:40:27.598 |   File "/app/src/registry.py", line 69, in _do_scrape
2026-07-24 14:40:27.598 |     conn = adapter.get_connection()
2026-07-24 14:40:27.598 |            ^^^^^^^^^^^^^^^^^^^^^^^^
2026-07-24 14:40:27.598 |   File "/app/src/collectors/base.py", line 65, in get_connection
2026-07-24 14:40:27.598 |     self._conn = self.connect()
2026-07-24 14:40:27.598 |                  ^^^^^^^^^^^^^^
2026-07-24 14:40:27.598 |   File "/app/src/collectors/sqlserver.py", line 70, in connect
2026-07-24 14:40:27.598 |     conn = pymssql.connect(
2026-07-24 14:40:27.598 |            ^^^^^^^^^^^^^^^^
2026-07-24 14:40:27.598 |   File "src/pymssql/_pymssql.pyx", line 659, in pymssql._pymssql.connect
2026-07-24 14:40:27.598 | pymssql.exceptions.OperationalError: (20009, b'DB-Lib error message 20009, severity 9:\nUnable to connect: Adaptive Server is unavailable or does not exist (COSWINDE516D1)\n')
2026-07-24 14:40:27.598 | 2026-07-24 21:40:27,598 INFO 172.19.0.3 - "GET /metrics?target=hris-scl-engineering-db HTTP/1.1" 200 -
2026-07-24 14:40:31.783 | 2026-07-24 21:40:31,782 ERROR query 'size' failed for target 'hris-card-db'
2026-07-24 14:40:31.783 | Traceback (most recent call last):
2026-07-24 14:40:31.783 |   File "/app/src/collectors/base.py", line 52, in safe_collect_family
2026-07-24 14:40:31.783 |     result = builder()
2026-07-24 14:40:31.783 |              ^^^^^^^^^
2026-07-24 14:40:31.783 |   File "/app/src/collectors/postgres.py", line 94, in <lambda>
2026-07-24 14:40:31.783 |     ("size", lambda: self._size_family(cur)),
2026-07-24 14:40:31.783 |                      ^^^^^^^^^^^^^^^^^^^^^^
2026-07-24 14:40:31.783 |   File "/app/src/collectors/postgres.py", line 168, in _size_family
2026-07-24 14:40:31.783 |     cur.execute(_SIZE_SQL)
2026-07-24 14:40:31.783 |   File "/usr/local/lib/python3.12/site-packages/psycopg2/extras.py", line 146, in execute
2026-07-24 14:40:31.783 |     return super().execute(query, vars)
2026-07-24 14:40:31.783 |            ^^^^^^^^^^^^^^^^^^^^^^^^^^^^
2026-07-24 14:40:31.783 | psycopg2.errors.InsufficientPrivilege: permission denied for database rdsadmin
2026-07-24 14:40:31.783 | 
2026-07-24 14:40:31.783 | 2026-07-24 21:40:31,783 INFO 172.19.0.3 - "GET /metrics?target=hris-card-db HTTP/1.1" 200 -
2026-07-24 14:40:41.279 | 2026-07-24 21:40:41,278 ERROR query 'query_duration' failed for target 'hris-hims-db'
2026-07-24 14:40:41.279 | Traceback (most recent call last):
2026-07-24 14:40:41.279 |   File "/app/src/collectors/base.py", line 52, in safe_collect_family
2026-07-24 14:40:41.279 |     result = builder()
2026-07-24 14:40:41.279 |              ^^^^^^^^^
2026-07-24 14:40:41.279 |   File "/app/src/collectors/oracle.py", line 103, in <lambda>
2026-07-24 14:40:41.279 |     ("query_duration", lambda: self._query_duration_family(conn)),
2026-07-24 14:40:41.279 |                                ^^^^^^^^^^^^^^^^^^^^^^^^^^^^^^^^^
2026-07-24 14:40:41.279 |   File "/app/src/collectors/oracle.py", line 119, in _query_duration_family
2026-07-24 14:40:41.279 |     cur.execute(_QUERY_STATS_SQL)
2026-07-24 14:40:41.279 |   File "/usr/local/lib/python3.12/site-packages/oracledb/cursor.py", line 710, in execute
2026-07-24 14:40:41.279 |     impl.execute(self)
2026-07-24 14:40:41.279 |   File "src/oracledb/impl/thin/cursor.pyx", line 196, in oracledb.thin_impl.ThinCursorImpl.execute
2026-07-24 14:40:41.279 |   File "src/oracledb/impl/thin/protocol.pyx", line 440, in oracledb.thin_impl.Protocol._process_single_message
2026-07-24 14:40:41.279 |   File "src/oracledb/impl/thin/protocol.pyx", line 441, in oracledb.thin_impl.Protocol._process_single_message
2026-07-24 14:40:41.279 |   File "src/oracledb/impl/thin/protocol.pyx", line 433, in oracledb.thin_impl.Protocol._process_message
2026-07-24 14:40:41.279 |   File "src/oracledb/impl/thin/messages.pyx", line 74, in oracledb.thin_impl.Message._check_and_raise_exception
2026-07-24 14:40:41.279 | oracledb.exceptions.DatabaseError: ORA-00942: table or view does not exist
2026-07-24 14:40:41.279 | Help: https://docs.oracle.com/error-help/db/ora-00942/
2026-07-24 14:40:41.354 | 2026-07-24 21:40:41,354 INFO 172.19.0.3 - "GET /metrics?target=hris-hims-db HTTP/1.1" 200 -
2026-07-24 14:40:42.599 | 2026-07-24 21:40:42,598 ERROR scrape of target 'hris-scl-engineering-db' failed
2026-07-24 14:40:42.599 | Traceback (most recent call last):
2026-07-24 14:40:42.599 |   File "src/pymssql/_pymssql.pyx", line 650, in pymssql._pymssql.connect
2026-07-24 14:40:42.599 |   File "src/pymssql/_mssql.pyx", line 2158, in pymssql._mssql.connect
2026-07-24 14:40:42.599 |   File "src/pymssql/_mssql.pyx", line 712, in pymssql._mssql.MSSQLConnection.__init__
2026-07-24 14:40:42.599 |   File "src/pymssql/_mssql.pyx", line 1884, in pymssql._mssql.maybe_raise_MSSQLDatabaseException
2026-07-24 14:40:42.599 |   File "src/pymssql/_mssql.pyx", line 1901, in pymssql._mssql.raise_MSSQLDatabaseException
2026-07-24 14:40:42.599 | pymssql._mssql.MSSQLDatabaseException: (20009, b'DB-Lib error message 20009, severity 9:\nUnable to connect: Adaptive Server is unavailable or does not exist (COSWINDE516D1)\n')
2026-07-24 14:40:42.599 | 
2026-07-24 14:40:42.599 | During handling of the above exception, another exception occurred:
2026-07-24 14:40:42.599 | 
2026-07-24 14:40:42.599 | Traceback (most recent call last):
2026-07-24 14:40:42.599 |   File "/app/src/registry.py", line 74, in scrape
2026-07-24 14:40:42.599 |     families, had_partial_error = future.result(timeout=target.scrape_timeout_seconds)
2026-07-24 14:40:42.599 |                                   ^^^^^^^^^^^^^^^^^^^^^^^^^^^^^^^^^^^^^^^^^^^^^^^^^^^^
2026-07-24 14:40:42.599 |   File "/usr/local/lib/python3.12/concurrent/futures/_base.py", line 456, in result
2026-07-24 14:40:42.599 |     return self.__get_result()
2026-07-24 14:40:42.599 |            ^^^^^^^^^^^^^^^^^^^
2026-07-24 14:40:42.599 |   File "/usr/local/lib/python3.12/concurrent/futures/_base.py", line 401, in __get_result
2026-07-24 14:40:42.599 |     raise self._exception
2026-07-24 14:40:42.599 |   File "/usr/local/lib/python3.12/concurrent/futures/thread.py", line 59, in run
2026-07-24 14:40:42.599 |     result = self.fn(*self.args, **self.kwargs)
2026-07-24 14:40:42.599 |              ^^^^^^^^^^^^^^^^^^^^^^^^^^^^^^^^^^
2026-07-24 14:40:42.599 |   File "/app/src/registry.py", line 69, in _do_scrape
2026-07-24 14:40:42.599 |     conn = adapter.get_connection()
2026-07-24 14:40:42.599 |            ^^^^^^^^^^^^^^^^^^^^^^^^
2026-07-24 14:40:42.599 |   File "/app/src/collectors/base.py", line 65, in get_connection
2026-07-24 14:40:42.599 |     self._conn = self.connect()
2026-07-24 14:40:42.599 |                  ^^^^^^^^^^^^^^
2026-07-24 14:40:42.599 |   File "/app/src/collectors/sqlserver.py", line 70, in connect
2026-07-24 14:40:42.599 |     conn = pymssql.connect(
2026-07-24 14:40:42.599 |            ^^^^^^^^^^^^^^^^
2026-07-24 14:40:42.599 |   File "src/pymssql/_pymssql.pyx", line 659, in pymssql._pymssql.connect
2026-07-24 14:40:42.599 | pymssql.exceptions.OperationalError: (20009, b'DB-Lib error message 20009, severity 9:\nUnable to connect: Adaptive Server is unavailable or does not exist (COSWINDE516D1)\n')
2026-07-24 14:40:42.599 | 2026-07-24 21:40:42,599 INFO 172.19.0.3 - "GET /metrics?target=hris-scl-engineering-db HTTP/1.1" 200 -
2026-07-24 14:40:44.379 | 2026-07-24 21:40:44,379 INFO 127.0.0.1 - "GET /health HTTP/1.1" 200 -
2026-07-24 14:40:46.781 | 2026-07-24 21:40:46,781 ERROR query 'size' failed for target 'hris-card-db'
2026-07-24 14:40:46.781 | Traceback (most recent call last):
2026-07-24 14:40:46.781 |   File "/app/src/collectors/base.py", line 52, in safe_collect_family
2026-07-24 14:40:46.781 |     result = builder()
2026-07-24 14:40:46.781 |              ^^^^^^^^^
2026-07-24 14:40:46.781 |   File "/app/src/collectors/postgres.py", line 94, in <lambda>
2026-07-24 14:40:46.781 |     ("size", lambda: self._size_family(cur)),
2026-07-24 14:40:46.781 |                      ^^^^^^^^^^^^^^^^^^^^^^
2026-07-24 14:40:46.781 |   File "/app/src/collectors/postgres.py", line 168, in _size_family
2026-07-24 14:40:46.781 |     cur.execute(_SIZE_SQL)
2026-07-24 14:40:46.781 |   File "/usr/local/lib/python3.12/site-packages/psycopg2/extras.py", line 146, in execute
2026-07-24 14:40:46.781 |     return super().execute(query, vars)
2026-07-24 14:40:46.781 |            ^^^^^^^^^^^^^^^^^^^^^^^^^^^^
2026-07-24 14:40:46.781 | psycopg2.errors.InsufficientPrivilege: permission denied for database rdsadmin
2026-07-24 14:40:46.781 | 
2026-07-24 14:40:46.782 | 2026-07-24 21:40:46,781 INFO 172.19.0.3 - "GET /metrics?target=hris-card-db HTTP/1.1" 200 -
2026-07-24 14:40:56.278 | 2026-07-24 21:40:56,277 ERROR query 'query_duration' failed for target 'hris-hims-db'
2026-07-24 14:40:56.278 | Traceback (most recent call last):
2026-07-24 14:40:56.278 |   File "/app/src/collectors/base.py", line 52, in safe_collect_family
2026-07-24 14:40:56.278 |     result = builder()
2026-07-24 14:40:56.278 |              ^^^^^^^^^
2026-07-24 14:40:56.278 |   File "/app/src/collectors/oracle.py", line 103, in <lambda>
2026-07-24 14:40:56.278 |     ("query_duration", lambda: self._query_duration_family(conn)),
2026-07-24 14:40:56.278 |                                ^^^^^^^^^^^^^^^^^^^^^^^^^^^^^^^^^
2026-07-24 14:40:56.278 |   File "/app/src/collectors/oracle.py", line 119, in _query_duration_family
2026-07-24 14:40:56.278 |     cur.execute(_QUERY_STATS_SQL)
2026-07-24 14:40:56.278 |   File "/usr/local/lib/python3.12/site-packages/oracledb/cursor.py", line 710, in execute
2026-07-24 14:40:56.278 |     impl.execute(self)
2026-07-24 14:40:56.278 |   File "src/oracledb/impl/thin/cursor.pyx", line 196, in oracledb.thin_impl.ThinCursorImpl.execute
2026-07-24 14:40:56.278 |   File "src/oracledb/impl/thin/protocol.pyx", line 440, in oracledb.thin_impl.Protocol._process_single_message
2026-07-24 14:40:56.278 |   File "src/oracledb/impl/thin/protocol.pyx", line 441, in oracledb.thin_impl.Protocol._process_single_message
2026-07-24 14:40:56.278 |   File "src/oracledb/impl/thin/protocol.pyx", line 433, in oracledb.thin_impl.Protocol._process_message
2026-07-24 14:40:56.278 |   File "src/oracledb/impl/thin/messages.pyx", line 74, in oracledb.thin_impl.Message._check_and_raise_exception
2026-07-24 14:40:56.278 | oracledb.exceptions.DatabaseError: ORA-00942: table or view does not exist
2026-07-24 14:40:56.278 | Help: https://docs.oracle.com/error-help/db/ora-00942/
2026-07-24 14:40:56.355 | 2026-07-24 21:40:56,355 INFO 172.19.0.3 - "GET /metrics?target=hris-hims-db HTTP/1.1" 200 -
2026-07-24 14:40:57.597 | 2026-07-24 21:40:57,596 ERROR scrape of target 'hris-scl-engineering-db' failed
2026-07-24 14:40:57.597 | Traceback (most recent call last):
2026-07-24 14:40:57.597 |   File "src/pymssql/_pymssql.pyx", line 650, in pymssql._pymssql.connect
2026-07-24 14:40:57.597 |   File "src/pymssql/_mssql.pyx", line 2158, in pymssql._mssql.connect
2026-07-24 14:40:57.597 |   File "src/pymssql/_mssql.pyx", line 712, in pymssql._mssql.MSSQLConnection.__init__
2026-07-24 14:40:57.597 |   File "src/pymssql/_mssql.pyx", line 1884, in pymssql._mssql.maybe_raise_MSSQLDatabaseException
2026-07-24 14:40:57.597 |   File "src/pymssql/_mssql.pyx", line 1901, in pymssql._mssql.raise_MSSQLDatabaseException
2026-07-24 14:40:57.597 | pymssql._mssql.MSSQLDatabaseException: (20009, b'DB-Lib error message 20009, severity 9:\nUnable to connect: Adaptive Server is unavailable or does not exist (COSWINDE516D1)\n')
2026-07-24 14:40:57.597 | 
2026-07-24 14:40:57.597 | During handling of the above exception, another exception occurred:
2026-07-24 14:40:57.597 | 
2026-07-24 14:40:57.597 | Traceback (most recent call last):
2026-07-24 14:40:57.597 |   File "/app/src/registry.py", line 74, in scrape
2026-07-24 14:40:57.597 |     families, had_partial_error = future.result(timeout=target.scrape_timeout_seconds)
2026-07-24 14:40:57.597 |                                   ^^^^^^^^^^^^^^^^^^^^^^^^^^^^^^^^^^^^^^^^^^^^^^^^^^^^
2026-07-24 14:40:57.597 |   File "/usr/local/lib/python3.12/concurrent/futures/_base.py", line 456, in result
2026-07-24 14:40:57.597 |     return self.__get_result()
2026-07-24 14:40:57.597 |            ^^^^^^^^^^^^^^^^^^^
2026-07-24 14:40:57.597 |   File "/usr/local/lib/python3.12/concurrent/futures/_base.py", line 401, in __get_result
2026-07-24 14:40:57.597 |     raise self._exception
2026-07-24 14:40:57.597 |   File "/usr/local/lib/python3.12/concurrent/futures/thread.py", line 59, in run
2026-07-24 14:40:57.597 |     result = self.fn(*self.args, **self.kwargs)
2026-07-24 14:40:57.597 |              ^^^^^^^^^^^^^^^^^^^^^^^^^^^^^^^^^^
2026-07-24 14:40:57.597 |   File "/app/src/registry.py", line 69, in _do_scrape
2026-07-24 14:40:57.597 |     conn = adapter.get_connection()
2026-07-24 14:40:57.597 |            ^^^^^^^^^^^^^^^^^^^^^^^^
2026-07-24 14:40:57.597 |   File "/app/src/collectors/base.py", line 65, in get_connection
2026-07-24 14:40:57.597 |     self._conn = self.connect()
2026-07-24 14:40:57.597 |                  ^^^^^^^^^^^^^^
2026-07-24 14:40:57.597 |   File "/app/src/collectors/sqlserver.py", line 70, in connect
2026-07-24 14:40:57.597 |     conn = pymssql.connect(
2026-07-24 14:40:57.597 |            ^^^^^^^^^^^^^^^^
2026-07-24 14:40:57.597 |   File "src/pymssql/_pymssql.pyx", line 659, in pymssql._pymssql.connect
2026-07-24 14:40:57.597 | pymssql.exceptions.OperationalError: (20009, b'DB-Lib error message 20009, severity 9:\nUnable to connect: Adaptive Server is unavailable or does not exist (COSWINDE516D1)\n')
2026-07-24 14:40:57.597 | 2026-07-24 21:40:57,597 INFO 172.19.0.3 - "GET /metrics?target=hris-scl-engineering-db HTTP/1.1" 200 -
2026-07-24 14:41:01.841 | 2026-07-24 21:41:01,840 ERROR query 'size' failed for target 'hris-card-db'
2026-07-24 14:41:01.841 | Traceback (most recent call last):
2026-07-24 14:41:01.841 |   File "/app/src/collectors/base.py", line 52, in safe_collect_family
2026-07-24 14:41:01.841 |     result = builder()
2026-07-24 14:41:01.841 |              ^^^^^^^^^
2026-07-24 14:41:01.841 |   File "/app/src/collectors/postgres.py", line 94, in <lambda>
2026-07-24 14:41:01.841 |     ("size", lambda: self._size_family(cur)),
2026-07-24 14:41:01.841 |                      ^^^^^^^^^^^^^^^^^^^^^^
2026-07-24 14:41:01.841 |   File "/app/src/collectors/postgres.py", line 168, in _size_family
2026-07-24 14:41:01.841 |     cur.execute(_SIZE_SQL)
2026-07-24 14:41:01.841 |   File "/usr/local/lib/python3.12/site-packages/psycopg2/extras.py", line 146, in execute
2026-07-24 14:41:01.841 |     return super().execute(query, vars)
2026-07-24 14:41:01.841 |            ^^^^^^^^^^^^^^^^^^^^^^^^^^^^
2026-07-24 14:41:01.841 | psycopg2.errors.InsufficientPrivilege: permission denied for database rdsadmin
2026-07-24 14:41:01.841 | 
2026-07-24 14:41:01.841 | 2026-07-24 21:41:01,841 INFO 172.19.0.3 - "GET /metrics?target=hris-card-db HTTP/1.1" 200 -
2026-07-24 14:41:11.278 | 2026-07-24 21:41:11,277 ERROR query 'query_duration' failed for target 'hris-hims-db'
2026-07-24 14:41:11.278 | Traceback (most recent call last):
2026-07-24 14:41:11.278 |   File "/app/src/collectors/base.py", line 52, in safe_collect_family
2026-07-24 14:41:11.278 |     result = builder()
2026-07-24 14:41:11.278 |              ^^^^^^^^^
2026-07-24 14:41:11.278 |   File "/app/src/collectors/oracle.py", line 103, in <lambda>
2026-07-24 14:41:11.278 |     ("query_duration", lambda: self._query_duration_family(conn)),
2026-07-24 14:41:11.278 |                                ^^^^^^^^^^^^^^^^^^^^^^^^^^^^^^^^^
2026-07-24 14:41:11.278 |   File "/app/src/collectors/oracle.py", line 119, in _query_duration_family
2026-07-24 14:41:11.278 |     cur.execute(_QUERY_STATS_SQL)
2026-07-24 14:41:11.278 |   File "/usr/local/lib/python3.12/site-packages/oracledb/cursor.py", line 710, in execute
2026-07-24 14:41:11.278 |     impl.execute(self)
2026-07-24 14:41:11.278 |   File "src/oracledb/impl/thin/cursor.pyx", line 196, in oracledb.thin_impl.ThinCursorImpl.execute
2026-07-24 14:41:11.278 |   File "src/oracledb/impl/thin/protocol.pyx", line 440, in oracledb.thin_impl.Protocol._process_single_message
2026-07-24 14:41:11.278 |   File "src/oracledb/impl/thin/protocol.pyx", line 441, in oracledb.thin_impl.Protocol._process_single_message
2026-07-24 14:41:11.278 |   File "src/oracledb/impl/thin/protocol.pyx", line 433, in oracledb.thin_impl.Protocol._process_message
2026-07-24 14:41:11.278 |   File "src/oracledb/impl/thin/messages.pyx", line 74, in oracledb.thin_impl.Message._check_and_raise_exception
2026-07-24 14:41:11.278 | oracledb.exceptions.DatabaseError: ORA-00942: table or view does not exist
2026-07-24 14:41:11.278 | Help: https://docs.oracle.com/error-help/db/ora-00942/
2026-07-24 14:41:11.360 | 2026-07-24 21:41:11,360 INFO 172.19.0.3 - "GET /metrics?target=hris-hims-db HTTP/1.1" 200 -
2026-07-24 14:41:12.597 | 2026-07-24 21:41:12,596 ERROR scrape of target 'hris-scl-engineering-db' failed
2026-07-24 14:41:12.597 | Traceback (most recent call last):
2026-07-24 14:41:12.597 |   File "src/pymssql/_pymssql.pyx", line 650, in pymssql._pymssql.connect
2026-07-24 14:41:12.597 |   File "src/pymssql/_mssql.pyx", line 2158, in pymssql._mssql.connect
2026-07-24 14:41:12.597 |   File "src/pymssql/_mssql.pyx", line 712, in pymssql._mssql.MSSQLConnection.__init__
2026-07-24 14:41:12.597 |   File "src/pymssql/_mssql.pyx", line 1884, in pymssql._mssql.maybe_raise_MSSQLDatabaseException
2026-07-24 14:41:12.597 |   File "src/pymssql/_mssql.pyx", line 1901, in pymssql._mssql.raise_MSSQLDatabaseException
2026-07-24 14:41:12.597 | pymssql._mssql.MSSQLDatabaseException: (20009, b'DB-Lib error message 20009, severity 9:\nUnable to connect: Adaptive Server is unavailable or does not exist (COSWINDE516D1)\n')
2026-07-24 14:41:12.597 | 
2026-07-24 14:41:12.597 | During handling of the above exception, another exception occurred:
2026-07-24 14:41:12.597 | 
2026-07-24 14:41:12.597 | Traceback (most recent call last):
2026-07-24 14:41:12.597 |   File "/app/src/registry.py", line 74, in scrape
2026-07-24 14:41:12.597 |     families, had_partial_error = future.result(timeout=target.scrape_timeout_seconds)
2026-07-24 14:41:12.597 |                                   ^^^^^^^^^^^^^^^^^^^^^^^^^^^^^^^^^^^^^^^^^^^^^^^^^^^^
2026-07-24 14:41:12.597 |   File "/usr/local/lib/python3.12/concurrent/futures/_base.py", line 456, in result
2026-07-24 14:41:12.597 |     return self.__get_result()
2026-07-24 14:41:12.597 |            ^^^^^^^^^^^^^^^^^^^
2026-07-24 14:41:12.597 |   File "/usr/local/lib/python3.12/concurrent/futures/_base.py", line 401, in __get_result
2026-07-24 14:41:12.597 |     raise self._exception
2026-07-24 14:41:12.597 |   File "/usr/local/lib/python3.12/concurrent/futures/thread.py", line 59, in run
2026-07-24 14:41:12.597 |     result = self.fn(*self.args, **self.kwargs)
2026-07-24 14:41:12.597 |              ^^^^^^^^^^^^^^^^^^^^^^^^^^^^^^^^^^
2026-07-24 14:41:12.597 |   File "/app/src/registry.py", line 69, in _do_scrape
2026-07-24 14:41:12.597 |     conn = adapter.get_connection()
2026-07-24 14:41:12.597 |            ^^^^^^^^^^^^^^^^^^^^^^^^
2026-07-24 14:41:12.597 |   File "/app/src/collectors/base.py", line 65, in get_connection
2026-07-24 14:41:12.597 |     self._conn = self.connect()
2026-07-24 14:41:12.597 |                  ^^^^^^^^^^^^^^
2026-07-24 14:41:12.597 |   File "/app/src/collectors/sqlserver.py", line 70, in connect
2026-07-24 14:41:12.597 |     conn = pymssql.connect(
2026-07-24 14:41:12.597 |            ^^^^^^^^^^^^^^^^
2026-07-24 14:41:12.597 |   File "src/pymssql/_pymssql.pyx", line 659, in pymssql._pymssql.connect
2026-07-24 14:41:12.597 | pymssql.exceptions.OperationalError: (20009, b'DB-Lib error message 20009, severity 9:\nUnable to connect: Adaptive Server is unavailable or does not exist (COSWINDE516D1)\n')
2026-07-24 14:41:12.597 | 2026-07-24 21:41:12,596 INFO 172.19.0.3 - "GET /metrics?target=hris-scl-engineering-db HTTP/1.1" 200 -
2026-07-24 14:41:14.491 | 2026-07-24 21:41:14,491 INFO 127.0.0.1 - "GET /health HTTP/1.1" 200 -
2026-07-24 14:41:16.780 | 2026-07-24 21:41:16,780 ERROR query 'size' failed for target 'hris-card-db'
2026-07-24 14:41:16.780 | Traceback (most recent call last):
2026-07-24 14:41:16.780 |   File "/app/src/collectors/base.py", line 52, in safe_collect_family
2026-07-24 14:41:16.780 |     result = builder()
2026-07-24 14:41:16.780 |              ^^^^^^^^^
2026-07-24 14:41:16.780 |   File "/app/src/collectors/postgres.py", line 94, in <lambda>
2026-07-24 14:41:16.780 |     ("size", lambda: self._size_family(cur)),
2026-07-24 14:41:16.780 |                      ^^^^^^^^^^^^^^^^^^^^^^
2026-07-24 14:41:16.780 |   File "/app/src/collectors/postgres.py", line 168, in _size_family
2026-07-24 14:41:16.780 |     cur.execute(_SIZE_SQL)
2026-07-24 14:41:16.780 |   File "/usr/local/lib/python3.12/site-packages/psycopg2/extras.py", line 146, in execute
2026-07-24 14:41:16.780 |     return super().execute(query, vars)
2026-07-24 14:41:16.780 |            ^^^^^^^^^^^^^^^^^^^^^^^^^^^^
2026-07-24 14:41:16.780 | psycopg2.errors.InsufficientPrivilege: permission denied for database rdsadmin
2026-07-24 14:41:16.780 | 
2026-07-24 14:41:16.780 | 2026-07-24 21:41:16,780 INFO 172.19.0.3 - "GET /metrics?target=hris-card-db HTTP/1.1" 200 -
2026-07-24 14:41:26.278 | 2026-07-24 21:41:26,277 ERROR query 'query_duration' failed for target 'hris-hims-db'
2026-07-24 14:41:26.278 | Traceback (most recent call last):
2026-07-24 14:41:26.278 |   File "/app/src/collectors/base.py", line 52, in safe_collect_family
2026-07-24 14:41:26.278 |     result = builder()
2026-07-24 14:41:26.278 |              ^^^^^^^^^
2026-07-24 14:41:26.278 |   File "/app/src/collectors/oracle.py", line 103, in <lambda>
2026-07-24 14:41:26.278 |     ("query_duration", lambda: self._query_duration_family(conn)),
2026-07-24 14:41:26.278 |                                ^^^^^^^^^^^^^^^^^^^^^^^^^^^^^^^^^
2026-07-24 14:41:26.278 |   File "/app/src/collectors/oracle.py", line 119, in _query_duration_family
2026-07-24 14:41:26.278 |     cur.execute(_QUERY_STATS_SQL)
2026-07-24 14:41:26.278 |   File "/usr/local/lib/python3.12/site-packages/oracledb/cursor.py", line 710, in execute
2026-07-24 14:41:26.278 |     impl.execute(self)
2026-07-24 14:41:26.278 |   File "src/oracledb/impl/thin/cursor.pyx", line 196, in oracledb.thin_impl.ThinCursorImpl.execute
2026-07-24 14:41:26.278 |   File "src/oracledb/impl/thin/protocol.pyx", line 440, in oracledb.thin_impl.Protocol._process_single_message
2026-07-24 14:41:26.278 |   File "src/oracledb/impl/thin/protocol.pyx", line 441, in oracledb.thin_impl.Protocol._process_single_message
2026-07-24 14:41:26.278 |   File "src/oracledb/impl/thin/protocol.pyx", line 433, in oracledb.thin_impl.Protocol._process_message
2026-07-24 14:41:26.278 |   File "src/oracledb/impl/thin/messages.pyx", line 74, in oracledb.thin_impl.Message._check_and_raise_exception
2026-07-24 14:41:26.278 | oracledb.exceptions.DatabaseError: ORA-00942: table or view does not exist
2026-07-24 14:41:26.278 | Help: https://docs.oracle.com/error-help/db/ora-00942/
2026-07-24 14:41:26.350 | 2026-07-24 21:41:26,350 INFO 172.19.0.3 - "GET /metrics?target=hris-hims-db HTTP/1.1" 200 -
2026-07-24 14:41:27.598 | 2026-07-24 21:41:27,597 ERROR scrape of target 'hris-scl-engineering-db' failed
2026-07-24 14:41:27.598 | Traceback (most recent call last):
2026-07-24 14:41:27.598 |   File "src/pymssql/_pymssql.pyx", line 650, in pymssql._pymssql.connect
2026-07-24 14:41:27.598 |   File "src/pymssql/_mssql.pyx", line 2158, in pymssql._mssql.connect
2026-07-24 14:41:27.598 |   File "src/pymssql/_mssql.pyx", line 712, in pymssql._mssql.MSSQLConnection.__init__
2026-07-24 14:41:27.598 |   File "src/pymssql/_mssql.pyx", line 1884, in pymssql._mssql.maybe_raise_MSSQLDatabaseException
2026-07-24 14:41:27.598 |   File "src/pymssql/_mssql.pyx", line 1901, in pymssql._mssql.raise_MSSQLDatabaseException
2026-07-24 14:41:27.598 | pymssql._mssql.MSSQLDatabaseException: (20009, b'DB-Lib error message 20009, severity 9:\nUnable to connect: Adaptive Server is unavailable or does not exist (COSWINDE516D1)\n')
2026-07-24 14:41:27.598 | 
2026-07-24 14:41:27.598 | During handling of the above exception, another exception occurred:
2026-07-24 14:41:27.598 | 
2026-07-24 14:41:27.598 | Traceback (most recent call last):
2026-07-24 14:41:27.598 |   File "/app/src/registry.py", line 74, in scrape
2026-07-24 14:41:27.598 |     families, had_partial_error = future.result(timeout=target.scrape_timeout_seconds)
2026-07-24 14:41:27.598 |                                   ^^^^^^^^^^^^^^^^^^^^^^^^^^^^^^^^^^^^^^^^^^^^^^^^^^^^
2026-07-24 14:41:27.598 |   File "/usr/local/lib/python3.12/concurrent/futures/_base.py", line 456, in result
2026-07-24 14:41:27.598 |     return self.__get_result()
2026-07-24 14:41:27.598 |            ^^^^^^^^^^^^^^^^^^^
2026-07-24 14:41:27.598 |   File "/usr/local/lib/python3.12/concurrent/futures/_base.py", line 401, in __get_result
2026-07-24 14:41:27.598 |     raise self._exception
2026-07-24 14:41:27.598 |   File "/usr/local/lib/python3.12/concurrent/futures/thread.py", line 59, in run
2026-07-24 14:41:27.598 |     result = self.fn(*self.args, **self.kwargs)
2026-07-24 14:41:27.598 |              ^^^^^^^^^^^^^^^^^^^^^^^^^^^^^^^^^^
2026-07-24 14:41:27.598 |   File "/app/src/registry.py", line 69, in _do_scrape
2026-07-24 14:41:27.598 |     conn = adapter.get_connection()
2026-07-24 14:41:27.598 |            ^^^^^^^^^^^^^^^^^^^^^^^^
2026-07-24 14:41:27.598 |   File "/app/src/collectors/base.py", line 65, in get_connection
2026-07-24 14:41:27.598 |     self._conn = self.connect()
2026-07-24 14:41:27.598 |                  ^^^^^^^^^^^^^^
2026-07-24 14:41:27.598 |   File "/app/src/collectors/sqlserver.py", line 70, in connect
2026-07-24 14:41:27.598 |     conn = pymssql.connect(
2026-07-24 14:41:27.598 |            ^^^^^^^^^^^^^^^^
2026-07-24 14:41:27.598 |   File "src/pymssql/_pymssql.pyx", line 659, in pymssql._pymssql.connect
2026-07-24 14:41:27.598 | pymssql.exceptions.OperationalError: (20009, b'DB-Lib error message 20009, severity 9:\nUnable to connect: Adaptive Server is unavailable or does not exist (COSWINDE516D1)\n')
2026-07-24 14:41:27.598 | 2026-07-24 21:41:27,598 INFO 172.19.0.3 - "GET /metrics?target=hris-scl-engineering-db HTTP/1.1" 200 -
2026-07-24 14:41:31.781 | 2026-07-24 21:41:31,780 ERROR query 'size' failed for target 'hris-card-db'
2026-07-24 14:41:31.781 | Traceback (most recent call last):
2026-07-24 14:41:31.781 |   File "/app/src/collectors/base.py", line 52, in safe_collect_family
2026-07-24 14:41:31.781 |     result = builder()
2026-07-24 14:41:31.781 |              ^^^^^^^^^
2026-07-24 14:41:31.781 |   File "/app/src/collectors/postgres.py", line 94, in <lambda>
2026-07-24 14:41:31.781 |     ("size", lambda: self._size_family(cur)),
2026-07-24 14:41:31.781 |                      ^^^^^^^^^^^^^^^^^^^^^^
2026-07-24 14:41:31.781 |   File "/app/src/collectors/postgres.py", line 168, in _size_family
2026-07-24 14:41:31.781 |     cur.execute(_SIZE_SQL)
2026-07-24 14:41:31.781 |   File "/usr/local/lib/python3.12/site-packages/psycopg2/extras.py", line 146, in execute
2026-07-24 14:41:31.781 |     return super().execute(query, vars)
2026-07-24 14:41:31.781 |            ^^^^^^^^^^^^^^^^^^^^^^^^^^^^
2026-07-24 14:41:31.781 | psycopg2.errors.InsufficientPrivilege: permission denied for database rdsadmin
2026-07-24 14:41:31.781 | 
2026-07-24 14:41:31.781 | 2026-07-24 21:41:31,781 INFO 172.19.0.3 - "GET /metrics?target=hris-card-db HTTP/1.1" 200 -
2026-07-24 14:41:41.276 | 2026-07-24 21:41:41,276 ERROR query 'query_duration' failed for target 'hris-hims-db'
2026-07-24 14:41:41.276 | Traceback (most recent call last):
2026-07-24 14:41:41.276 |   File "/app/src/collectors/base.py", line 52, in safe_collect_family
2026-07-24 14:41:41.276 |     result = builder()
2026-07-24 14:41:41.276 |              ^^^^^^^^^
2026-07-24 14:41:41.276 |   File "/app/src/collectors/oracle.py", line 103, in <lambda>
2026-07-24 14:41:41.276 |     ("query_duration", lambda: self._query_duration_family(conn)),
2026-07-24 14:41:41.276 |                                ^^^^^^^^^^^^^^^^^^^^^^^^^^^^^^^^^
2026-07-24 14:41:41.276 |   File "/app/src/collectors/oracle.py", line 119, in _query_duration_family
2026-07-24 14:41:41.276 |     cur.execute(_QUERY_STATS_SQL)
2026-07-24 14:41:41.277 |   File "/usr/local/lib/python3.12/site-packages/oracledb/cursor.py", line 710, in execute
2026-07-24 14:41:41.277 |     impl.execute(self)
2026-07-24 14:41:41.277 |   File "src/oracledb/impl/thin/cursor.pyx", line 196, in oracledb.thin_impl.ThinCursorImpl.execute
2026-07-24 14:41:41.277 |   File "src/oracledb/impl/thin/protocol.pyx", line 440, in oracledb.thin_impl.Protocol._process_single_message
2026-07-24 14:41:41.277 |   File "src/oracledb/impl/thin/protocol.pyx", line 441, in oracledb.thin_impl.Protocol._process_single_message
2026-07-24 14:41:41.277 |   File "src/oracledb/impl/thin/protocol.pyx", line 433, in oracledb.thin_impl.Protocol._process_message
2026-07-24 14:41:41.277 |   File "src/oracledb/impl/thin/messages.pyx", line 74, in oracledb.thin_impl.Message._check_and_raise_exception
2026-07-24 14:41:41.277 | oracledb.exceptions.DatabaseError: ORA-00942: table or view does not exist
2026-07-24 14:41:41.277 | Help: https://docs.oracle.com/error-help/db/ora-00942/
2026-07-24 14:41:41.351 | 2026-07-24 21:41:41,351 INFO 172.19.0.3 - "GET /metrics?target=hris-hims-db HTTP/1.1" 200 -
2026-07-24 14:41:42.597 | 2026-07-24 21:41:42,596 ERROR scrape of target 'hris-scl-engineering-db' failed
2026-07-24 14:41:42.597 | Traceback (most recent call last):
2026-07-24 14:41:42.597 |   File "src/pymssql/_pymssql.pyx", line 650, in pymssql._pymssql.connect
2026-07-24 14:41:42.597 |   File "src/pymssql/_mssql.pyx", line 2158, in pymssql._mssql.connect
2026-07-24 14:41:42.597 |   File "src/pymssql/_mssql.pyx", line 712, in pymssql._mssql.MSSQLConnection.__init__
2026-07-24 14:41:42.597 |   File "src/pymssql/_mssql.pyx", line 1884, in pymssql._mssql.maybe_raise_MSSQLDatabaseException
2026-07-24 14:41:42.597 |   File "src/pymssql/_mssql.pyx", line 1901, in pymssql._mssql.raise_MSSQLDatabaseException
2026-07-24 14:41:42.597 | pymssql._mssql.MSSQLDatabaseException: (20009, b'DB-Lib error message 20009, severity 9:\nUnable to connect: Adaptive Server is unavailable or does not exist (COSWINDE516D1)\n')
2026-07-24 14:41:42.597 | 
2026-07-24 14:41:42.597 | During handling of the above exception, another exception occurred:
2026-07-24 14:41:42.597 | 
2026-07-24 14:41:42.597 | Traceback (most recent call last):
2026-07-24 14:41:42.597 |   File "/app/src/registry.py", line 74, in scrape
2026-07-24 14:41:42.597 |     families, had_partial_error = future.result(timeout=target.scrape_timeout_seconds)
2026-07-24 14:41:42.597 |                                   ^^^^^^^^^^^^^^^^^^^^^^^^^^^^^^^^^^^^^^^^^^^^^^^^^^^^
2026-07-24 14:41:42.597 |   File "/usr/local/lib/python3.12/concurrent/futures/_base.py", line 456, in result
2026-07-24 14:41:42.597 |     return self.__get_result()
2026-07-24 14:41:42.597 |            ^^^^^^^^^^^^^^^^^^^
2026-07-24 14:41:42.597 |   File "/usr/local/lib/python3.12/concurrent/futures/_base.py", line 401, in __get_result
2026-07-24 14:41:42.597 |     raise self._exception
2026-07-24 14:41:42.597 |   File "/usr/local/lib/python3.12/concurrent/futures/thread.py", line 59, in run
2026-07-24 14:41:42.597 |     result = self.fn(*self.args, **self.kwargs)
2026-07-24 14:41:42.597 |              ^^^^^^^^^^^^^^^^^^^^^^^^^^^^^^^^^^
2026-07-24 14:41:42.597 |   File "/app/src/registry.py", line 69, in _do_scrape
2026-07-24 14:41:42.597 |     conn = adapter.get_connection()
2026-07-24 14:41:42.597 |            ^^^^^^^^^^^^^^^^^^^^^^^^
2026-07-24 14:41:42.597 |   File "/app/src/collectors/base.py", line 65, in get_connection
2026-07-24 14:41:42.597 |     self._conn = self.connect()
2026-07-24 14:41:42.597 |                  ^^^^^^^^^^^^^^
2026-07-24 14:41:42.597 |   File "/app/src/collectors/sqlserver.py", line 70, in connect
2026-07-24 14:41:42.597 |     conn = pymssql.connect(
2026-07-24 14:41:42.597 |            ^^^^^^^^^^^^^^^^
2026-07-24 14:41:42.597 |   File "src/pymssql/_pymssql.pyx", line 659, in pymssql._pymssql.connect
2026-07-24 14:41:42.597 | pymssql.exceptions.OperationalError: (20009, b'DB-Lib error message 20009, severity 9:\nUnable to connect: Adaptive Server is unavailable or does not exist (COSWINDE516D1)\n')
2026-07-24 14:41:42.597 | 2026-07-24 21:41:42,596 INFO 172.19.0.3 - "GET /metrics?target=hris-scl-engineering-db HTTP/1.1" 200 -
2026-07-24 14:41:44.617 | 2026-07-24 21:41:44,616 INFO 127.0.0.1 - "GET /health HTTP/1.1" 200 -
2026-07-24 14:41:46.781 | 2026-07-24 21:41:46,780 ERROR query 'size' failed for target 'hris-card-db'
2026-07-24 14:41:46.781 | Traceback (most recent call last):
2026-07-24 14:41:46.781 |   File "/app/src/collectors/base.py", line 52, in safe_collect_family
2026-07-24 14:41:46.781 |     result = builder()
2026-07-24 14:41:46.781 |              ^^^^^^^^^
2026-07-24 14:41:46.781 |   File "/app/src/collectors/postgres.py", line 94, in <lambda>
2026-07-24 14:41:46.781 |     ("size", lambda: self._size_family(cur)),
2026-07-24 14:41:46.781 |                      ^^^^^^^^^^^^^^^^^^^^^^
2026-07-24 14:41:46.781 |   File "/app/src/collectors/postgres.py", line 168, in _size_family
2026-07-24 14:41:46.781 |     cur.execute(_SIZE_SQL)
2026-07-24 14:41:46.781 |   File "/usr/local/lib/python3.12/site-packages/psycopg2/extras.py", line 146, in execute
2026-07-24 14:41:46.781 |     return super().execute(query, vars)
2026-07-24 14:41:46.781 |            ^^^^^^^^^^^^^^^^^^^^^^^^^^^^
2026-07-24 14:41:46.781 | psycopg2.errors.InsufficientPrivilege: permission denied for database rdsadmin
2026-07-24 14:41:46.781 | 
2026-07-24 14:41:46.781 | 2026-07-24 21:41:46,781 INFO 172.19.0.3 - "GET /metrics?target=hris-card-db HTTP/1.1" 200 -
2026-07-24 14:41:56.282 | 2026-07-24 21:41:56,282 ERROR query 'query_duration' failed for target 'hris-hims-db'
2026-07-24 14:41:56.282 | Traceback (most recent call last):
2026-07-24 14:41:56.282 |   File "/app/src/collectors/base.py", line 52, in safe_collect_family
2026-07-24 14:41:56.282 |     result = builder()
2026-07-24 14:41:56.282 |              ^^^^^^^^^
2026-07-24 14:41:56.282 |   File "/app/src/collectors/oracle.py", line 103, in <lambda>
2026-07-24 14:41:56.282 |     ("query_duration", lambda: self._query_duration_family(conn)),
2026-07-24 14:41:56.282 |                                ^^^^^^^^^^^^^^^^^^^^^^^^^^^^^^^^^
2026-07-24 14:41:56.282 |   File "/app/src/collectors/oracle.py", line 119, in _query_duration_family
2026-07-24 14:41:56.282 |     cur.execute(_QUERY_STATS_SQL)
2026-07-24 14:41:56.282 |   File "/usr/local/lib/python3.12/site-packages/oracledb/cursor.py", line 710, in execute
2026-07-24 14:41:56.282 |     impl.execute(self)
2026-07-24 14:41:56.282 |   File "src/oracledb/impl/thin/cursor.pyx", line 196, in oracledb.thin_impl.ThinCursorImpl.execute
2026-07-24 14:41:56.282 |   File "src/oracledb/impl/thin/protocol.pyx", line 440, in oracledb.thin_impl.Protocol._process_single_message
2026-07-24 14:41:56.282 |   File "src/oracledb/impl/thin/protocol.pyx", line 441, in oracledb.thin_impl.Protocol._process_single_message
2026-07-24 14:41:56.282 |   File "src/oracledb/impl/thin/protocol.pyx", line 433, in oracledb.thin_impl.Protocol._process_message
2026-07-24 14:41:56.282 |   File "src/oracledb/impl/thin/messages.pyx", line 74, in oracledb.thin_impl.Message._check_and_raise_exception
2026-07-24 14:41:56.282 | oracledb.exceptions.DatabaseError: ORA-00942: table or view does not exist
2026-07-24 14:41:56.282 | Help: https://docs.oracle.com/error-help/db/ora-00942/
2026-07-24 14:41:56.396 | 2026-07-24 21:41:56,395 INFO 172.19.0.3 - "GET /metrics?target=hris-hims-db HTTP/1.1" 200 -
2026-07-24 14:41:57.597 | 2026-07-24 21:41:57,596 ERROR scrape of target 'hris-scl-engineering-db' failed
2026-07-24 14:41:57.597 | Traceback (most recent call last):
2026-07-24 14:41:57.597 |   File "src/pymssql/_pymssql.pyx", line 650, in pymssql._pymssql.connect
2026-07-24 14:41:57.597 |   File "src/pymssql/_mssql.pyx", line 2158, in pymssql._mssql.connect
2026-07-24 14:41:57.597 |   File "src/pymssql/_mssql.pyx", line 712, in pymssql._mssql.MSSQLConnection.__init__
2026-07-24 14:41:57.597 |   File "src/pymssql/_mssql.pyx", line 1884, in pymssql._mssql.maybe_raise_MSSQLDatabaseException
2026-07-24 14:41:57.597 |   File "src/pymssql/_mssql.pyx", line 1901, in pymssql._mssql.raise_MSSQLDatabaseException
2026-07-24 14:41:57.597 | pymssql._mssql.MSSQLDatabaseException: (20009, b'DB-Lib error message 20009, severity 9:\nUnable to connect: Adaptive Server is unavailable or does not exist (COSWINDE516D1)\n')
2026-07-24 14:41:57.597 | 
2026-07-24 14:41:57.597 | During handling of the above exception, another exception occurred:
2026-07-24 14:41:57.597 | 
2026-07-24 14:41:57.597 | Traceback (most recent call last):
2026-07-24 14:41:57.597 |   File "/app/src/registry.py", line 74, in scrape
2026-07-24 14:41:57.597 |     families, had_partial_error = future.result(timeout=target.scrape_timeout_seconds)
2026-07-24 14:41:57.597 |                                   ^^^^^^^^^^^^^^^^^^^^^^^^^^^^^^^^^^^^^^^^^^^^^^^^^^^^
2026-07-24 14:41:57.597 |   File "/usr/local/lib/python3.12/concurrent/futures/_base.py", line 456, in result
2026-07-24 14:41:57.597 |     return self.__get_result()
2026-07-24 14:41:57.597 |            ^^^^^^^^^^^^^^^^^^^
2026-07-24 14:41:57.597 |   File "/usr/local/lib/python3.12/concurrent/futures/_base.py", line 401, in __get_result
2026-07-24 14:41:57.597 |     raise self._exception
2026-07-24 14:41:57.597 |   File "/usr/local/lib/python3.12/concurrent/futures/thread.py", line 59, in run
2026-07-24 14:41:57.597 |     result = self.fn(*self.args, **self.kwargs)
2026-07-24 14:41:57.597 |              ^^^^^^^^^^^^^^^^^^^^^^^^^^^^^^^^^^
2026-07-24 14:41:57.597 |   File "/app/src/registry.py", line 69, in _do_scrape
2026-07-24 14:41:57.597 |     conn = adapter.get_connection()
2026-07-24 14:41:57.597 |            ^^^^^^^^^^^^^^^^^^^^^^^^
2026-07-24 14:41:57.597 |   File "/app/src/collectors/base.py", line 65, in get_connection
2026-07-24 14:41:57.597 |     self._conn = self.connect()
2026-07-24 14:41:57.597 |                  ^^^^^^^^^^^^^^
2026-07-24 14:41:57.597 |   File "/app/src/collectors/sqlserver.py", line 70, in connect
2026-07-24 14:41:57.597 |     conn = pymssql.connect(
2026-07-24 14:41:57.597 |            ^^^^^^^^^^^^^^^^
2026-07-24 14:41:57.597 |   File "src/pymssql/_pymssql.pyx", line 659, in pymssql._pymssql.connect
2026-07-24 14:41:57.597 | pymssql.exceptions.OperationalError: (20009, b'DB-Lib error message 20009, severity 9:\nUnable to connect: Adaptive Server is unavailable or does not exist (COSWINDE516D1)\n')
2026-07-24 14:41:57.597 | 2026-07-24 21:41:57,596 INFO 172.19.0.3 - "GET /metrics?target=hris-scl-engineering-db HTTP/1.1" 200 -
2026-07-24 14:42:01.831 | 2026-07-24 21:42:01,831 ERROR query 'size' failed for target 'hris-card-db'
2026-07-24 14:42:01.831 | Traceback (most recent call last):
2026-07-24 14:42:01.831 |   File "/app/src/collectors/base.py", line 52, in safe_collect_family
2026-07-24 14:42:01.831 |     result = builder()
2026-07-24 14:42:01.831 |              ^^^^^^^^^
2026-07-24 14:42:01.831 |   File "/app/src/collectors/postgres.py", line 94, in <lambda>
2026-07-24 14:42:01.831 |     ("size", lambda: self._size_family(cur)),
2026-07-24 14:42:01.831 |                      ^^^^^^^^^^^^^^^^^^^^^^
2026-07-24 14:42:01.831 |   File "/app/src/collectors/postgres.py", line 168, in _size_family
2026-07-24 14:42:01.831 |     cur.execute(_SIZE_SQL)
2026-07-24 14:42:01.831 |   File "/usr/local/lib/python3.12/site-packages/psycopg2/extras.py", line 146, in execute
2026-07-24 14:42:01.831 |     return super().execute(query, vars)
2026-07-24 14:42:01.831 |            ^^^^^^^^^^^^^^^^^^^^^^^^^^^^
2026-07-24 14:42:01.831 | psycopg2.errors.InsufficientPrivilege: permission denied for database rdsadmin
2026-07-24 14:42:01.831 | 
2026-07-24 14:42:01.832 | 2026-07-24 21:42:01,831 INFO 172.19.0.3 - "GET /metrics?target=hris-card-db HTTP/1.1" 200 -
2026-07-24 14:42:11.277 | 2026-07-24 21:42:11,277 ERROR query 'query_duration' failed for target 'hris-hims-db'
2026-07-24 14:42:11.277 | Traceback (most recent call last):
2026-07-24 14:42:11.277 |   File "/app/src/collectors/base.py", line 52, in safe_collect_family
2026-07-24 14:42:11.277 |     result = builder()
2026-07-24 14:42:11.277 |              ^^^^^^^^^
2026-07-24 14:42:11.277 |   File "/app/src/collectors/oracle.py", line 103, in <lambda>
2026-07-24 14:42:11.277 |     ("query_duration", lambda: self._query_duration_family(conn)),
2026-07-24 14:42:11.277 |                                ^^^^^^^^^^^^^^^^^^^^^^^^^^^^^^^^^
2026-07-24 14:42:11.277 |   File "/app/src/collectors/oracle.py", line 119, in _query_duration_family
2026-07-24 14:42:11.277 |     cur.execute(_QUERY_STATS_SQL)
2026-07-24 14:42:11.277 |   File "/usr/local/lib/python3.12/site-packages/oracledb/cursor.py", line 710, in execute
2026-07-24 14:42:11.277 |     impl.execute(self)
2026-07-24 14:42:11.277 |   File "src/oracledb/impl/thin/cursor.pyx", line 196, in oracledb.thin_impl.ThinCursorImpl.execute
2026-07-24 14:42:11.277 |   File "src/oracledb/impl/thin/protocol.pyx", line 440, in oracledb.thin_impl.Protocol._process_single_message
2026-07-24 14:42:11.277 |   File "src/oracledb/impl/thin/protocol.pyx", line 441, in oracledb.thin_impl.Protocol._process_single_message
2026-07-24 14:42:11.277 |   File "src/oracledb/impl/thin/protocol.pyx", line 433, in oracledb.thin_impl.Protocol._process_message
2026-07-24 14:42:11.277 |   File "src/oracledb/impl/thin/messages.pyx", line 74, in oracledb.thin_impl.Message._check_and_raise_exception
2026-07-24 14:42:11.277 | oracledb.exceptions.DatabaseError: ORA-00942: table or view does not exist
2026-07-24 14:42:11.277 | Help: https://docs.oracle.com/error-help/db/ora-00942/
2026-07-24 14:42:11.370 | 2026-07-24 21:42:11,370 INFO 172.19.0.3 - "GET /metrics?target=hris-hims-db HTTP/1.1" 200 -
2026-07-24 14:42:12.596 | 2026-07-24 21:42:12,595 ERROR scrape of target 'hris-scl-engineering-db' failed
2026-07-24 14:42:12.596 | Traceback (most recent call last):
2026-07-24 14:42:12.596 |   File "src/pymssql/_pymssql.pyx", line 650, in pymssql._pymssql.connect
2026-07-24 14:42:12.596 |   File "src/pymssql/_mssql.pyx", line 2158, in pymssql._mssql.connect
2026-07-24 14:42:12.596 |   File "src/pymssql/_mssql.pyx", line 712, in pymssql._mssql.MSSQLConnection.__init__
2026-07-24 14:42:12.596 |   File "src/pymssql/_mssql.pyx", line 1884, in pymssql._mssql.maybe_raise_MSSQLDatabaseException
2026-07-24 14:42:12.596 |   File "src/pymssql/_mssql.pyx", line 1901, in pymssql._mssql.raise_MSSQLDatabaseException
2026-07-24 14:42:12.596 | pymssql._mssql.MSSQLDatabaseException: (20009, b'DB-Lib error message 20009, severity 9:\nUnable to connect: Adaptive Server is unavailable or does not exist (COSWINDE516D1)\n')
2026-07-24 14:42:12.596 | 
2026-07-24 14:42:12.596 | During handling of the above exception, another exception occurred:
2026-07-24 14:42:12.596 | 
2026-07-24 14:42:12.596 | Traceback (most recent call last):
2026-07-24 14:42:12.596 |   File "/app/src/registry.py", line 74, in scrape
2026-07-24 14:42:12.596 |     families, had_partial_error = future.result(timeout=target.scrape_timeout_seconds)
2026-07-24 14:42:12.596 |                                   ^^^^^^^^^^^^^^^^^^^^^^^^^^^^^^^^^^^^^^^^^^^^^^^^^^^^
2026-07-24 14:42:12.596 |   File "/usr/local/lib/python3.12/concurrent/futures/_base.py", line 456, in result
2026-07-24 14:42:12.596 |     return self.__get_result()
2026-07-24 14:42:12.596 |            ^^^^^^^^^^^^^^^^^^^
2026-07-24 14:42:12.596 |   File "/usr/local/lib/python3.12/concurrent/futures/_base.py", line 401, in __get_result
2026-07-24 14:42:12.596 |     raise self._exception
2026-07-24 14:42:12.596 |   File "/usr/local/lib/python3.12/concurrent/futures/thread.py", line 59, in run
2026-07-24 14:42:12.596 |     result = self.fn(*self.args, **self.kwargs)
2026-07-24 14:42:12.596 |              ^^^^^^^^^^^^^^^^^^^^^^^^^^^^^^^^^^
2026-07-24 14:42:12.596 |   File "/app/src/registry.py", line 69, in _do_scrape
2026-07-24 14:42:12.596 |     conn = adapter.get_connection()
2026-07-24 14:42:12.596 |            ^^^^^^^^^^^^^^^^^^^^^^^^
2026-07-24 14:42:12.596 |   File "/app/src/collectors/base.py", line 65, in get_connection
2026-07-24 14:42:12.596 |     self._conn = self.connect()
2026-07-24 14:42:12.596 |                  ^^^^^^^^^^^^^^
2026-07-24 14:42:12.596 |   File "/app/src/collectors/sqlserver.py", line 70, in connect
2026-07-24 14:42:12.596 |     conn = pymssql.connect(
2026-07-24 14:42:12.596 |            ^^^^^^^^^^^^^^^^
2026-07-24 14:42:12.596 |   File "src/pymssql/_pymssql.pyx", line 659, in pymssql._pymssql.connect
2026-07-24 14:42:12.596 | pymssql.exceptions.OperationalError: (20009, b'DB-Lib error message 20009, severity 9:\nUnable to connect: Adaptive Server is unavailable or does not exist (COSWINDE516D1)\n')
2026-07-24 14:42:12.596 | 2026-07-24 21:42:12,596 INFO 172.19.0.3 - "GET /metrics?target=hris-scl-engineering-db HTTP/1.1" 200 -
2026-07-24 14:42:14.744 | 2026-07-24 21:42:14,743 INFO 127.0.0.1 - "GET /health HTTP/1.1" 200 -
2026-07-24 14:42:16.784 | 2026-07-24 21:42:16,784 ERROR query 'size' failed for target 'hris-card-db'
2026-07-24 14:42:16.784 | Traceback (most recent call last):
2026-07-24 14:42:16.784 |   File "/app/src/collectors/base.py", line 52, in safe_collect_family
2026-07-24 14:42:16.784 |     result = builder()
2026-07-24 14:42:16.784 |              ^^^^^^^^^
2026-07-24 14:42:16.784 |   File "/app/src/collectors/postgres.py", line 94, in <lambda>
2026-07-24 14:42:16.784 |     ("size", lambda: self._size_family(cur)),
2026-07-24 14:42:16.784 |                      ^^^^^^^^^^^^^^^^^^^^^^
2026-07-24 14:42:16.784 |   File "/app/src/collectors/postgres.py", line 168, in _size_family
2026-07-24 14:42:16.784 |     cur.execute(_SIZE_SQL)
2026-07-24 14:42:16.784 |   File "/usr/local/lib/python3.12/site-packages/psycopg2/extras.py", line 146, in execute
2026-07-24 14:42:16.784 |     return super().execute(query, vars)
2026-07-24 14:42:16.784 |            ^^^^^^^^^^^^^^^^^^^^^^^^^^^^
2026-07-24 14:42:16.784 | psycopg2.errors.InsufficientPrivilege: permission denied for database rdsadmin
2026-07-24 14:42:16.784 | 
2026-07-24 14:42:16.784 | 2026-07-24 21:42:16,784 INFO 172.19.0.3 - "GET /metrics?target=hris-card-db HTTP/1.1" 200 -
2026-07-24 14:42:26.279 | 2026-07-24 21:42:26,278 ERROR query 'query_duration' failed for target 'hris-hims-db'
2026-07-24 14:42:26.279 | Traceback (most recent call last):
2026-07-24 14:42:26.279 |   File "/app/src/collectors/base.py", line 52, in safe_collect_family
2026-07-24 14:42:26.279 |     result = builder()
2026-07-24 14:42:26.279 |              ^^^^^^^^^
2026-07-24 14:42:26.279 |   File "/app/src/collectors/oracle.py", line 103, in <lambda>
2026-07-24 14:42:26.279 |     ("query_duration", lambda: self._query_duration_family(conn)),
2026-07-24 14:42:26.279 |                                ^^^^^^^^^^^^^^^^^^^^^^^^^^^^^^^^^
2026-07-24 14:42:26.279 |   File "/app/src/collectors/oracle.py", line 119, in _query_duration_family
2026-07-24 14:42:26.279 |     cur.execute(_QUERY_STATS_SQL)
2026-07-24 14:42:26.279 |   File "/usr/local/lib/python3.12/site-packages/oracledb/cursor.py", line 710, in execute
2026-07-24 14:42:26.279 |     impl.execute(self)
2026-07-24 14:42:26.279 |   File "src/oracledb/impl/thin/cursor.pyx", line 196, in oracledb.thin_impl.ThinCursorImpl.execute
2026-07-24 14:42:26.279 |   File "src/oracledb/impl/thin/protocol.pyx", line 440, in oracledb.thin_impl.Protocol._process_single_message
2026-07-24 14:42:26.279 |   File "src/oracledb/impl/thin/protocol.pyx", line 441, in oracledb.thin_impl.Protocol._process_single_message
2026-07-24 14:42:26.279 |   File "src/oracledb/impl/thin/protocol.pyx", line 433, in oracledb.thin_impl.Protocol._process_message
2026-07-24 14:42:26.279 |   File "src/oracledb/impl/thin/messages.pyx", line 74, in oracledb.thin_impl.Message._check_and_raise_exception
2026-07-24 14:42:26.279 | oracledb.exceptions.DatabaseError: ORA-00942: table or view does not exist
2026-07-24 14:42:26.279 | Help: https://docs.oracle.com/error-help/db/ora-00942/
2026-07-24 14:42:26.366 | 2026-07-24 21:42:26,366 INFO 172.19.0.3 - "GET /metrics?target=hris-hims-db HTTP/1.1" 200 -
2026-07-24 14:42:27.598 | 2026-07-24 21:42:27,598 ERROR scrape of target 'hris-scl-engineering-db' failed
2026-07-24 14:42:27.598 | Traceback (most recent call last):
2026-07-24 14:42:27.598 |   File "src/pymssql/_pymssql.pyx", line 650, in pymssql._pymssql.connect
2026-07-24 14:42:27.598 |   File "src/pymssql/_mssql.pyx", line 2158, in pymssql._mssql.connect
2026-07-24 14:42:27.598 |   File "src/pymssql/_mssql.pyx", line 712, in pymssql._mssql.MSSQLConnection.__init__
2026-07-24 14:42:27.598 |   File "src/pymssql/_mssql.pyx", line 1884, in pymssql._mssql.maybe_raise_MSSQLDatabaseException
2026-07-24 14:42:27.598 |   File "src/pymssql/_mssql.pyx", line 1901, in pymssql._mssql.raise_MSSQLDatabaseException
2026-07-24 14:42:27.598 | pymssql._mssql.MSSQLDatabaseException: (20009, b'DB-Lib error message 20009, severity 9:\nUnable to connect: Adaptive Server is unavailable or does not exist (COSWINDE516D1)\n')
2026-07-24 14:42:27.598 | 
2026-07-24 14:42:27.598 | During handling of the above exception, another exception occurred:
2026-07-24 14:42:27.598 | 
2026-07-24 14:42:27.598 | Traceback (most recent call last):
2026-07-24 14:42:27.598 |   File "/app/src/registry.py", line 74, in scrape
2026-07-24 14:42:27.598 |     families, had_partial_error = future.result(timeout=target.scrape_timeout_seconds)
2026-07-24 14:42:27.598 |                                   ^^^^^^^^^^^^^^^^^^^^^^^^^^^^^^^^^^^^^^^^^^^^^^^^^^^^
2026-07-24 14:42:27.598 |   File "/usr/local/lib/python3.12/concurrent/futures/_base.py", line 456, in result
2026-07-24 14:42:27.598 |     return self.__get_result()
2026-07-24 14:42:27.598 |            ^^^^^^^^^^^^^^^^^^^
2026-07-24 14:42:27.598 |   File "/usr/local/lib/python3.12/concurrent/futures/_base.py", line 401, in __get_result
2026-07-24 14:42:27.598 |     raise self._exception
2026-07-24 14:42:27.598 |   File "/usr/local/lib/python3.12/concurrent/futures/thread.py", line 59, in run
2026-07-24 14:42:27.598 |     result = self.fn(*self.args, **self.kwargs)
2026-07-24 14:42:27.598 |              ^^^^^^^^^^^^^^^^^^^^^^^^^^^^^^^^^^
2026-07-24 14:42:27.598 |   File "/app/src/registry.py", line 69, in _do_scrape
2026-07-24 14:42:27.598 |     conn = adapter.get_connection()
2026-07-24 14:42:27.598 |            ^^^^^^^^^^^^^^^^^^^^^^^^
2026-07-24 14:42:27.598 |   File "/app/src/collectors/base.py", line 65, in get_connection
2026-07-24 14:42:27.598 |     self._conn = self.connect()
2026-07-24 14:42:27.599 |                  ^^^^^^^^^^^^^^
2026-07-24 14:42:27.599 |   File "/app/src/collectors/sqlserver.py", line 70, in connect
2026-07-24 14:42:27.599 |     conn = pymssql.connect(
2026-07-24 14:42:27.599 |            ^^^^^^^^^^^^^^^^
2026-07-24 14:42:27.599 |   File "src/pymssql/_pymssql.pyx", line 659, in pymssql._pymssql.connect
2026-07-24 14:42:27.599 | pymssql.exceptions.OperationalError: (20009, b'DB-Lib error message 20009, severity 9:\nUnable to connect: Adaptive Server is unavailable or does not exist (COSWINDE516D1)\n')
2026-07-24 14:42:27.599 | 2026-07-24 21:42:27,598 INFO 172.19.0.3 - "GET /metrics?target=hris-scl-engineering-db HTTP/1.1" 200 -
2026-07-24 14:42:31.779 | 2026-07-24 21:42:31,778 ERROR query 'size' failed for target 'hris-card-db'
2026-07-24 14:42:31.779 | Traceback (most recent call last):
2026-07-24 14:42:31.779 |   File "/app/src/collectors/base.py", line 52, in safe_collect_family
2026-07-24 14:42:31.779 |     result = builder()
2026-07-24 14:42:31.779 |              ^^^^^^^^^
2026-07-24 14:42:31.779 |   File "/app/src/collectors/postgres.py", line 94, in <lambda>
2026-07-24 14:42:31.779 |     ("size", lambda: self._size_family(cur)),
2026-07-24 14:42:31.779 |                      ^^^^^^^^^^^^^^^^^^^^^^
2026-07-24 14:42:31.779 |   File "/app/src/collectors/postgres.py", line 168, in _size_family
2026-07-24 14:42:31.779 |     cur.execute(_SIZE_SQL)
2026-07-24 14:42:31.779 |   File "/usr/local/lib/python3.12/site-packages/psycopg2/extras.py", line 146, in execute
2026-07-24 14:42:31.779 |     return super().execute(query, vars)
2026-07-24 14:42:31.779 |            ^^^^^^^^^^^^^^^^^^^^^^^^^^^^
2026-07-24 14:42:31.779 | psycopg2.errors.InsufficientPrivilege: permission denied for database rdsadmin
2026-07-24 14:42:31.779 | 
2026-07-24 14:42:31.779 | 2026-07-24 21:42:31,779 INFO 172.19.0.3 - "GET /metrics?target=hris-card-db HTTP/1.1" 200 -
2026-07-24 14:42:41.278 | 2026-07-24 21:42:41,277 ERROR query 'query_duration' failed for target 'hris-hims-db'
2026-07-24 14:42:41.278 | Traceback (most recent call last):
2026-07-24 14:42:41.278 |   File "/app/src/collectors/base.py", line 52, in safe_collect_family
2026-07-24 14:42:41.278 |     result = builder()
2026-07-24 14:42:41.278 |              ^^^^^^^^^
2026-07-24 14:42:41.278 |   File "/app/src/collectors/oracle.py", line 103, in <lambda>
2026-07-24 14:42:41.278 |     ("query_duration", lambda: self._query_duration_family(conn)),
2026-07-24 14:42:41.278 |                                ^^^^^^^^^^^^^^^^^^^^^^^^^^^^^^^^^
2026-07-24 14:42:41.278 |   File "/app/src/collectors/oracle.py", line 119, in _query_duration_family
2026-07-24 14:42:41.278 |     cur.execute(_QUERY_STATS_SQL)
2026-07-24 14:42:41.278 |   File "/usr/local/lib/python3.12/site-packages/oracledb/cursor.py", line 710, in execute
2026-07-24 14:42:41.278 |     impl.execute(self)
2026-07-24 14:42:41.278 |   File "src/oracledb/impl/thin/cursor.pyx", line 196, in oracledb.thin_impl.ThinCursorImpl.execute
2026-07-24 14:42:41.278 |   File "src/oracledb/impl/thin/protocol.pyx", line 440, in oracledb.thin_impl.Protocol._process_single_message
2026-07-24 14:42:41.278 |   File "src/oracledb/impl/thin/protocol.pyx", line 441, in oracledb.thin_impl.Protocol._process_single_message
2026-07-24 14:42:41.278 |   File "src/oracledb/impl/thin/protocol.pyx", line 433, in oracledb.thin_impl.Protocol._process_message
2026-07-24 14:42:41.278 |   File "src/oracledb/impl/thin/messages.pyx", line 74, in oracledb.thin_impl.Message._check_and_raise_exception
2026-07-24 14:42:41.278 | oracledb.exceptions.DatabaseError: ORA-00942: table or view does not exist
2026-07-24 14:42:41.278 | Help: https://docs.oracle.com/error-help/db/ora-00942/
2026-07-24 14:42:41.345 | 2026-07-24 21:42:41,345 INFO 172.19.0.3 - "GET /metrics?target=hris-hims-db HTTP/1.1" 200 -
2026-07-24 14:42:42.597 | 2026-07-24 21:42:42,596 ERROR scrape of target 'hris-scl-engineering-db' failed
2026-07-24 14:42:42.597 | Traceback (most recent call last):
2026-07-24 14:42:42.597 |   File "src/pymssql/_pymssql.pyx", line 650, in pymssql._pymssql.connect
2026-07-24 14:42:42.597 |   File "src/pymssql/_mssql.pyx", line 2158, in pymssql._mssql.connect
2026-07-24 14:42:42.597 |   File "src/pymssql/_mssql.pyx", line 712, in pymssql._mssql.MSSQLConnection.__init__
2026-07-24 14:42:42.597 |   File "src/pymssql/_mssql.pyx", line 1884, in pymssql._mssql.maybe_raise_MSSQLDatabaseException
2026-07-24 14:42:42.597 |   File "src/pymssql/_mssql.pyx", line 1901, in pymssql._mssql.raise_MSSQLDatabaseException
2026-07-24 14:42:42.597 | pymssql._mssql.MSSQLDatabaseException: (20009, b'DB-Lib error message 20009, severity 9:\nUnable to connect: Adaptive Server is unavailable or does not exist (COSWINDE516D1)\n')
2026-07-24 14:42:42.597 | 
2026-07-24 14:42:42.597 | During handling of the above exception, another exception occurred:
2026-07-24 14:42:42.597 | 
2026-07-24 14:42:42.597 | Traceback (most recent call last):
2026-07-24 14:42:42.597 |   File "/app/src/registry.py", line 74, in scrape
2026-07-24 14:42:42.597 |     families, had_partial_error = future.result(timeout=target.scrape_timeout_seconds)
2026-07-24 14:42:42.597 |                                   ^^^^^^^^^^^^^^^^^^^^^^^^^^^^^^^^^^^^^^^^^^^^^^^^^^^^
2026-07-24 14:42:42.597 |   File "/usr/local/lib/python3.12/concurrent/futures/_base.py", line 456, in result
2026-07-24 14:42:42.597 |     return self.__get_result()
2026-07-24 14:42:42.597 |            ^^^^^^^^^^^^^^^^^^^
2026-07-24 14:42:42.597 |   File "/usr/local/lib/python3.12/concurrent/futures/_base.py", line 401, in __get_result
2026-07-24 14:42:42.597 |     raise self._exception
2026-07-24 14:42:42.597 |   File "/usr/local/lib/python3.12/concurrent/futures/thread.py", line 59, in run
2026-07-24 14:42:42.597 |     result = self.fn(*self.args, **self.kwargs)
2026-07-24 14:42:42.597 |              ^^^^^^^^^^^^^^^^^^^^^^^^^^^^^^^^^^
2026-07-24 14:42:42.597 |   File "/app/src/registry.py", line 69, in _do_scrape
2026-07-24 14:42:42.597 |     conn = adapter.get_connection()
2026-07-24 14:42:42.597 |            ^^^^^^^^^^^^^^^^^^^^^^^^
2026-07-24 14:42:42.597 |   File "/app/src/collectors/base.py", line 65, in get_connection
2026-07-24 14:42:42.597 |     self._conn = self.connect()
2026-07-24 14:42:42.597 |                  ^^^^^^^^^^^^^^
2026-07-24 14:42:42.597 |   File "/app/src/collectors/sqlserver.py", line 70, in connect
2026-07-24 14:42:42.597 |     conn = pymssql.connect(
2026-07-24 14:42:42.597 |            ^^^^^^^^^^^^^^^^
2026-07-24 14:42:42.597 |   File "src/pymssql/_pymssql.pyx", line 659, in pymssql._pymssql.connect
2026-07-24 14:42:42.597 | pymssql.exceptions.OperationalError: (20009, b'DB-Lib error message 20009, severity 9:\nUnable to connect: Adaptive Server is unavailable or does not exist (COSWINDE516D1)\n')
2026-07-24 14:42:42.597 | 2026-07-24 21:42:42,597 INFO 172.19.0.3 - "GET /metrics?target=hris-scl-engineering-db HTTP/1.1" 200 -
2026-07-24 14:42:44.864 | 2026-07-24 21:42:44,864 INFO 127.0.0.1 - "GET /health HTTP/1.1" 200 -
2026-07-24 14:42:46.784 | 2026-07-24 21:42:46,783 ERROR query 'size' failed for target 'hris-card-db'
2026-07-24 14:42:46.784 | Traceback (most recent call last):
2026-07-24 14:42:46.784 |   File "/app/src/collectors/base.py", line 52, in safe_collect_family
2026-07-24 14:42:46.784 |     result = builder()
2026-07-24 14:42:46.784 |              ^^^^^^^^^
2026-07-24 14:42:46.784 |   File "/app/src/collectors/postgres.py", line 94, in <lambda>
2026-07-24 14:42:46.784 |     ("size", lambda: self._size_family(cur)),
2026-07-24 14:42:46.784 |                      ^^^^^^^^^^^^^^^^^^^^^^
2026-07-24 14:42:46.784 |   File "/app/src/collectors/postgres.py", line 168, in _size_family
2026-07-24 14:42:46.784 |     cur.execute(_SIZE_SQL)
2026-07-24 14:42:46.784 |   File "/usr/local/lib/python3.12/site-packages/psycopg2/extras.py", line 146, in execute
2026-07-24 14:42:46.784 |     return super().execute(query, vars)
2026-07-24 14:42:46.784 |            ^^^^^^^^^^^^^^^^^^^^^^^^^^^^
2026-07-24 14:42:46.784 | psycopg2.errors.InsufficientPrivilege: permission denied for database rdsadmin
2026-07-24 14:42:46.784 | 
2026-07-24 14:42:46.784 | 2026-07-24 21:42:46,784 INFO 172.19.0.3 - "GET /metrics?target=hris-card-db HTTP/1.1" 200 -
2026-07-24 14:42:56.276 | 2026-07-24 21:42:56,276 ERROR query 'query_duration' failed for target 'hris-hims-db'
2026-07-24 14:42:56.276 | Traceback (most recent call last):
2026-07-24 14:42:56.276 |   File "/app/src/collectors/base.py", line 52, in safe_collect_family
2026-07-24 14:42:56.276 |     result = builder()
2026-07-24 14:42:56.276 |              ^^^^^^^^^
2026-07-24 14:42:56.276 |   File "/app/src/collectors/oracle.py", line 103, in <lambda>
2026-07-24 14:42:56.276 |     ("query_duration", lambda: self._query_duration_family(conn)),
2026-07-24 14:42:56.276 |                                ^^^^^^^^^^^^^^^^^^^^^^^^^^^^^^^^^
2026-07-24 14:42:56.276 |   File "/app/src/collectors/oracle.py", line 119, in _query_duration_family
2026-07-24 14:42:56.276 |     cur.execute(_QUERY_STATS_SQL)
2026-07-24 14:42:56.276 |   File "/usr/local/lib/python3.12/site-packages/oracledb/cursor.py", line 710, in execute
2026-07-24 14:42:56.276 |     impl.execute(self)
2026-07-24 14:42:56.276 |   File "src/oracledb/impl/thin/cursor.pyx", line 196, in oracledb.thin_impl.ThinCursorImpl.execute
2026-07-24 14:42:56.276 |   File "src/oracledb/impl/thin/protocol.pyx", line 440, in oracledb.thin_impl.Protocol._process_single_message
2026-07-24 14:42:56.276 |   File "src/oracledb/impl/thin/protocol.pyx", line 441, in oracledb.thin_impl.Protocol._process_single_message
2026-07-24 14:42:56.276 |   File "src/oracledb/impl/thin/protocol.pyx", line 433, in oracledb.thin_impl.Protocol._process_message
2026-07-24 14:42:56.276 |   File "src/oracledb/impl/thin/messages.pyx", line 74, in oracledb.thin_impl.Message._check_and_raise_exception
2026-07-24 14:42:56.276 | oracledb.exceptions.DatabaseError: ORA-00942: table or view does not exist
2026-07-24 14:42:56.276 | Help: https://docs.oracle.com/error-help/db/ora-00942/
2026-07-24 14:42:56.347 | 2026-07-24 21:42:56,346 INFO 172.19.0.3 - "GET /metrics?target=hris-hims-db HTTP/1.1" 200 -
2026-07-24 14:42:57.596 | 2026-07-24 21:42:57,596 ERROR scrape of target 'hris-scl-engineering-db' failed
2026-07-24 14:42:57.596 | Traceback (most recent call last):
2026-07-24 14:42:57.596 |   File "src/pymssql/_pymssql.pyx", line 650, in pymssql._pymssql.connect
2026-07-24 14:42:57.596 |   File "src/pymssql/_mssql.pyx", line 2158, in pymssql._mssql.connect
2026-07-24 14:42:57.597 |   File "src/pymssql/_mssql.pyx", line 712, in pymssql._mssql.MSSQLConnection.__init__
2026-07-24 14:42:57.597 |   File "src/pymssql/_mssql.pyx", line 1884, in pymssql._mssql.maybe_raise_MSSQLDatabaseException
2026-07-24 14:42:57.597 |   File "src/pymssql/_mssql.pyx", line 1901, in pymssql._mssql.raise_MSSQLDatabaseException
2026-07-24 14:42:57.597 | pymssql._mssql.MSSQLDatabaseException: (20009, b'DB-Lib error message 20009, severity 9:\nUnable to connect: Adaptive Server is unavailable or does not exist (COSWINDE516D1)\n')
2026-07-24 14:42:57.597 | 
2026-07-24 14:42:57.597 | During handling of the above exception, another exception occurred:
2026-07-24 14:42:57.597 | 
2026-07-24 14:42:57.597 | Traceback (most recent call last):
2026-07-24 14:42:57.597 |   File "/app/src/registry.py", line 74, in scrape
2026-07-24 14:42:57.597 |     families, had_partial_error = future.result(timeout=target.scrape_timeout_seconds)
2026-07-24 14:42:57.597 |                                   ^^^^^^^^^^^^^^^^^^^^^^^^^^^^^^^^^^^^^^^^^^^^^^^^^^^^
2026-07-24 14:42:57.597 |   File "/usr/local/lib/python3.12/concurrent/futures/_base.py", line 456, in result
2026-07-24 14:42:57.597 |     return self.__get_result()
2026-07-24 14:42:57.597 |            ^^^^^^^^^^^^^^^^^^^
2026-07-24 14:42:57.597 |   File "/usr/local/lib/python3.12/concurrent/futures/_base.py", line 401, in __get_result
2026-07-24 14:42:57.597 |     raise self._exception
2026-07-24 14:42:57.597 |   File "/usr/local/lib/python3.12/concurrent/futures/thread.py", line 59, in run
2026-07-24 14:42:57.597 |     result = self.fn(*self.args, **self.kwargs)
2026-07-24 14:42:57.597 |              ^^^^^^^^^^^^^^^^^^^^^^^^^^^^^^^^^^
2026-07-24 14:42:57.597 |   File "/app/src/registry.py", line 69, in _do_scrape
2026-07-24 14:42:57.597 |     conn = adapter.get_connection()
2026-07-24 14:42:57.597 |            ^^^^^^^^^^^^^^^^^^^^^^^^
2026-07-24 14:42:57.597 |   File "/app/src/collectors/base.py", line 65, in get_connection
2026-07-24 14:42:57.597 |     self._conn = self.connect()
2026-07-24 14:42:57.597 |                  ^^^^^^^^^^^^^^
2026-07-24 14:42:57.597 |   File "/app/src/collectors/sqlserver.py", line 70, in connect
2026-07-24 14:42:57.597 |     conn = pymssql.connect(
2026-07-24 14:42:57.597 |            ^^^^^^^^^^^^^^^^
2026-07-24 14:42:57.597 |   File "src/pymssql/_pymssql.pyx", line 659, in pymssql._pymssql.connect
2026-07-24 14:42:57.597 | pymssql.exceptions.OperationalError: (20009, b'DB-Lib error message 20009, severity 9:\nUnable to connect: Adaptive Server is unavailable or does not exist (COSWINDE516D1)\n')
2026-07-24 14:42:57.597 | 2026-07-24 21:42:57,596 INFO 172.19.0.3 - "GET /metrics?target=hris-scl-engineering-db HTTP/1.1" 200 -
2026-07-24 14:43:01.802 | 2026-07-24 21:43:01,802 ERROR query 'size' failed for target 'hris-card-db'
2026-07-24 14:43:01.802 | Traceback (most recent call last):
2026-07-24 14:43:01.802 |   File "/app/src/collectors/base.py", line 52, in safe_collect_family
2026-07-24 14:43:01.802 |     result = builder()
2026-07-24 14:43:01.802 |              ^^^^^^^^^
2026-07-24 14:43:01.802 |   File "/app/src/collectors/postgres.py", line 94, in <lambda>
2026-07-24 14:43:01.802 |     ("size", lambda: self._size_family(cur)),
2026-07-24 14:43:01.802 |                      ^^^^^^^^^^^^^^^^^^^^^^
2026-07-24 14:43:01.802 |   File "/app/src/collectors/postgres.py", line 168, in _size_family
2026-07-24 14:43:01.802 |     cur.execute(_SIZE_SQL)
2026-07-24 14:43:01.802 |   File "/usr/local/lib/python3.12/site-packages/psycopg2/extras.py", line 146, in execute
2026-07-24 14:43:01.802 |     return super().execute(query, vars)
2026-07-24 14:43:01.802 |            ^^^^^^^^^^^^^^^^^^^^^^^^^^^^
2026-07-24 14:43:01.802 | psycopg2.errors.InsufficientPrivilege: permission denied for database rdsadmin
2026-07-24 14:43:01.802 | 
2026-07-24 14:43:01.802 | 2026-07-24 21:43:01,802 INFO 172.19.0.3 - "GET /metrics?target=hris-card-db HTTP/1.1" 200 -
2026-07-24 14:43:11.277 | 2026-07-24 21:43:11,277 ERROR query 'query_duration' failed for target 'hris-hims-db'
2026-07-24 14:43:11.277 | Traceback (most recent call last):
2026-07-24 14:43:11.277 |   File "/app/src/collectors/base.py", line 52, in safe_collect_family
2026-07-24 14:43:11.277 |     result = builder()
2026-07-24 14:43:11.277 |              ^^^^^^^^^
2026-07-24 14:43:11.277 |   File "/app/src/collectors/oracle.py", line 103, in <lambda>
2026-07-24 14:43:11.277 |     ("query_duration", lambda: self._query_duration_family(conn)),
2026-07-24 14:43:11.277 |                                ^^^^^^^^^^^^^^^^^^^^^^^^^^^^^^^^^
2026-07-24 14:43:11.277 |   File "/app/src/collectors/oracle.py", line 119, in _query_duration_family
2026-07-24 14:43:11.278 |     cur.execute(_QUERY_STATS_SQL)
2026-07-24 14:43:11.278 |   File "/usr/local/lib/python3.12/site-packages/oracledb/cursor.py", line 710, in execute
2026-07-24 14:43:11.278 |     impl.execute(self)
2026-07-24 14:43:11.278 |   File "src/oracledb/impl/thin/cursor.pyx", line 196, in oracledb.thin_impl.ThinCursorImpl.execute
2026-07-24 14:43:11.278 |   File "src/oracledb/impl/thin/protocol.pyx", line 440, in oracledb.thin_impl.Protocol._process_single_message
2026-07-24 14:43:11.278 |   File "src/oracledb/impl/thin/protocol.pyx", line 441, in oracledb.thin_impl.Protocol._process_single_message
2026-07-24 14:43:11.278 |   File "src/oracledb/impl/thin/protocol.pyx", line 433, in oracledb.thin_impl.Protocol._process_message
2026-07-24 14:43:11.278 |   File "src/oracledb/impl/thin/messages.pyx", line 74, in oracledb.thin_impl.Message._check_and_raise_exception
2026-07-24 14:43:11.278 | oracledb.exceptions.DatabaseError: ORA-00942: table or view does not exist
2026-07-24 14:43:11.278 | Help: https://docs.oracle.com/error-help/db/ora-00942/
2026-07-24 14:43:11.349 | 2026-07-24 21:43:11,348 INFO 172.19.0.3 - "GET /metrics?target=hris-hims-db HTTP/1.1" 200 -
2026-07-24 14:43:12.596 | 2026-07-24 21:43:12,595 ERROR scrape of target 'hris-scl-engineering-db' failed
2026-07-24 14:43:12.596 | Traceback (most recent call last):
2026-07-24 14:43:12.596 |   File "src/pymssql/_pymssql.pyx", line 650, in pymssql._pymssql.connect
2026-07-24 14:43:12.596 |   File "src/pymssql/_mssql.pyx", line 2158, in pymssql._mssql.connect
2026-07-24 14:43:12.596 |   File "src/pymssql/_mssql.pyx", line 712, in pymssql._mssql.MSSQLConnection.__init__
2026-07-24 14:43:12.596 |   File "src/pymssql/_mssql.pyx", line 1884, in pymssql._mssql.maybe_raise_MSSQLDatabaseException
2026-07-24 14:43:12.596 |   File "src/pymssql/_mssql.pyx", line 1901, in pymssql._mssql.raise_MSSQLDatabaseException
2026-07-24 14:43:12.596 | pymssql._mssql.MSSQLDatabaseException: (20009, b'DB-Lib error message 20009, severity 9:\nUnable to connect: Adaptive Server is unavailable or does not exist (COSWINDE516D1)\n')
2026-07-24 14:43:12.596 | 
2026-07-24 14:43:12.596 | During handling of the above exception, another exception occurred:
2026-07-24 14:43:12.596 | 
2026-07-24 14:43:12.596 | Traceback (most recent call last):
2026-07-24 14:43:12.596 |   File "/app/src/registry.py", line 74, in scrape
2026-07-24 14:43:12.596 |     families, had_partial_error = future.result(timeout=target.scrape_timeout_seconds)
2026-07-24 14:43:12.596 |                                   ^^^^^^^^^^^^^^^^^^^^^^^^^^^^^^^^^^^^^^^^^^^^^^^^^^^^
2026-07-24 14:43:12.596 |   File "/usr/local/lib/python3.12/concurrent/futures/_base.py", line 456, in result
2026-07-24 14:43:12.596 |     return self.__get_result()
2026-07-24 14:43:12.596 |            ^^^^^^^^^^^^^^^^^^^
2026-07-24 14:43:12.596 |   File "/usr/local/lib/python3.12/concurrent/futures/_base.py", line 401, in __get_result
2026-07-24 14:43:12.596 |     raise self._exception
2026-07-24 14:43:12.596 |   File "/usr/local/lib/python3.12/concurrent/futures/thread.py", line 59, in run
2026-07-24 14:43:12.596 |     result = self.fn(*self.args, **self.kwargs)
2026-07-24 14:43:12.596 |              ^^^^^^^^^^^^^^^^^^^^^^^^^^^^^^^^^^
2026-07-24 14:43:12.596 |   File "/app/src/registry.py", line 69, in _do_scrape
2026-07-24 14:43:12.596 |     conn = adapter.get_connection()
2026-07-24 14:43:12.596 |            ^^^^^^^^^^^^^^^^^^^^^^^^
2026-07-24 14:43:12.596 |   File "/app/src/collectors/base.py", line 65, in get_connection
2026-07-24 14:43:12.596 |     self._conn = self.connect()
2026-07-24 14:43:12.596 |                  ^^^^^^^^^^^^^^
2026-07-24 14:43:12.596 |   File "/app/src/collectors/sqlserver.py", line 70, in connect
2026-07-24 14:43:12.596 |     conn = pymssql.connect(
2026-07-24 14:43:12.596 |            ^^^^^^^^^^^^^^^^
2026-07-24 14:43:12.596 |   File "src/pymssql/_pymssql.pyx", line 659, in pymssql._pymssql.connect
2026-07-24 14:43:12.596 | pymssql.exceptions.OperationalError: (20009, b'DB-Lib error message 20009, severity 9:\nUnable to connect: Adaptive Server is unavailable or does not exist (COSWINDE516D1)\n')
2026-07-24 14:43:12.596 | 2026-07-24 21:43:12,596 INFO 172.19.0.3 - "GET /metrics?target=hris-scl-engineering-db HTTP/1.1" 200 -
2026-07-24 14:43:14.984 | 2026-07-24 21:43:14,984 INFO 127.0.0.1 - "GET /health HTTP/1.1" 200 -
2026-07-24 14:43:16.782 | 2026-07-24 21:43:16,782 ERROR query 'size' failed for target 'hris-card-db'
2026-07-24 14:43:16.782 | Traceback (most recent call last):
2026-07-24 14:43:16.782 |   File "/app/src/collectors/base.py", line 52, in safe_collect_family
2026-07-24 14:43:16.782 |     result = builder()
2026-07-24 14:43:16.782 |              ^^^^^^^^^
2026-07-24 14:43:16.782 |   File "/app/src/collectors/postgres.py", line 94, in <lambda>
2026-07-24 14:43:16.782 |     ("size", lambda: self._size_family(cur)),
2026-07-24 14:43:16.782 |                      ^^^^^^^^^^^^^^^^^^^^^^
2026-07-24 14:43:16.782 |   File "/app/src/collectors/postgres.py", line 168, in _size_family
2026-07-24 14:43:16.782 |     cur.execute(_SIZE_SQL)
2026-07-24 14:43:16.782 |   File "/usr/local/lib/python3.12/site-packages/psycopg2/extras.py", line 146, in execute
2026-07-24 14:43:16.782 |     return super().execute(query, vars)
2026-07-24 14:43:16.782 |            ^^^^^^^^^^^^^^^^^^^^^^^^^^^^
2026-07-24 14:43:16.782 | psycopg2.errors.InsufficientPrivilege: permission denied for database rdsadmin
2026-07-24 14:43:16.782 | 
2026-07-24 14:43:16.782 | 2026-07-24 21:43:16,782 INFO 172.19.0.3 - "GET /metrics?target=hris-card-db HTTP/1.1" 200 -
2026-07-24 14:43:26.278 | 2026-07-24 21:43:26,277 ERROR query 'query_duration' failed for target 'hris-hims-db'
2026-07-24 14:43:26.278 | Traceback (most recent call last):
2026-07-24 14:43:26.278 |   File "/app/src/collectors/base.py", line 52, in safe_collect_family
2026-07-24 14:43:26.278 |     result = builder()
2026-07-24 14:43:26.278 |              ^^^^^^^^^
2026-07-24 14:43:26.278 |   File "/app/src/collectors/oracle.py", line 103, in <lambda>
2026-07-24 14:43:26.278 |     ("query_duration", lambda: self._query_duration_family(conn)),
2026-07-24 14:43:26.278 |                                ^^^^^^^^^^^^^^^^^^^^^^^^^^^^^^^^^
2026-07-24 14:43:26.278 |   File "/app/src/collectors/oracle.py", line 119, in _query_duration_family
2026-07-24 14:43:26.278 |     cur.execute(_QUERY_STATS_SQL)
2026-07-24 14:43:26.278 |   File "/usr/local/lib/python3.12/site-packages/oracledb/cursor.py", line 710, in execute
2026-07-24 14:43:26.278 |     impl.execute(self)
2026-07-24 14:43:26.278 |   File "src/oracledb/impl/thin/cursor.pyx", line 196, in oracledb.thin_impl.ThinCursorImpl.execute
2026-07-24 14:43:26.278 |   File "src/oracledb/impl/thin/protocol.pyx", line 440, in oracledb.thin_impl.Protocol._process_single_message
2026-07-24 14:43:26.278 |   File "src/oracledb/impl/thin/protocol.pyx", line 441, in oracledb.thin_impl.Protocol._process_single_message
2026-07-24 14:43:26.278 |   File "src/oracledb/impl/thin/protocol.pyx", line 433, in oracledb.thin_impl.Protocol._process_message
2026-07-24 14:43:26.278 |   File "src/oracledb/impl/thin/messages.pyx", line 74, in oracledb.thin_impl.Message._check_and_raise_exception
2026-07-24 14:43:26.278 | oracledb.exceptions.DatabaseError: ORA-00942: table or view does not exist
2026-07-24 14:43:26.278 | Help: https://docs.oracle.com/error-help/db/ora-00942/
2026-07-24 14:43:26.353 | 2026-07-24 21:43:26,353 INFO 172.19.0.3 - "GET /metrics?target=hris-hims-db HTTP/1.1" 200 -
2026-07-24 14:43:27.599 | 2026-07-24 21:43:27,598 ERROR scrape of target 'hris-scl-engineering-db' failed
2026-07-24 14:43:27.599 | Traceback (most recent call last):
2026-07-24 14:43:27.599 |   File "src/pymssql/_pymssql.pyx", line 650, in pymssql._pymssql.connect
2026-07-24 14:43:27.599 |   File "src/pymssql/_mssql.pyx", line 2158, in pymssql._mssql.connect
2026-07-24 14:43:27.599 |   File "src/pymssql/_mssql.pyx", line 712, in pymssql._mssql.MSSQLConnection.__init__
2026-07-24 14:43:27.599 |   File "src/pymssql/_mssql.pyx", line 1884, in pymssql._mssql.maybe_raise_MSSQLDatabaseException
2026-07-24 14:43:27.599 |   File "src/pymssql/_mssql.pyx", line 1901, in pymssql._mssql.raise_MSSQLDatabaseException
2026-07-24 14:43:27.599 | pymssql._mssql.MSSQLDatabaseException: (20009, b'DB-Lib error message 20009, severity 9:\nUnable to connect: Adaptive Server is unavailable or does not exist (COSWINDE516D1)\n')
2026-07-24 14:43:27.599 | 
2026-07-24 14:43:27.599 | During handling of the above exception, another exception occurred:
2026-07-24 14:43:27.599 | 
2026-07-24 14:43:27.599 | Traceback (most recent call last):
2026-07-24 14:43:27.599 |   File "/app/src/registry.py", line 74, in scrape
2026-07-24 14:43:27.599 |     families, had_partial_error = future.result(timeout=target.scrape_timeout_seconds)
2026-07-24 14:43:27.599 |                                   ^^^^^^^^^^^^^^^^^^^^^^^^^^^^^^^^^^^^^^^^^^^^^^^^^^^^
2026-07-24 14:43:27.599 |   File "/usr/local/lib/python3.12/concurrent/futures/_base.py", line 456, in result
2026-07-24 14:43:27.599 |     return self.__get_result()
2026-07-24 14:43:27.599 |            ^^^^^^^^^^^^^^^^^^^
2026-07-24 14:43:27.599 |   File "/usr/local/lib/python3.12/concurrent/futures/_base.py", line 401, in __get_result
2026-07-24 14:43:27.599 |     raise self._exception
2026-07-24 14:43:27.599 |   File "/usr/local/lib/python3.12/concurrent/futures/thread.py", line 59, in run
2026-07-24 14:43:27.599 |     result = self.fn(*self.args, **self.kwargs)
2026-07-24 14:43:27.599 |              ^^^^^^^^^^^^^^^^^^^^^^^^^^^^^^^^^^
2026-07-24 14:43:27.599 |   File "/app/src/registry.py", line 69, in _do_scrape
2026-07-24 14:43:27.599 |     conn = adapter.get_connection()
2026-07-24 14:43:27.599 |            ^^^^^^^^^^^^^^^^^^^^^^^^
2026-07-24 14:43:27.599 |   File "/app/src/collectors/base.py", line 65, in get_connection
2026-07-24 14:43:27.599 |     self._conn = self.connect()
2026-07-24 14:43:27.599 |                  ^^^^^^^^^^^^^^
2026-07-24 14:43:27.599 |   File "/app/src/collectors/sqlserver.py", line 70, in connect
2026-07-24 14:43:27.599 |     conn = pymssql.connect(
2026-07-24 14:43:27.599 |            ^^^^^^^^^^^^^^^^
2026-07-24 14:43:27.599 |   File "src/pymssql/_pymssql.pyx", line 659, in pymssql._pymssql.connect
2026-07-24 14:43:27.599 | pymssql.exceptions.OperationalError: (20009, b'DB-Lib error message 20009, severity 9:\nUnable to connect: Adaptive Server is unavailable or does not exist (COSWINDE516D1)\n')
2026-07-24 14:43:27.599 | 2026-07-24 21:43:27,599 INFO 172.19.0.3 - "GET /metrics?target=hris-scl-engineering-db HTTP/1.1" 200 -
2026-07-24 14:43:31.782 | 2026-07-24 21:43:31,782 ERROR query 'size' failed for target 'hris-card-db'
2026-07-24 14:43:31.782 | Traceback (most recent call last):
2026-07-24 14:43:31.782 |   File "/app/src/collectors/base.py", line 52, in safe_collect_family
2026-07-24 14:43:31.782 |     result = builder()
2026-07-24 14:43:31.782 |              ^^^^^^^^^
2026-07-24 14:43:31.782 |   File "/app/src/collectors/postgres.py", line 94, in <lambda>
2026-07-24 14:43:31.782 |     ("size", lambda: self._size_family(cur)),
2026-07-24 14:43:31.782 |                      ^^^^^^^^^^^^^^^^^^^^^^
2026-07-24 14:43:31.782 |   File "/app/src/collectors/postgres.py", line 168, in _size_family
2026-07-24 14:43:31.782 |     cur.execute(_SIZE_SQL)
2026-07-24 14:43:31.782 |   File "/usr/local/lib/python3.12/site-packages/psycopg2/extras.py", line 146, in execute
2026-07-24 14:43:31.782 |     return super().execute(query, vars)
2026-07-24 14:43:31.782 |            ^^^^^^^^^^^^^^^^^^^^^^^^^^^^
2026-07-24 14:43:31.782 | psycopg2.errors.InsufficientPrivilege: permission denied for database rdsadmin
2026-07-24 14:43:31.782 | 
2026-07-24 14:43:31.782 | 2026-07-24 21:43:31,782 INFO 172.19.0.3 - "GET /metrics?target=hris-card-db HTTP/1.1" 200 -
2026-07-24 14:43:41.278 | 2026-07-24 21:43:41,277 ERROR query 'query_duration' failed for target 'hris-hims-db'
2026-07-24 14:43:41.278 | Traceback (most recent call last):
2026-07-24 14:43:41.278 |   File "/app/src/collectors/base.py", line 52, in safe_collect_family
2026-07-24 14:43:41.278 |     result = builder()
2026-07-24 14:43:41.278 |              ^^^^^^^^^
2026-07-24 14:43:41.278 |   File "/app/src/collectors/oracle.py", line 103, in <lambda>
2026-07-24 14:43:41.278 |     ("query_duration", lambda: self._query_duration_family(conn)),
2026-07-24 14:43:41.278 |                                ^^^^^^^^^^^^^^^^^^^^^^^^^^^^^^^^^
2026-07-24 14:43:41.278 |   File "/app/src/collectors/oracle.py", line 119, in _query_duration_family
2026-07-24 14:43:41.278 |     cur.execute(_QUERY_STATS_SQL)
2026-07-24 14:43:41.278 |   File "/usr/local/lib/python3.12/site-packages/oracledb/cursor.py", line 710, in execute
2026-07-24 14:43:41.278 |     impl.execute(self)
2026-07-24 14:43:41.278 |   File "src/oracledb/impl/thin/cursor.pyx", line 196, in oracledb.thin_impl.ThinCursorImpl.execute
2026-07-24 14:43:41.278 |   File "src/oracledb/impl/thin/protocol.pyx", line 440, in oracledb.thin_impl.Protocol._process_single_message
2026-07-24 14:43:41.278 |   File "src/oracledb/impl/thin/protocol.pyx", line 441, in oracledb.thin_impl.Protocol._process_single_message
2026-07-24 14:43:41.278 |   File "src/oracledb/impl/thin/protocol.pyx", line 433, in oracledb.thin_impl.Protocol._process_message
2026-07-24 14:43:41.278 |   File "src/oracledb/impl/thin/messages.pyx", line 74, in oracledb.thin_impl.Message._check_and_raise_exception
2026-07-24 14:43:41.278 | oracledb.exceptions.DatabaseError: ORA-00942: table or view does not exist
2026-07-24 14:43:41.278 | Help: https://docs.oracle.com/error-help/db/ora-00942/
2026-07-24 14:43:41.360 | 2026-07-24 21:43:41,360 INFO 172.19.0.3 - "GET /metrics?target=hris-hims-db HTTP/1.1" 200 -
2026-07-24 14:43:42.599 | 2026-07-24 21:43:42,598 ERROR scrape of target 'hris-scl-engineering-db' failed
2026-07-24 14:43:42.599 | Traceback (most recent call last):
2026-07-24 14:43:42.599 |   File "src/pymssql/_pymssql.pyx", line 650, in pymssql._pymssql.connect
2026-07-24 14:43:42.599 |   File "src/pymssql/_mssql.pyx", line 2158, in pymssql._mssql.connect
2026-07-24 14:43:42.599 |   File "src/pymssql/_mssql.pyx", line 712, in pymssql._mssql.MSSQLConnection.__init__
2026-07-24 14:43:42.599 |   File "src/pymssql/_mssql.pyx", line 1884, in pymssql._mssql.maybe_raise_MSSQLDatabaseException
2026-07-24 14:43:42.599 |   File "src/pymssql/_mssql.pyx", line 1901, in pymssql._mssql.raise_MSSQLDatabaseException
2026-07-24 14:43:42.599 | pymssql._mssql.MSSQLDatabaseException: (20009, b'DB-Lib error message 20009, severity 9:\nUnable to connect: Adaptive Server is unavailable or does not exist (COSWINDE516D1)\n')
2026-07-24 14:43:42.599 | 
2026-07-24 14:43:42.599 | During handling of the above exception, another exception occurred:
2026-07-24 14:43:42.599 | 
2026-07-24 14:43:42.599 | Traceback (most recent call last):
2026-07-24 14:43:42.599 |   File "/app/src/registry.py", line 74, in scrape
2026-07-24 14:43:42.599 |     families, had_partial_error = future.result(timeout=target.scrape_timeout_seconds)
2026-07-24 14:43:42.599 |                                   ^^^^^^^^^^^^^^^^^^^^^^^^^^^^^^^^^^^^^^^^^^^^^^^^^^^^
2026-07-24 14:43:42.599 |   File "/usr/local/lib/python3.12/concurrent/futures/_base.py", line 456, in result
2026-07-24 14:43:42.599 |     return self.__get_result()
2026-07-24 14:43:42.599 |            ^^^^^^^^^^^^^^^^^^^
2026-07-24 14:43:42.599 |   File "/usr/local/lib/python3.12/concurrent/futures/_base.py", line 401, in __get_result
2026-07-24 14:43:42.599 |     raise self._exception
2026-07-24 14:43:42.599 |   File "/usr/local/lib/python3.12/concurrent/futures/thread.py", line 59, in run
2026-07-24 14:43:42.599 |     result = self.fn(*self.args, **self.kwargs)
2026-07-24 14:43:42.599 |              ^^^^^^^^^^^^^^^^^^^^^^^^^^^^^^^^^^
2026-07-24 14:43:42.599 |   File "/app/src/registry.py", line 69, in _do_scrape
2026-07-24 14:43:42.599 |     conn = adapter.get_connection()
2026-07-24 14:43:42.599 |            ^^^^^^^^^^^^^^^^^^^^^^^^
2026-07-24 14:43:42.599 |   File "/app/src/collectors/base.py", line 65, in get_connection
2026-07-24 14:43:42.599 |     self._conn = self.connect()
2026-07-24 14:43:42.599 |                  ^^^^^^^^^^^^^^
2026-07-24 14:43:42.599 |   File "/app/src/collectors/sqlserver.py", line 70, in connect
2026-07-24 14:43:42.599 |     conn = pymssql.connect(
2026-07-24 14:43:42.599 |            ^^^^^^^^^^^^^^^^
2026-07-24 14:43:42.599 |   File "src/pymssql/_pymssql.pyx", line 659, in pymssql._pymssql.connect
2026-07-24 14:43:42.599 | pymssql.exceptions.OperationalError: (20009, b'DB-Lib error message 20009, severity 9:\nUnable to connect: Adaptive Server is unavailable or does not exist (COSWINDE516D1)\n')
2026-07-24 14:43:42.599 | 2026-07-24 21:43:42,599 INFO 172.19.0.3 - "GET /metrics?target=hris-scl-engineering-db HTTP/1.1" 200 -
2026-07-24 14:43:45.096 | 2026-07-24 21:43:45,095 INFO 127.0.0.1 - "GET /health HTTP/1.1" 200 -
2026-07-24 14:43:46.783 | 2026-07-24 21:43:46,782 ERROR query 'size' failed for target 'hris-card-db'
2026-07-24 14:43:46.783 | Traceback (most recent call last):
2026-07-24 14:43:46.783 |   File "/app/src/collectors/base.py", line 52, in safe_collect_family
2026-07-24 14:43:46.783 |     result = builder()
2026-07-24 14:43:46.783 |              ^^^^^^^^^
2026-07-24 14:43:46.783 |   File "/app/src/collectors/postgres.py", line 94, in <lambda>
2026-07-24 14:43:46.783 |     ("size", lambda: self._size_family(cur)),
2026-07-24 14:43:46.783 |                      ^^^^^^^^^^^^^^^^^^^^^^
2026-07-24 14:43:46.783 |   File "/app/src/collectors/postgres.py", line 168, in _size_family
2026-07-24 14:43:46.783 |     cur.execute(_SIZE_SQL)
2026-07-24 14:43:46.783 |   File "/usr/local/lib/python3.12/site-packages/psycopg2/extras.py", line 146, in execute
2026-07-24 14:43:46.783 |     return super().execute(query, vars)
2026-07-24 14:43:46.783 |            ^^^^^^^^^^^^^^^^^^^^^^^^^^^^
2026-07-24 14:43:46.783 | psycopg2.errors.InsufficientPrivilege: permission denied for database rdsadmin
2026-07-24 14:43:46.783 | 
2026-07-24 14:43:46.783 | 2026-07-24 21:43:46,783 INFO 172.19.0.3 - "GET /metrics?target=hris-card-db HTTP/1.1" 200 -
2026-07-24 14:43:56.277 | 2026-07-24 21:43:56,276 ERROR query 'query_duration' failed for target 'hris-hims-db'
2026-07-24 14:43:56.277 | Traceback (most recent call last):
2026-07-24 14:43:56.277 |   File "/app/src/collectors/base.py", line 52, in safe_collect_family
2026-07-24 14:43:56.277 |     result = builder()
2026-07-24 14:43:56.277 |              ^^^^^^^^^
2026-07-24 14:43:56.277 |   File "/app/src/collectors/oracle.py", line 103, in <lambda>
2026-07-24 14:43:56.277 |     ("query_duration", lambda: self._query_duration_family(conn)),
2026-07-24 14:43:56.277 |                                ^^^^^^^^^^^^^^^^^^^^^^^^^^^^^^^^^
2026-07-24 14:43:56.277 |   File "/app/src/collectors/oracle.py", line 119, in _query_duration_family
2026-07-24 14:43:56.277 |     cur.execute(_QUERY_STATS_SQL)
2026-07-24 14:43:56.277 |   File "/usr/local/lib/python3.12/site-packages/oracledb/cursor.py", line 710, in execute
2026-07-24 14:43:56.277 |     impl.execute(self)
2026-07-24 14:43:56.277 |   File "src/oracledb/impl/thin/cursor.pyx", line 196, in oracledb.thin_impl.ThinCursorImpl.execute
2026-07-24 14:43:56.277 |   File "src/oracledb/impl/thin/protocol.pyx", line 440, in oracledb.thin_impl.Protocol._process_single_message
2026-07-24 14:43:56.277 |   File "src/oracledb/impl/thin/protocol.pyx", line 441, in oracledb.thin_impl.Protocol._process_single_message
2026-07-24 14:43:56.277 |   File "src/oracledb/impl/thin/protocol.pyx", line 433, in oracledb.thin_impl.Protocol._process_message
2026-07-24 14:43:56.277 |   File "src/oracledb/impl/thin/messages.pyx", line 74, in oracledb.thin_impl.Message._check_and_raise_exception
2026-07-24 14:43:56.277 | oracledb.exceptions.DatabaseError: ORA-00942: table or view does not exist
2026-07-24 14:43:56.277 | Help: https://docs.oracle.com/error-help/db/ora-00942/
2026-07-24 14:43:56.361 | 2026-07-24 21:43:56,361 INFO 172.19.0.3 - "GET /metrics?target=hris-hims-db HTTP/1.1" 200 -
2026-07-24 14:43:57.599 | 2026-07-24 21:43:57,598 ERROR scrape of target 'hris-scl-engineering-db' failed
2026-07-24 14:43:57.599 | Traceback (most recent call last):
2026-07-24 14:43:57.599 |   File "src/pymssql/_pymssql.pyx", line 650, in pymssql._pymssql.connect
2026-07-24 14:43:57.599 |   File "src/pymssql/_mssql.pyx", line 2158, in pymssql._mssql.connect
2026-07-24 14:43:57.599 |   File "src/pymssql/_mssql.pyx", line 712, in pymssql._mssql.MSSQLConnection.__init__
2026-07-24 14:43:57.599 |   File "src/pymssql/_mssql.pyx", line 1884, in pymssql._mssql.maybe_raise_MSSQLDatabaseException
2026-07-24 14:43:57.599 |   File "src/pymssql/_mssql.pyx", line 1901, in pymssql._mssql.raise_MSSQLDatabaseException
2026-07-24 14:43:57.599 | pymssql._mssql.MSSQLDatabaseException: (20009, b'DB-Lib error message 20009, severity 9:\nUnable to connect: Adaptive Server is unavailable or does not exist (COSWINDE516D1)\n')
2026-07-24 14:43:57.599 | 
2026-07-24 14:43:57.599 | During handling of the above exception, another exception occurred:
2026-07-24 14:43:57.599 | 
2026-07-24 14:43:57.599 | Traceback (most recent call last):
2026-07-24 14:43:57.599 |   File "/app/src/registry.py", line 74, in scrape
2026-07-24 14:43:57.599 |     families, had_partial_error = future.result(timeout=target.scrape_timeout_seconds)
2026-07-24 14:43:57.599 |                                   ^^^^^^^^^^^^^^^^^^^^^^^^^^^^^^^^^^^^^^^^^^^^^^^^^^^^
2026-07-24 14:43:57.599 |   File "/usr/local/lib/python3.12/concurrent/futures/_base.py", line 456, in result
2026-07-24 14:43:57.599 |     return self.__get_result()
2026-07-24 14:43:57.599 |            ^^^^^^^^^^^^^^^^^^^
2026-07-24 14:43:57.599 |   File "/usr/local/lib/python3.12/concurrent/futures/_base.py", line 401, in __get_result
2026-07-24 14:43:57.599 |     raise self._exception
2026-07-24 14:43:57.599 |   File "/usr/local/lib/python3.12/concurrent/futures/thread.py", line 59, in run
2026-07-24 14:43:57.599 |     result = self.fn(*self.args, **self.kwargs)
2026-07-24 14:43:57.599 |              ^^^^^^^^^^^^^^^^^^^^^^^^^^^^^^^^^^
2026-07-24 14:43:57.599 |   File "/app/src/registry.py", line 69, in _do_scrape
2026-07-24 14:43:57.599 |     conn = adapter.get_connection()
2026-07-24 14:43:57.599 |            ^^^^^^^^^^^^^^^^^^^^^^^^
2026-07-24 14:43:57.599 |   File "/app/src/collectors/base.py", line 65, in get_connection
2026-07-24 14:43:57.599 |     self._conn = self.connect()
2026-07-24 14:43:57.599 |                  ^^^^^^^^^^^^^^
2026-07-24 14:43:57.599 |   File "/app/src/collectors/sqlserver.py", line 70, in connect
2026-07-24 14:43:57.599 |     conn = pymssql.connect(
2026-07-24 14:43:57.599 |            ^^^^^^^^^^^^^^^^
2026-07-24 14:43:57.599 |   File "src/pymssql/_pymssql.pyx", line 659, in pymssql._pymssql.connect
2026-07-24 14:43:57.600 | pymssql.exceptions.OperationalError: (20009, b'DB-Lib error message 20009, severity 9:\nUnable to connect: Adaptive Server is unavailable or does not exist (COSWINDE516D1)\n')
2026-07-24 14:43:57.600 | 2026-07-24 21:43:57,599 INFO 172.19.0.3 - "GET /metrics?target=hris-scl-engineering-db HTTP/1.1" 200 -
2026-07-24 14:44:01.811 | 2026-07-24 21:44:01,810 ERROR query 'size' failed for target 'hris-card-db'
2026-07-24 14:44:01.811 | Traceback (most recent call last):
2026-07-24 14:44:01.811 |   File "/app/src/collectors/base.py", line 52, in safe_collect_family
2026-07-24 14:44:01.811 |     result = builder()
2026-07-24 14:44:01.811 |              ^^^^^^^^^
2026-07-24 14:44:01.811 |   File "/app/src/collectors/postgres.py", line 94, in <lambda>
2026-07-24 14:44:01.811 |     ("size", lambda: self._size_family(cur)),
2026-07-24 14:44:01.811 |                      ^^^^^^^^^^^^^^^^^^^^^^
2026-07-24 14:44:01.811 |   File "/app/src/collectors/postgres.py", line 168, in _size_family
2026-07-24 14:44:01.811 |     cur.execute(_SIZE_SQL)
2026-07-24 14:44:01.811 |   File "/usr/local/lib/python3.12/site-packages/psycopg2/extras.py", line 146, in execute
2026-07-24 14:44:01.811 |     return super().execute(query, vars)
2026-07-24 14:44:01.811 |            ^^^^^^^^^^^^^^^^^^^^^^^^^^^^
2026-07-24 14:44:01.811 | psycopg2.errors.InsufficientPrivilege: permission denied for database rdsadmin
2026-07-24 14:44:01.811 | 
2026-07-24 14:44:01.811 | 2026-07-24 21:44:01,811 INFO 172.19.0.3 - "GET /metrics?target=hris-card-db HTTP/1.1" 200 -
2026-07-24 14:44:11.277 | 2026-07-24 21:44:11,277 ERROR query 'query_duration' failed for target 'hris-hims-db'
2026-07-24 14:44:11.278 | Traceback (most recent call last):
2026-07-24 14:44:11.278 |   File "/app/src/collectors/base.py", line 52, in safe_collect_family
2026-07-24 14:44:11.278 |     result = builder()
2026-07-24 14:44:11.278 |              ^^^^^^^^^
2026-07-24 14:44:11.278 |   File "/app/src/collectors/oracle.py", line 103, in <lambda>
2026-07-24 14:44:11.278 |     ("query_duration", lambda: self._query_duration_family(conn)),
2026-07-24 14:44:11.278 |                                ^^^^^^^^^^^^^^^^^^^^^^^^^^^^^^^^^
2026-07-24 14:44:11.278 |   File "/app/src/collectors/oracle.py", line 119, in _query_duration_family
2026-07-24 14:44:11.278 |     cur.execute(_QUERY_STATS_SQL)
2026-07-24 14:44:11.278 |   File "/usr/local/lib/python3.12/site-packages/oracledb/cursor.py", line 710, in execute
2026-07-24 14:44:11.278 |     impl.execute(self)
2026-07-24 14:44:11.278 |   File "src/oracledb/impl/thin/cursor.pyx", line 196, in oracledb.thin_impl.ThinCursorImpl.execute
2026-07-24 14:44:11.278 |   File "src/oracledb/impl/thin/protocol.pyx", line 440, in oracledb.thin_impl.Protocol._process_single_message
2026-07-24 14:44:11.278 |   File "src/oracledb/impl/thin/protocol.pyx", line 441, in oracledb.thin_impl.Protocol._process_single_message
2026-07-24 14:44:11.278 |   File "src/oracledb/impl/thin/protocol.pyx", line 433, in oracledb.thin_impl.Protocol._process_message
2026-07-24 14:44:11.278 |   File "src/oracledb/impl/thin/messages.pyx", line 74, in oracledb.thin_impl.Message._check_and_raise_exception
2026-07-24 14:44:11.278 | oracledb.exceptions.DatabaseError: ORA-00942: table or view does not exist
2026-07-24 14:44:11.278 | Help: https://docs.oracle.com/error-help/db/ora-00942/
2026-07-24 14:44:11.352 | 2026-07-24 21:44:11,352 INFO 172.19.0.3 - "GET /metrics?target=hris-hims-db HTTP/1.1" 200 -
2026-07-24 14:44:12.600 | 2026-07-24 21:44:12,599 ERROR scrape of target 'hris-scl-engineering-db' failed
2026-07-24 14:44:12.600 | Traceback (most recent call last):
2026-07-24 14:44:12.600 |   File "src/pymssql/_pymssql.pyx", line 650, in pymssql._pymssql.connect
2026-07-24 14:44:12.600 |   File "src/pymssql/_mssql.pyx", line 2158, in pymssql._mssql.connect
2026-07-24 14:44:12.600 |   File "src/pymssql/_mssql.pyx", line 712, in pymssql._mssql.MSSQLConnection.__init__
2026-07-24 14:44:12.600 |   File "src/pymssql/_mssql.pyx", line 1884, in pymssql._mssql.maybe_raise_MSSQLDatabaseException
2026-07-24 14:44:12.600 |   File "src/pymssql/_mssql.pyx", line 1901, in pymssql._mssql.raise_MSSQLDatabaseException
2026-07-24 14:44:12.600 | pymssql._mssql.MSSQLDatabaseException: (20009, b'DB-Lib error message 20009, severity 9:\nUnable to connect: Adaptive Server is unavailable or does not exist (COSWINDE516D1)\n')
2026-07-24 14:44:12.600 | 
2026-07-24 14:44:12.600 | During handling of the above exception, another exception occurred:
2026-07-24 14:44:12.600 | 
2026-07-24 14:44:12.600 | Traceback (most recent call last):
2026-07-24 14:44:12.600 |   File "/app/src/registry.py", line 74, in scrape
2026-07-24 14:44:12.600 |     families, had_partial_error = future.result(timeout=target.scrape_timeout_seconds)
2026-07-24 14:44:12.600 |                                   ^^^^^^^^^^^^^^^^^^^^^^^^^^^^^^^^^^^^^^^^^^^^^^^^^^^^
2026-07-24 14:44:12.600 |   File "/usr/local/lib/python3.12/concurrent/futures/_base.py", line 456, in result
2026-07-24 14:44:12.600 |     return self.__get_result()
2026-07-24 14:44:12.600 |            ^^^^^^^^^^^^^^^^^^^
2026-07-24 14:44:12.600 |   File "/usr/local/lib/python3.12/concurrent/futures/_base.py", line 401, in __get_result
2026-07-24 14:44:12.600 |     raise self._exception
2026-07-24 14:44:12.600 |   File "/usr/local/lib/python3.12/concurrent/futures/thread.py", line 59, in run
2026-07-24 14:44:12.600 |     result = self.fn(*self.args, **self.kwargs)
2026-07-24 14:44:12.600 |              ^^^^^^^^^^^^^^^^^^^^^^^^^^^^^^^^^^
2026-07-24 14:44:12.600 |   File "/app/src/registry.py", line 69, in _do_scrape
2026-07-24 14:44:12.600 |     conn = adapter.get_connection()
2026-07-24 14:44:12.600 |            ^^^^^^^^^^^^^^^^^^^^^^^^
2026-07-24 14:44:12.600 |   File "/app/src/collectors/base.py", line 65, in get_connection
2026-07-24 14:44:12.600 |     self._conn = self.connect()
2026-07-24 14:44:12.600 |                  ^^^^^^^^^^^^^^
2026-07-24 14:44:12.600 |   File "/app/src/collectors/sqlserver.py", line 70, in connect
2026-07-24 14:44:12.600 |     conn = pymssql.connect(
2026-07-24 14:44:12.600 |            ^^^^^^^^^^^^^^^^
2026-07-24 14:44:12.600 |   File "src/pymssql/_pymssql.pyx", line 659, in pymssql._pymssql.connect
2026-07-24 14:44:12.600 | pymssql.exceptions.OperationalError: (20009, b'DB-Lib error message 20009, severity 9:\nUnable to connect: Adaptive Server is unavailable or does not exist (COSWINDE516D1)\n')
2026-07-24 14:44:12.600 | 2026-07-24 21:44:12,600 INFO 172.19.0.3 - "GET /metrics?target=hris-scl-engineering-db HTTP/1.1" 200 -
2026-07-24 14:44:15.214 | 2026-07-24 21:44:15,214 INFO 127.0.0.1 - "GET /health HTTP/1.1" 200 -
2026-07-24 14:44:16.781 | 2026-07-24 21:44:16,781 ERROR query 'size' failed for target 'hris-card-db'
2026-07-24 14:44:16.781 | Traceback (most recent call last):
2026-07-24 14:44:16.781 |   File "/app/src/collectors/base.py", line 52, in safe_collect_family
2026-07-24 14:44:16.781 |     result = builder()
2026-07-24 14:44:16.781 |              ^^^^^^^^^
2026-07-24 14:44:16.781 |   File "/app/src/collectors/postgres.py", line 94, in <lambda>
2026-07-24 14:44:16.781 |     ("size", lambda: self._size_family(cur)),
2026-07-24 14:44:16.781 |                      ^^^^^^^^^^^^^^^^^^^^^^
2026-07-24 14:44:16.781 |   File "/app/src/collectors/postgres.py", line 168, in _size_family
2026-07-24 14:44:16.781 |     cur.execute(_SIZE_SQL)
2026-07-24 14:44:16.781 |   File "/usr/local/lib/python3.12/site-packages/psycopg2/extras.py", line 146, in execute
2026-07-24 14:44:16.781 |     return super().execute(query, vars)
2026-07-24 14:44:16.781 |            ^^^^^^^^^^^^^^^^^^^^^^^^^^^^
2026-07-24 14:44:16.781 | psycopg2.errors.InsufficientPrivilege: permission denied for database rdsadmin
2026-07-24 14:44:16.781 | 
2026-07-24 14:44:16.781 | 2026-07-24 21:44:16,781 INFO 172.19.0.3 - "GET /metrics?target=hris-card-db HTTP/1.1" 200 -
2026-07-24 14:44:26.278 | 2026-07-24 21:44:26,278 ERROR query 'query_duration' failed for target 'hris-hims-db'
2026-07-24 14:44:26.278 | Traceback (most recent call last):
2026-07-24 14:44:26.278 |   File "/app/src/collectors/base.py", line 52, in safe_collect_family
2026-07-24 14:44:26.278 |     result = builder()
2026-07-24 14:44:26.278 |              ^^^^^^^^^
2026-07-24 14:44:26.278 |   File "/app/src/collectors/oracle.py", line 103, in <lambda>
2026-07-24 14:44:26.278 |     ("query_duration", lambda: self._query_duration_family(conn)),
2026-07-24 14:44:26.278 |                                ^^^^^^^^^^^^^^^^^^^^^^^^^^^^^^^^^
2026-07-24 14:44:26.278 |   File "/app/src/collectors/oracle.py", line 119, in _query_duration_family
2026-07-24 14:44:26.278 |     cur.execute(_QUERY_STATS_SQL)
2026-07-24 14:44:26.278 |   File "/usr/local/lib/python3.12/site-packages/oracledb/cursor.py", line 710, in execute
2026-07-24 14:44:26.278 |     impl.execute(self)
2026-07-24 14:44:26.278 |   File "src/oracledb/impl/thin/cursor.pyx", line 196, in oracledb.thin_impl.ThinCursorImpl.execute
2026-07-24 14:44:26.278 |   File "src/oracledb/impl/thin/protocol.pyx", line 440, in oracledb.thin_impl.Protocol._process_single_message
2026-07-24 14:44:26.278 |   File "src/oracledb/impl/thin/protocol.pyx", line 441, in oracledb.thin_impl.Protocol._process_single_message
2026-07-24 14:44:26.278 |   File "src/oracledb/impl/thin/protocol.pyx", line 433, in oracledb.thin_impl.Protocol._process_message
2026-07-24 14:44:26.278 |   File "src/oracledb/impl/thin/messages.pyx", line 74, in oracledb.thin_impl.Message._check_and_raise_exception
2026-07-24 14:44:26.278 | oracledb.exceptions.DatabaseError: ORA-00942: table or view does not exist
2026-07-24 14:44:26.278 | Help: https://docs.oracle.com/error-help/db/ora-00942/
2026-07-24 14:44:26.352 | 2026-07-24 21:44:26,352 INFO 172.19.0.3 - "GET /metrics?target=hris-hims-db HTTP/1.1" 200 -
2026-07-24 14:44:27.600 | 2026-07-24 21:44:27,599 ERROR scrape of target 'hris-scl-engineering-db' failed
2026-07-24 14:44:27.600 | Traceback (most recent call last):
2026-07-24 14:44:27.600 |   File "src/pymssql/_pymssql.pyx", line 650, in pymssql._pymssql.connect
2026-07-24 14:44:27.600 |   File "src/pymssql/_mssql.pyx", line 2158, in pymssql._mssql.connect
2026-07-24 14:44:27.600 |   File "src/pymssql/_mssql.pyx", line 712, in pymssql._mssql.MSSQLConnection.__init__
2026-07-24 14:44:27.600 |   File "src/pymssql/_mssql.pyx", line 1884, in pymssql._mssql.maybe_raise_MSSQLDatabaseException
2026-07-24 14:44:27.600 |   File "src/pymssql/_mssql.pyx", line 1901, in pymssql._mssql.raise_MSSQLDatabaseException
2026-07-24 14:44:27.600 | pymssql._mssql.MSSQLDatabaseException: (20009, b'DB-Lib error message 20009, severity 9:\nUnable to connect: Adaptive Server is unavailable or does not exist (COSWINDE516D1)\n')
2026-07-24 14:44:27.600 | 
2026-07-24 14:44:27.600 | During handling of the above exception, another exception occurred:
2026-07-24 14:44:27.600 | 
2026-07-24 14:44:27.600 | Traceback (most recent call last):
2026-07-24 14:44:27.600 |   File "/app/src/registry.py", line 74, in scrape
2026-07-24 14:44:27.600 |     families, had_partial_error = future.result(timeout=target.scrape_timeout_seconds)
2026-07-24 14:44:27.600 |                                   ^^^^^^^^^^^^^^^^^^^^^^^^^^^^^^^^^^^^^^^^^^^^^^^^^^^^
2026-07-24 14:44:27.600 |   File "/usr/local/lib/python3.12/concurrent/futures/_base.py", line 456, in result
2026-07-24 14:44:27.600 |     return self.__get_result()
2026-07-24 14:44:27.600 |            ^^^^^^^^^^^^^^^^^^^
2026-07-24 14:44:27.600 |   File "/usr/local/lib/python3.12/concurrent/futures/_base.py", line 401, in __get_result
2026-07-24 14:44:27.600 |     raise self._exception
2026-07-24 14:44:27.600 |   File "/usr/local/lib/python3.12/concurrent/futures/thread.py", line 59, in run
2026-07-24 14:44:27.600 |     result = self.fn(*self.args, **self.kwargs)
2026-07-24 14:44:27.600 |              ^^^^^^^^^^^^^^^^^^^^^^^^^^^^^^^^^^
2026-07-24 14:44:27.600 |   File "/app/src/registry.py", line 69, in _do_scrape
2026-07-24 14:44:27.600 |     conn = adapter.get_connection()
2026-07-24 14:44:27.600 |            ^^^^^^^^^^^^^^^^^^^^^^^^
2026-07-24 14:44:27.600 |   File "/app/src/collectors/base.py", line 65, in get_connection
2026-07-24 14:44:27.600 |     self._conn = self.connect()
2026-07-24 14:44:27.600 |                  ^^^^^^^^^^^^^^
2026-07-24 14:44:27.600 |   File "/app/src/collectors/sqlserver.py", line 70, in connect
2026-07-24 14:44:27.600 |     conn = pymssql.connect(
2026-07-24 14:44:27.600 |            ^^^^^^^^^^^^^^^^
2026-07-24 14:44:27.600 |   File "src/pymssql/_pymssql.pyx", line 659, in pymssql._pymssql.connect
2026-07-24 14:44:27.600 | pymssql.exceptions.OperationalError: (20009, b'DB-Lib error message 20009, severity 9:\nUnable to connect: Adaptive Server is unavailable or does not exist (COSWINDE516D1)\n')
2026-07-24 14:44:27.600 | 2026-07-24 21:44:27,600 INFO 172.19.0.3 - "GET /metrics?target=hris-scl-engineering-db HTTP/1.1" 200 -
2026-07-24 14:44:31.782 | 2026-07-24 21:44:31,782 ERROR query 'size' failed for target 'hris-card-db'
2026-07-24 14:44:31.782 | Traceback (most recent call last):
2026-07-24 14:44:31.782 |   File "/app/src/collectors/base.py", line 52, in safe_collect_family
2026-07-24 14:44:31.782 |     result = builder()
2026-07-24 14:44:31.783 |              ^^^^^^^^^
2026-07-24 14:44:31.783 |   File "/app/src/collectors/postgres.py", line 94, in <lambda>
2026-07-24 14:44:31.783 |     ("size", lambda: self._size_family(cur)),
2026-07-24 14:44:31.783 |                      ^^^^^^^^^^^^^^^^^^^^^^
2026-07-24 14:44:31.783 |   File "/app/src/collectors/postgres.py", line 168, in _size_family
2026-07-24 14:44:31.783 |     cur.execute(_SIZE_SQL)
2026-07-24 14:44:31.783 |   File "/usr/local/lib/python3.12/site-packages/psycopg2/extras.py", line 146, in execute
2026-07-24 14:44:31.783 |     return super().execute(query, vars)
2026-07-24 14:44:31.783 |            ^^^^^^^^^^^^^^^^^^^^^^^^^^^^
2026-07-24 14:44:31.783 | psycopg2.errors.InsufficientPrivilege: permission denied for database rdsadmin
2026-07-24 14:44:31.783 | 
2026-07-24 14:44:31.783 | 2026-07-24 21:44:31,783 INFO 172.19.0.3 - "GET /metrics?target=hris-card-db HTTP/1.1" 200 -
2026-07-24 14:44:41.278 | 2026-07-24 21:44:41,277 ERROR query 'query_duration' failed for target 'hris-hims-db'
2026-07-24 14:44:41.278 | Traceback (most recent call last):
2026-07-24 14:44:41.278 |   File "/app/src/collectors/base.py", line 52, in safe_collect_family
2026-07-24 14:44:41.278 |     result = builder()
2026-07-24 14:44:41.278 |              ^^^^^^^^^
2026-07-24 14:44:41.278 |   File "/app/src/collectors/oracle.py", line 103, in <lambda>
2026-07-24 14:44:41.278 |     ("query_duration", lambda: self._query_duration_family(conn)),
2026-07-24 14:44:41.278 |                                ^^^^^^^^^^^^^^^^^^^^^^^^^^^^^^^^^
2026-07-24 14:44:41.278 |   File "/app/src/collectors/oracle.py", line 119, in _query_duration_family
2026-07-24 14:44:41.278 |     cur.execute(_QUERY_STATS_SQL)
2026-07-24 14:44:41.278 |   File "/usr/local/lib/python3.12/site-packages/oracledb/cursor.py", line 710, in execute
2026-07-24 14:44:41.278 |     impl.execute(self)
2026-07-24 14:44:41.278 |   File "src/oracledb/impl/thin/cursor.pyx", line 196, in oracledb.thin_impl.ThinCursorImpl.execute
2026-07-24 14:44:41.278 |   File "src/oracledb/impl/thin/protocol.pyx", line 440, in oracledb.thin_impl.Protocol._process_single_message
2026-07-24 14:44:41.278 |   File "src/oracledb/impl/thin/protocol.pyx", line 441, in oracledb.thin_impl.Protocol._process_single_message
2026-07-24 14:44:41.278 |   File "src/oracledb/impl/thin/protocol.pyx", line 433, in oracledb.thin_impl.Protocol._process_message
2026-07-24 14:44:41.278 |   File "src/oracledb/impl/thin/messages.pyx", line 74, in oracledb.thin_impl.Message._check_and_raise_exception
2026-07-24 14:44:41.278 | oracledb.exceptions.DatabaseError: ORA-00942: table or view does not exist
2026-07-24 14:44:41.278 | Help: https://docs.oracle.com/error-help/db/ora-00942/
2026-07-24 14:44:41.362 | 2026-07-24 21:44:41,361 INFO 172.19.0.3 - "GET /metrics?target=hris-hims-db HTTP/1.1" 200 -
2026-07-24 14:44:42.597 | 2026-07-24 21:44:42,596 ERROR scrape of target 'hris-scl-engineering-db' failed
2026-07-24 14:44:42.597 | Traceback (most recent call last):
2026-07-24 14:44:42.597 |   File "src/pymssql/_pymssql.pyx", line 650, in pymssql._pymssql.connect
2026-07-24 14:44:42.597 |   File "src/pymssql/_mssql.pyx", line 2158, in pymssql._mssql.connect
2026-07-24 14:44:42.597 |   File "src/pymssql/_mssql.pyx", line 712, in pymssql._mssql.MSSQLConnection.__init__
2026-07-24 14:44:42.597 |   File "src/pymssql/_mssql.pyx", line 1884, in pymssql._mssql.maybe_raise_MSSQLDatabaseException
2026-07-24 14:44:42.597 |   File "src/pymssql/_mssql.pyx", line 1901, in pymssql._mssql.raise_MSSQLDatabaseException
2026-07-24 14:44:42.597 | pymssql._mssql.MSSQLDatabaseException: (20009, b'DB-Lib error message 20009, severity 9:\nUnable to connect: Adaptive Server is unavailable or does not exist (COSWINDE516D1)\n')
2026-07-24 14:44:42.597 | 
2026-07-24 14:44:42.597 | During handling of the above exception, another exception occurred:
2026-07-24 14:44:42.597 | 
2026-07-24 14:44:42.597 | Traceback (most recent call last):
2026-07-24 14:44:42.597 |   File "/app/src/registry.py", line 74, in scrape
2026-07-24 14:44:42.597 |     families, had_partial_error = future.result(timeout=target.scrape_timeout_seconds)
2026-07-24 14:44:42.597 |                                   ^^^^^^^^^^^^^^^^^^^^^^^^^^^^^^^^^^^^^^^^^^^^^^^^^^^^
2026-07-24 14:44:42.597 |   File "/usr/local/lib/python3.12/concurrent/futures/_base.py", line 456, in result
2026-07-24 14:44:42.597 |     return self.__get_result()
2026-07-24 14:44:42.597 |            ^^^^^^^^^^^^^^^^^^^
2026-07-24 14:44:42.597 |   File "/usr/local/lib/python3.12/concurrent/futures/_base.py", line 401, in __get_result
2026-07-24 14:44:42.597 |     raise self._exception
2026-07-24 14:44:42.597 |   File "/usr/local/lib/python3.12/concurrent/futures/thread.py", line 59, in run
2026-07-24 14:44:42.597 |     result = self.fn(*self.args, **self.kwargs)
2026-07-24 14:44:42.597 |              ^^^^^^^^^^^^^^^^^^^^^^^^^^^^^^^^^^
2026-07-24 14:44:42.597 |   File "/app/src/registry.py", line 69, in _do_scrape
2026-07-24 14:44:42.597 |     conn = adapter.get_connection()
2026-07-24 14:44:42.597 |            ^^^^^^^^^^^^^^^^^^^^^^^^
2026-07-24 14:44:42.597 |   File "/app/src/collectors/base.py", line 65, in get_connection
2026-07-24 14:44:42.597 |     self._conn = self.connect()
2026-07-24 14:44:42.597 |                  ^^^^^^^^^^^^^^
2026-07-24 14:44:42.597 |   File "/app/src/collectors/sqlserver.py", line 70, in connect
2026-07-24 14:44:42.597 |     conn = pymssql.connect(
2026-07-24 14:44:42.597 |            ^^^^^^^^^^^^^^^^
2026-07-24 14:44:42.597 |   File "src/pymssql/_pymssql.pyx", line 659, in pymssql._pymssql.connect
2026-07-24 14:44:42.597 | pymssql.exceptions.OperationalError: (20009, b'DB-Lib error message 20009, severity 9:\nUnable to connect: Adaptive Server is unavailable or does not exist (COSWINDE516D1)\n')
2026-07-24 14:44:42.597 | 2026-07-24 21:44:42,597 INFO 172.19.0.3 - "GET /metrics?target=hris-scl-engineering-db HTTP/1.1" 200 -
2026-07-24 14:44:45.336 | 2026-07-24 21:44:45,335 INFO 127.0.0.1 - "GET /health HTTP/1.1" 200 -
2026-07-24 14:44:46.788 | 2026-07-24 21:44:46,787 ERROR query 'size' failed for target 'hris-card-db'
2026-07-24 14:44:46.788 | Traceback (most recent call last):
2026-07-24 14:44:46.788 |   File "/app/src/collectors/base.py", line 52, in safe_collect_family
2026-07-24 14:44:46.788 |     result = builder()
2026-07-24 14:44:46.788 |              ^^^^^^^^^
2026-07-24 14:44:46.788 |   File "/app/src/collectors/postgres.py", line 94, in <lambda>
2026-07-24 14:44:46.788 |     ("size", lambda: self._size_family(cur)),
2026-07-24 14:44:46.788 |                      ^^^^^^^^^^^^^^^^^^^^^^
2026-07-24 14:44:46.788 |   File "/app/src/collectors/postgres.py", line 168, in _size_family
2026-07-24 14:44:46.788 |     cur.execute(_SIZE_SQL)
2026-07-24 14:44:46.788 |   File "/usr/local/lib/python3.12/site-packages/psycopg2/extras.py", line 146, in execute
2026-07-24 14:44:46.788 |     return super().execute(query, vars)
2026-07-24 14:44:46.788 |            ^^^^^^^^^^^^^^^^^^^^^^^^^^^^
2026-07-24 14:44:46.788 | psycopg2.errors.InsufficientPrivilege: permission denied for database rdsadmin
2026-07-24 14:44:46.788 | 
2026-07-24 14:44:46.788 | 2026-07-24 21:44:46,788 INFO 172.19.0.3 - "GET /metrics?target=hris-card-db HTTP/1.1" 200 -
2026-07-24 14:44:56.280 | 2026-07-24 21:44:56,279 ERROR query 'query_duration' failed for target 'hris-hims-db'
2026-07-24 14:44:56.280 | Traceback (most recent call last):
2026-07-24 14:44:56.280 |   File "/app/src/collectors/base.py", line 52, in safe_collect_family
2026-07-24 14:44:56.280 |     result = builder()
2026-07-24 14:44:56.280 |              ^^^^^^^^^
2026-07-24 14:44:56.280 |   File "/app/src/collectors/oracle.py", line 103, in <lambda>
2026-07-24 14:44:56.280 |     ("query_duration", lambda: self._query_duration_family(conn)),
2026-07-24 14:44:56.280 |                                ^^^^^^^^^^^^^^^^^^^^^^^^^^^^^^^^^
2026-07-24 14:44:56.280 |   File "/app/src/collectors/oracle.py", line 119, in _query_duration_family
2026-07-24 14:44:56.280 |     cur.execute(_QUERY_STATS_SQL)
2026-07-24 14:44:56.280 |   File "/usr/local/lib/python3.12/site-packages/oracledb/cursor.py", line 710, in execute
2026-07-24 14:44:56.280 |     impl.execute(self)
2026-07-24 14:44:56.280 |   File "src/oracledb/impl/thin/cursor.pyx", line 196, in oracledb.thin_impl.ThinCursorImpl.execute
2026-07-24 14:44:56.280 |   File "src/oracledb/impl/thin/protocol.pyx", line 440, in oracledb.thin_impl.Protocol._process_single_message
2026-07-24 14:44:56.280 |   File "src/oracledb/impl/thin/protocol.pyx", line 441, in oracledb.thin_impl.Protocol._process_single_message
2026-07-24 14:44:56.280 |   File "src/oracledb/impl/thin/protocol.pyx", line 433, in oracledb.thin_impl.Protocol._process_message
2026-07-24 14:44:56.280 |   File "src/oracledb/impl/thin/messages.pyx", line 74, in oracledb.thin_impl.Message._check_and_raise_exception
2026-07-24 14:44:56.280 | oracledb.exceptions.DatabaseError: ORA-00942: table or view does not exist
2026-07-24 14:44:56.280 | Help: https://docs.oracle.com/error-help/db/ora-00942/
2026-07-24 14:44:56.354 | 2026-07-24 21:44:56,354 INFO 172.19.0.3 - "GET /metrics?target=hris-hims-db HTTP/1.1" 200 -
2026-07-24 14:44:57.579 | 2026-07-24 21:44:57,578 ERROR scrape of target 'hris-scl-engineering-db' failed
2026-07-24 14:44:57.579 | Traceback (most recent call last):
2026-07-24 14:44:57.579 |   File "src/pymssql/_pymssql.pyx", line 650, in pymssql._pymssql.connect
2026-07-24 14:44:57.579 |   File "src/pymssql/_mssql.pyx", line 2158, in pymssql._mssql.connect
2026-07-24 14:44:57.579 |   File "src/pymssql/_mssql.pyx", line 712, in pymssql._mssql.MSSQLConnection.__init__
2026-07-24 14:44:57.579 |   File "src/pymssql/_mssql.pyx", line 1884, in pymssql._mssql.maybe_raise_MSSQLDatabaseException
2026-07-24 14:44:57.579 |   File "src/pymssql/_mssql.pyx", line 1901, in pymssql._mssql.raise_MSSQLDatabaseException
2026-07-24 14:44:57.579 | pymssql._mssql.MSSQLDatabaseException: (20009, b'DB-Lib error message 20009, severity 9:\nUnable to connect: Adaptive Server is unavailable or does not exist (COSWINDE516D1)\n')
2026-07-24 14:44:57.579 | 
2026-07-24 14:44:57.579 | During handling of the above exception, another exception occurred:
2026-07-24 14:44:57.579 | 
2026-07-24 14:44:57.579 | Traceback (most recent call last):
2026-07-24 14:44:57.579 |   File "/app/src/registry.py", line 74, in scrape
2026-07-24 14:44:57.579 |     families, had_partial_error = future.result(timeout=target.scrape_timeout_seconds)
2026-07-24 14:44:57.579 |                                   ^^^^^^^^^^^^^^^^^^^^^^^^^^^^^^^^^^^^^^^^^^^^^^^^^^^^
2026-07-24 14:44:57.579 |   File "/usr/local/lib/python3.12/concurrent/futures/_base.py", line 456, in result
2026-07-24 14:44:57.579 |     return self.__get_result()
2026-07-24 14:44:57.579 |            ^^^^^^^^^^^^^^^^^^^
2026-07-24 14:44:57.579 |   File "/usr/local/lib/python3.12/concurrent/futures/_base.py", line 401, in __get_result
2026-07-24 14:44:57.579 |     raise self._exception
2026-07-24 14:44:57.579 |   File "/usr/local/lib/python3.12/concurrent/futures/thread.py", line 59, in run
2026-07-24 14:44:57.579 |     result = self.fn(*self.args, **self.kwargs)
2026-07-24 14:44:57.579 |              ^^^^^^^^^^^^^^^^^^^^^^^^^^^^^^^^^^
2026-07-24 14:44:57.579 |   File "/app/src/registry.py", line 69, in _do_scrape
2026-07-24 14:44:57.579 |     conn = adapter.get_connection()
2026-07-24 14:44:57.579 |            ^^^^^^^^^^^^^^^^^^^^^^^^
2026-07-24 14:44:57.579 |   File "/app/src/collectors/base.py", line 65, in get_connection
2026-07-24 14:44:57.579 |     self._conn = self.connect()
2026-07-24 14:44:57.579 |                  ^^^^^^^^^^^^^^
2026-07-24 14:44:57.579 |   File "/app/src/collectors/sqlserver.py", line 70, in connect
2026-07-24 14:44:57.579 |     conn = pymssql.connect(
2026-07-24 14:44:57.579 |            ^^^^^^^^^^^^^^^^
2026-07-24 14:44:57.579 |   File "src/pymssql/_pymssql.pyx", line 659, in pymssql._pymssql.connect
2026-07-24 14:44:57.579 | pymssql.exceptions.OperationalError: (20009, b'DB-Lib error message 20009, severity 9:\nUnable to connect: Adaptive Server is unavailable or does not exist (COSWINDE516D1)\n')
2026-07-24 14:44:57.579 | 2026-07-24 21:44:57,579 INFO 172.19.0.3 - "GET /metrics?target=hris-scl-engineering-db HTTP/1.1" 200 -
2026-07-24 14:45:01.800 | 2026-07-24 21:45:01,799 ERROR query 'size' failed for target 'hris-card-db'
2026-07-24 14:45:01.800 | Traceback (most recent call last):
2026-07-24 14:45:01.800 |   File "/app/src/collectors/base.py", line 52, in safe_collect_family
2026-07-24 14:45:01.800 |     result = builder()
2026-07-24 14:45:01.800 |              ^^^^^^^^^
2026-07-24 14:45:01.800 |   File "/app/src/collectors/postgres.py", line 94, in <lambda>
2026-07-24 14:45:01.800 |     ("size", lambda: self._size_family(cur)),
2026-07-24 14:45:01.800 |                      ^^^^^^^^^^^^^^^^^^^^^^
2026-07-24 14:45:01.800 |   File "/app/src/collectors/postgres.py", line 168, in _size_family
2026-07-24 14:45:01.800 |     cur.execute(_SIZE_SQL)
2026-07-24 14:45:01.800 |   File "/usr/local/lib/python3.12/site-packages/psycopg2/extras.py", line 146, in execute
2026-07-24 14:45:01.800 |     return super().execute(query, vars)
2026-07-24 14:45:01.800 |            ^^^^^^^^^^^^^^^^^^^^^^^^^^^^
2026-07-24 14:45:01.800 | psycopg2.errors.InsufficientPrivilege: permission denied for database rdsadmin
2026-07-24 14:45:01.800 | 
2026-07-24 14:45:01.800 | 2026-07-24 21:45:01,800 INFO 172.19.0.3 - "GET /metrics?target=hris-card-db HTTP/1.1" 200 -
2026-07-24 14:45:11.278 | 2026-07-24 21:45:11,277 ERROR query 'query_duration' failed for target 'hris-hims-db'
2026-07-24 14:45:11.278 | Traceback (most recent call last):
2026-07-24 14:45:11.278 |   File "/app/src/collectors/base.py", line 52, in safe_collect_family
2026-07-24 14:45:11.278 |     result = builder()
2026-07-24 14:45:11.278 |              ^^^^^^^^^
2026-07-24 14:45:11.278 |   File "/app/src/collectors/oracle.py", line 103, in <lambda>
2026-07-24 14:45:11.278 |     ("query_duration", lambda: self._query_duration_family(conn)),
2026-07-24 14:45:11.278 |                                ^^^^^^^^^^^^^^^^^^^^^^^^^^^^^^^^^
2026-07-24 14:45:11.278 |   File "/app/src/collectors/oracle.py", line 119, in _query_duration_family
2026-07-24 14:45:11.278 |     cur.execute(_QUERY_STATS_SQL)
2026-07-24 14:45:11.278 |   File "/usr/local/lib/python3.12/site-packages/oracledb/cursor.py", line 710, in execute
2026-07-24 14:45:11.278 |     impl.execute(self)
2026-07-24 14:45:11.278 |   File "src/oracledb/impl/thin/cursor.pyx", line 196, in oracledb.thin_impl.ThinCursorImpl.execute
2026-07-24 14:45:11.278 |   File "src/oracledb/impl/thin/protocol.pyx", line 440, in oracledb.thin_impl.Protocol._process_single_message
2026-07-24 14:45:11.278 |   File "src/oracledb/impl/thin/protocol.pyx", line 441, in oracledb.thin_impl.Protocol._process_single_message
2026-07-24 14:45:11.278 |   File "src/oracledb/impl/thin/protocol.pyx", line 433, in oracledb.thin_impl.Protocol._process_message
2026-07-24 14:45:11.278 |   File "src/oracledb/impl/thin/messages.pyx", line 74, in oracledb.thin_impl.Message._check_and_raise_exception
2026-07-24 14:45:11.278 | oracledb.exceptions.DatabaseError: ORA-00942: table or view does not exist
2026-07-24 14:45:11.278 | Help: https://docs.oracle.com/error-help/db/ora-00942/
2026-07-24 14:45:11.352 | 2026-07-24 21:45:11,351 INFO 172.19.0.3 - "GET /metrics?target=hris-hims-db HTTP/1.1" 200 -
2026-07-24 14:45:12.585 | 2026-07-24 21:45:12,584 ERROR scrape of target 'hris-scl-engineering-db' failed
2026-07-24 14:45:12.585 | Traceback (most recent call last):
2026-07-24 14:45:12.585 |   File "src/pymssql/_pymssql.pyx", line 650, in pymssql._pymssql.connect
2026-07-24 14:45:12.585 |   File "src/pymssql/_mssql.pyx", line 2158, in pymssql._mssql.connect
2026-07-24 14:45:12.585 |   File "src/pymssql/_mssql.pyx", line 712, in pymssql._mssql.MSSQLConnection.__init__
2026-07-24 14:45:12.585 |   File "src/pymssql/_mssql.pyx", line 1884, in pymssql._mssql.maybe_raise_MSSQLDatabaseException
2026-07-24 14:45:12.585 |   File "src/pymssql/_mssql.pyx", line 1901, in pymssql._mssql.raise_MSSQLDatabaseException
2026-07-24 14:45:12.585 | pymssql._mssql.MSSQLDatabaseException: (20009, b'DB-Lib error message 20009, severity 9:\nUnable to connect: Adaptive Server is unavailable or does not exist (COSWINDE516D1)\n')
2026-07-24 14:45:12.585 | 
2026-07-24 14:45:12.585 | During handling of the above exception, another exception occurred:
2026-07-24 14:45:12.585 | 
2026-07-24 14:45:12.585 | Traceback (most recent call last):
2026-07-24 14:45:12.585 |   File "/app/src/registry.py", line 74, in scrape
2026-07-24 14:45:12.585 |     families, had_partial_error = future.result(timeout=target.scrape_timeout_seconds)
2026-07-24 14:45:12.585 |                                   ^^^^^^^^^^^^^^^^^^^^^^^^^^^^^^^^^^^^^^^^^^^^^^^^^^^^
2026-07-24 14:45:12.585 |   File "/usr/local/lib/python3.12/concurrent/futures/_base.py", line 456, in result
2026-07-24 14:45:12.585 |     return self.__get_result()
2026-07-24 14:45:12.585 |            ^^^^^^^^^^^^^^^^^^^
2026-07-24 14:45:12.585 |   File "/usr/local/lib/python3.12/concurrent/futures/_base.py", line 401, in __get_result
2026-07-24 14:45:12.585 |     raise self._exception
2026-07-24 14:45:12.585 |   File "/usr/local/lib/python3.12/concurrent/futures/thread.py", line 59, in run
2026-07-24 14:45:12.585 |     result = self.fn(*self.args, **self.kwargs)
2026-07-24 14:45:12.585 |              ^^^^^^^^^^^^^^^^^^^^^^^^^^^^^^^^^^
2026-07-24 14:45:12.585 |   File "/app/src/registry.py", line 69, in _do_scrape
2026-07-24 14:45:12.585 |     conn = adapter.get_connection()
2026-07-24 14:45:12.585 |            ^^^^^^^^^^^^^^^^^^^^^^^^
2026-07-24 14:45:12.585 |   File "/app/src/collectors/base.py", line 65, in get_connection
2026-07-24 14:45:12.585 |     self._conn = self.connect()
2026-07-24 14:45:12.585 |                  ^^^^^^^^^^^^^^
2026-07-24 14:45:12.585 |   File "/app/src/collectors/sqlserver.py", line 70, in connect
2026-07-24 14:45:12.585 |     conn = pymssql.connect(
2026-07-24 14:45:12.585 |            ^^^^^^^^^^^^^^^^
2026-07-24 14:45:12.585 |   File "src/pymssql/_pymssql.pyx", line 659, in pymssql._pymssql.connect
2026-07-24 14:45:12.585 | pymssql.exceptions.OperationalError: (20009, b'DB-Lib error message 20009, severity 9:\nUnable to connect: Adaptive Server is unavailable or does not exist (COSWINDE516D1)\n')
2026-07-24 14:45:12.585 | 2026-07-24 21:45:12,585 INFO 172.19.0.3 - "GET /metrics?target=hris-scl-engineering-db HTTP/1.1" 200 -
2026-07-24 14:45:15.451 | 2026-07-24 21:45:15,451 INFO 127.0.0.1 - "GET /health HTTP/1.1" 200 -
2026-07-24 14:45:16.780 | 2026-07-24 21:45:16,779 ERROR query 'size' failed for target 'hris-card-db'
2026-07-24 14:45:16.780 | Traceback (most recent call last):
2026-07-24 14:45:16.780 |   File "/app/src/collectors/base.py", line 52, in safe_collect_family
2026-07-24 14:45:16.780 |     result = builder()
2026-07-24 14:45:16.780 |              ^^^^^^^^^
2026-07-24 14:45:16.780 |   File "/app/src/collectors/postgres.py", line 94, in <lambda>
2026-07-24 14:45:16.780 |     ("size", lambda: self._size_family(cur)),
2026-07-24 14:45:16.780 |                      ^^^^^^^^^^^^^^^^^^^^^^
2026-07-24 14:45:16.780 |   File "/app/src/collectors/postgres.py", line 168, in _size_family
2026-07-24 14:45:16.780 |     cur.execute(_SIZE_SQL)
2026-07-24 14:45:16.780 |   File "/usr/local/lib/python3.12/site-packages/psycopg2/extras.py", line 146, in execute
2026-07-24 14:45:16.780 |     return super().execute(query, vars)
2026-07-24 14:45:16.780 |            ^^^^^^^^^^^^^^^^^^^^^^^^^^^^
2026-07-24 14:45:16.780 | psycopg2.errors.InsufficientPrivilege: permission denied for database rdsadmin
2026-07-24 14:45:16.780 | 
2026-07-24 14:45:16.780 | 2026-07-24 21:45:16,780 INFO 172.19.0.3 - "GET /metrics?target=hris-card-db HTTP/1.1" 200 -
2026-07-24 14:45:26.278 | 2026-07-24 21:45:26,278 ERROR query 'query_duration' failed for target 'hris-hims-db'
2026-07-24 14:45:26.278 | Traceback (most recent call last):
2026-07-24 14:45:26.278 |   File "/app/src/collectors/base.py", line 52, in safe_collect_family
2026-07-24 14:45:26.278 |     result = builder()
2026-07-24 14:45:26.278 |              ^^^^^^^^^
2026-07-24 14:45:26.278 |   File "/app/src/collectors/oracle.py", line 103, in <lambda>
2026-07-24 14:45:26.278 |     ("query_duration", lambda: self._query_duration_family(conn)),
2026-07-24 14:45:26.278 |                                ^^^^^^^^^^^^^^^^^^^^^^^^^^^^^^^^^
2026-07-24 14:45:26.278 |   File "/app/src/collectors/oracle.py", line 119, in _query_duration_family
2026-07-24 14:45:26.278 |     cur.execute(_QUERY_STATS_SQL)
2026-07-24 14:45:26.278 |   File "/usr/local/lib/python3.12/site-packages/oracledb/cursor.py", line 710, in execute
2026-07-24 14:45:26.278 |     impl.execute(self)
2026-07-24 14:45:26.278 |   File "src/oracledb/impl/thin/cursor.pyx", line 196, in oracledb.thin_impl.ThinCursorImpl.execute
2026-07-24 14:45:26.278 |   File "src/oracledb/impl/thin/protocol.pyx", line 440, in oracledb.thin_impl.Protocol._process_single_message
2026-07-24 14:45:26.278 |   File "src/oracledb/impl/thin/protocol.pyx", line 441, in oracledb.thin_impl.Protocol._process_single_message
2026-07-24 14:45:26.278 |   File "src/oracledb/impl/thin/protocol.pyx", line 433, in oracledb.thin_impl.Protocol._process_message
2026-07-24 14:45:26.278 |   File "src/oracledb/impl/thin/messages.pyx", line 74, in oracledb.thin_impl.Message._check_and_raise_exception
2026-07-24 14:45:26.278 | oracledb.exceptions.DatabaseError: ORA-00942: table or view does not exist
2026-07-24 14:45:26.278 | Help: https://docs.oracle.com/error-help/db/ora-00942/
2026-07-24 14:45:26.365 | 2026-07-24 21:45:26,365 INFO 172.19.0.3 - "GET /metrics?target=hris-hims-db HTTP/1.1" 200 -
2026-07-24 14:45:27.597 | 2026-07-24 21:45:27,596 ERROR scrape of target 'hris-scl-engineering-db' failed
2026-07-24 14:45:27.597 | Traceback (most recent call last):
2026-07-24 14:45:27.597 |   File "src/pymssql/_pymssql.pyx", line 650, in pymssql._pymssql.connect
2026-07-24 14:45:27.597 |   File "src/pymssql/_mssql.pyx", line 2158, in pymssql._mssql.connect
2026-07-24 14:45:27.597 |   File "src/pymssql/_mssql.pyx", line 712, in pymssql._mssql.MSSQLConnection.__init__
2026-07-24 14:45:27.597 |   File "src/pymssql/_mssql.pyx", line 1884, in pymssql._mssql.maybe_raise_MSSQLDatabaseException
2026-07-24 14:45:27.597 |   File "src/pymssql/_mssql.pyx", line 1901, in pymssql._mssql.raise_MSSQLDatabaseException
2026-07-24 14:45:27.597 | pymssql._mssql.MSSQLDatabaseException: (20009, b'DB-Lib error message 20009, severity 9:\nUnable to connect: Adaptive Server is unavailable or does not exist (COSWINDE516D1)\n')
2026-07-24 14:45:27.597 | 
2026-07-24 14:45:27.597 | During handling of the above exception, another exception occurred:
2026-07-24 14:45:27.597 | 
2026-07-24 14:45:27.597 | Traceback (most recent call last):
2026-07-24 14:45:27.597 |   File "/app/src/registry.py", line 74, in scrape
2026-07-24 14:45:27.597 |     families, had_partial_error = future.result(timeout=target.scrape_timeout_seconds)
2026-07-24 14:45:27.597 |                                   ^^^^^^^^^^^^^^^^^^^^^^^^^^^^^^^^^^^^^^^^^^^^^^^^^^^^
2026-07-24 14:45:27.597 |   File "/usr/local/lib/python3.12/concurrent/futures/_base.py", line 456, in result
2026-07-24 14:45:27.597 |     return self.__get_result()
2026-07-24 14:45:27.597 |            ^^^^^^^^^^^^^^^^^^^
2026-07-24 14:45:27.597 |   File "/usr/local/lib/python3.12/concurrent/futures/_base.py", line 401, in __get_result
2026-07-24 14:45:27.597 |     raise self._exception
2026-07-24 14:45:27.597 |   File "/usr/local/lib/python3.12/concurrent/futures/thread.py", line 59, in run
2026-07-24 14:45:27.597 |     result = self.fn(*self.args, **self.kwargs)
2026-07-24 14:45:27.597 |              ^^^^^^^^^^^^^^^^^^^^^^^^^^^^^^^^^^
2026-07-24 14:45:27.597 |   File "/app/src/registry.py", line 69, in _do_scrape
2026-07-24 14:45:27.597 |     conn = adapter.get_connection()
2026-07-24 14:45:27.597 |            ^^^^^^^^^^^^^^^^^^^^^^^^
2026-07-24 14:45:27.597 |   File "/app/src/collectors/base.py", line 65, in get_connection
2026-07-24 14:45:27.597 |     self._conn = self.connect()
2026-07-24 14:45:27.597 |                  ^^^^^^^^^^^^^^
2026-07-24 14:45:27.597 |   File "/app/src/collectors/sqlserver.py", line 70, in connect
2026-07-24 14:45:27.597 |     conn = pymssql.connect(
2026-07-24 14:45:27.597 |            ^^^^^^^^^^^^^^^^
2026-07-24 14:45:27.597 |   File "src/pymssql/_pymssql.pyx", line 659, in pymssql._pymssql.connect
2026-07-24 14:45:27.597 | pymssql.exceptions.OperationalError: (20009, b'DB-Lib error message 20009, severity 9:\nUnable to connect: Adaptive Server is unavailable or does not exist (COSWINDE516D1)\n')
2026-07-24 14:45:27.597 | 2026-07-24 21:45:27,597 INFO 172.19.0.3 - "GET /metrics?target=hris-scl-engineering-db HTTP/1.1" 200 -
2026-07-24 14:45:31.782 | 2026-07-24 21:45:31,782 ERROR query 'size' failed for target 'hris-card-db'
2026-07-24 14:45:31.782 | Traceback (most recent call last):
2026-07-24 14:45:31.782 |   File "/app/src/collectors/base.py", line 52, in safe_collect_family
2026-07-24 14:45:31.782 |     result = builder()
2026-07-24 14:45:31.782 |              ^^^^^^^^^
2026-07-24 14:45:31.782 |   File "/app/src/collectors/postgres.py", line 94, in <lambda>
2026-07-24 14:45:31.782 |     ("size", lambda: self._size_family(cur)),
2026-07-24 14:45:31.782 |                      ^^^^^^^^^^^^^^^^^^^^^^
2026-07-24 14:45:31.782 |   File "/app/src/collectors/postgres.py", line 168, in _size_family
2026-07-24 14:45:31.782 |     cur.execute(_SIZE_SQL)
2026-07-24 14:45:31.782 |   File "/usr/local/lib/python3.12/site-packages/psycopg2/extras.py", line 146, in execute
2026-07-24 14:45:31.782 |     return super().execute(query, vars)
2026-07-24 14:45:31.782 |            ^^^^^^^^^^^^^^^^^^^^^^^^^^^^
2026-07-24 14:45:31.782 | psycopg2.errors.InsufficientPrivilege: permission denied for database rdsadmin
2026-07-24 14:45:31.782 | 
2026-07-24 14:45:31.783 | 2026-07-24 21:45:31,782 INFO 172.19.0.3 - "GET /metrics?target=hris-card-db HTTP/1.1" 200 -
2026-07-24 14:45:41.277 | 2026-07-24 21:45:41,277 ERROR query 'query_duration' failed for target 'hris-hims-db'
2026-07-24 14:45:41.277 | Traceback (most recent call last):
2026-07-24 14:45:41.277 |   File "/app/src/collectors/base.py", line 52, in safe_collect_family
2026-07-24 14:45:41.277 |     result = builder()
2026-07-24 14:45:41.277 |              ^^^^^^^^^
2026-07-24 14:45:41.277 |   File "/app/src/collectors/oracle.py", line 103, in <lambda>
2026-07-24 14:45:41.277 |     ("query_duration", lambda: self._query_duration_family(conn)),
2026-07-24 14:45:41.277 |                                ^^^^^^^^^^^^^^^^^^^^^^^^^^^^^^^^^
2026-07-24 14:45:41.277 |   File "/app/src/collectors/oracle.py", line 119, in _query_duration_family
2026-07-24 14:45:41.277 |     cur.execute(_QUERY_STATS_SQL)
2026-07-24 14:45:41.277 |   File "/usr/local/lib/python3.12/site-packages/oracledb/cursor.py", line 710, in execute
2026-07-24 14:45:41.277 |     impl.execute(self)
2026-07-24 14:45:41.277 |   File "src/oracledb/impl/thin/cursor.pyx", line 196, in oracledb.thin_impl.ThinCursorImpl.execute
2026-07-24 14:45:41.277 |   File "src/oracledb/impl/thin/protocol.pyx", line 440, in oracledb.thin_impl.Protocol._process_single_message
2026-07-24 14:45:41.277 |   File "src/oracledb/impl/thin/protocol.pyx", line 441, in oracledb.thin_impl.Protocol._process_single_message
2026-07-24 14:45:41.277 |   File "src/oracledb/impl/thin/protocol.pyx", line 433, in oracledb.thin_impl.Protocol._process_message
2026-07-24 14:45:41.277 |   File "src/oracledb/impl/thin/messages.pyx", line 74, in oracledb.thin_impl.Message._check_and_raise_exception
2026-07-24 14:45:41.277 | oracledb.exceptions.DatabaseError: ORA-00942: table or view does not exist
2026-07-24 14:45:41.277 | Help: https://docs.oracle.com/error-help/db/ora-00942/
2026-07-24 14:45:41.361 | 2026-07-24 21:45:41,361 INFO 172.19.0.3 - "GET /metrics?target=hris-hims-db HTTP/1.1" 200 -
2026-07-24 14:45:42.597 | 2026-07-24 21:45:42,596 ERROR scrape of target 'hris-scl-engineering-db' failed
2026-07-24 14:45:42.597 | Traceback (most recent call last):
2026-07-24 14:45:42.597 |   File "src/pymssql/_pymssql.pyx", line 650, in pymssql._pymssql.connect
2026-07-24 14:45:42.597 |   File "src/pymssql/_mssql.pyx", line 2158, in pymssql._mssql.connect
2026-07-24 14:45:42.597 |   File "src/pymssql/_mssql.pyx", line 712, in pymssql._mssql.MSSQLConnection.__init__
2026-07-24 14:45:42.597 |   File "src/pymssql/_mssql.pyx", line 1884, in pymssql._mssql.maybe_raise_MSSQLDatabaseException
2026-07-24 14:45:42.597 |   File "src/pymssql/_mssql.pyx", line 1901, in pymssql._mssql.raise_MSSQLDatabaseException
2026-07-24 14:45:42.597 | pymssql._mssql.MSSQLDatabaseException: (20009, b'DB-Lib error message 20009, severity 9:\nUnable to connect: Adaptive Server is unavailable or does not exist (COSWINDE516D1)\n')
2026-07-24 14:45:42.597 | 
2026-07-24 14:45:42.597 | During handling of the above exception, another exception occurred:
2026-07-24 14:45:42.597 | 
2026-07-24 14:45:42.597 | Traceback (most recent call last):
2026-07-24 14:45:42.597 |   File "/app/src/registry.py", line 74, in scrape
2026-07-24 14:45:42.597 |     families, had_partial_error = future.result(timeout=target.scrape_timeout_seconds)
2026-07-24 14:45:42.597 |                                   ^^^^^^^^^^^^^^^^^^^^^^^^^^^^^^^^^^^^^^^^^^^^^^^^^^^^
2026-07-24 14:45:42.597 |   File "/usr/local/lib/python3.12/concurrent/futures/_base.py", line 456, in result
2026-07-24 14:45:42.597 |     return self.__get_result()
2026-07-24 14:45:42.597 |            ^^^^^^^^^^^^^^^^^^^
2026-07-24 14:45:42.597 |   File "/usr/local/lib/python3.12/concurrent/futures/_base.py", line 401, in __get_result
2026-07-24 14:45:42.597 |     raise self._exception
2026-07-24 14:45:42.597 |   File "/usr/local/lib/python3.12/concurrent/futures/thread.py", line 59, in run
2026-07-24 14:45:42.597 |     result = self.fn(*self.args, **self.kwargs)
2026-07-24 14:45:42.597 |              ^^^^^^^^^^^^^^^^^^^^^^^^^^^^^^^^^^
2026-07-24 14:45:42.597 |   File "/app/src/registry.py", line 69, in _do_scrape
2026-07-24 14:45:42.597 |     conn = adapter.get_connection()
2026-07-24 14:45:42.597 |            ^^^^^^^^^^^^^^^^^^^^^^^^
2026-07-24 14:45:42.597 |   File "/app/src/collectors/base.py", line 65, in get_connection
2026-07-24 14:45:42.597 |     self._conn = self.connect()
2026-07-24 14:45:42.597 |                  ^^^^^^^^^^^^^^
2026-07-24 14:45:42.597 |   File "/app/src/collectors/sqlserver.py", line 70, in connect
2026-07-24 14:45:42.597 |     conn = pymssql.connect(
2026-07-24 14:45:42.597 |            ^^^^^^^^^^^^^^^^
2026-07-24 14:45:42.597 |   File "src/pymssql/_pymssql.pyx", line 659, in pymssql._pymssql.connect
2026-07-24 14:45:42.597 | pymssql.exceptions.OperationalError: (20009, b'DB-Lib error message 20009, severity 9:\nUnable to connect: Adaptive Server is unavailable or does not exist (COSWINDE516D1)\n')
2026-07-24 14:45:42.597 | 2026-07-24 21:45:42,597 INFO 172.19.0.3 - "GET /metrics?target=hris-scl-engineering-db HTTP/1.1" 200 -
2026-07-24 14:45:45.571 | 2026-07-24 21:45:45,570 INFO 127.0.0.1 - "GET /health HTTP/1.1" 200 -
2026-07-24 14:45:46.780 | 2026-07-24 21:45:46,780 ERROR query 'size' failed for target 'hris-card-db'
2026-07-24 14:45:46.780 | Traceback (most recent call last):
2026-07-24 14:45:46.780 |   File "/app/src/collectors/base.py", line 52, in safe_collect_family
2026-07-24 14:45:46.780 |     result = builder()
2026-07-24 14:45:46.780 |              ^^^^^^^^^
2026-07-24 14:45:46.780 |   File "/app/src/collectors/postgres.py", line 94, in <lambda>
2026-07-24 14:45:46.780 |     ("size", lambda: self._size_family(cur)),
2026-07-24 14:45:46.780 |                      ^^^^^^^^^^^^^^^^^^^^^^
2026-07-24 14:45:46.780 |   File "/app/src/collectors/postgres.py", line 168, in _size_family
2026-07-24 14:45:46.780 |     cur.execute(_SIZE_SQL)
2026-07-24 14:45:46.780 |   File "/usr/local/lib/python3.12/site-packages/psycopg2/extras.py", line 146, in execute
2026-07-24 14:45:46.780 |     return super().execute(query, vars)
2026-07-24 14:45:46.780 |            ^^^^^^^^^^^^^^^^^^^^^^^^^^^^
2026-07-24 14:45:46.780 | psycopg2.errors.InsufficientPrivilege: permission denied for database rdsadmin
2026-07-24 14:45:46.780 | 
2026-07-24 14:45:46.781 | 2026-07-24 21:45:46,780 INFO 172.19.0.3 - "GET /metrics?target=hris-card-db HTTP/1.1" 200 -
2026-07-24 14:45:56.279 | 2026-07-24 21:45:56,278 ERROR query 'query_duration' failed for target 'hris-hims-db'
2026-07-24 14:45:56.279 | Traceback (most recent call last):
2026-07-24 14:45:56.279 |   File "/app/src/collectors/base.py", line 52, in safe_collect_family
2026-07-24 14:45:56.279 |     result = builder()
2026-07-24 14:45:56.279 |              ^^^^^^^^^
2026-07-24 14:45:56.279 |   File "/app/src/collectors/oracle.py", line 103, in <lambda>
2026-07-24 14:45:56.279 |     ("query_duration", lambda: self._query_duration_family(conn)),
2026-07-24 14:45:56.279 |                                ^^^^^^^^^^^^^^^^^^^^^^^^^^^^^^^^^
2026-07-24 14:45:56.279 |   File "/app/src/collectors/oracle.py", line 119, in _query_duration_family
2026-07-24 14:45:56.279 |     cur.execute(_QUERY_STATS_SQL)
2026-07-24 14:45:56.279 |   File "/usr/local/lib/python3.12/site-packages/oracledb/cursor.py", line 710, in execute
2026-07-24 14:45:56.279 |     impl.execute(self)
2026-07-24 14:45:56.279 |   File "src/oracledb/impl/thin/cursor.pyx", line 196, in oracledb.thin_impl.ThinCursorImpl.execute
2026-07-24 14:45:56.279 |   File "src/oracledb/impl/thin/protocol.pyx", line 440, in oracledb.thin_impl.Protocol._process_single_message
2026-07-24 14:45:56.279 |   File "src/oracledb/impl/thin/protocol.pyx", line 441, in oracledb.thin_impl.Protocol._process_single_message
2026-07-24 14:45:56.279 |   File "src/oracledb/impl/thin/protocol.pyx", line 433, in oracledb.thin_impl.Protocol._process_message
2026-07-24 14:45:56.279 |   File "src/oracledb/impl/thin/messages.pyx", line 74, in oracledb.thin_impl.Message._check_and_raise_exception
2026-07-24 14:45:56.279 | oracledb.exceptions.DatabaseError: ORA-00942: table or view does not exist
2026-07-24 14:45:56.279 | Help: https://docs.oracle.com/error-help/db/ora-00942/
2026-07-24 14:45:56.361 | 2026-07-24 21:45:56,361 INFO 172.19.0.3 - "GET /metrics?target=hris-hims-db HTTP/1.1" 200 -
2026-07-24 14:45:57.597 | 2026-07-24 21:45:57,596 ERROR scrape of target 'hris-scl-engineering-db' failed
2026-07-24 14:45:57.597 | Traceback (most recent call last):
2026-07-24 14:45:57.597 |   File "src/pymssql/_pymssql.pyx", line 650, in pymssql._pymssql.connect
2026-07-24 14:45:57.597 |   File "src/pymssql/_mssql.pyx", line 2158, in pymssql._mssql.connect
2026-07-24 14:45:57.597 |   File "src/pymssql/_mssql.pyx", line 712, in pymssql._mssql.MSSQLConnection.__init__
2026-07-24 14:45:57.597 |   File "src/pymssql/_mssql.pyx", line 1884, in pymssql._mssql.maybe_raise_MSSQLDatabaseException
2026-07-24 14:45:57.597 |   File "src/pymssql/_mssql.pyx", line 1901, in pymssql._mssql.raise_MSSQLDatabaseException
2026-07-24 14:45:57.597 | pymssql._mssql.MSSQLDatabaseException: (20009, b'DB-Lib error message 20009, severity 9:\nUnable to connect: Adaptive Server is unavailable or does not exist (COSWINDE516D1)\n')
2026-07-24 14:45:57.597 | 
2026-07-24 14:45:57.597 | During handling of the above exception, another exception occurred:
2026-07-24 14:45:57.597 | 
2026-07-24 14:45:57.597 | Traceback (most recent call last):
2026-07-24 14:45:57.597 |   File "/app/src/registry.py", line 74, in scrape
2026-07-24 14:45:57.597 |     families, had_partial_error = future.result(timeout=target.scrape_timeout_seconds)
2026-07-24 14:45:57.597 |                                   ^^^^^^^^^^^^^^^^^^^^^^^^^^^^^^^^^^^^^^^^^^^^^^^^^^^^
2026-07-24 14:45:57.597 |   File "/usr/local/lib/python3.12/concurrent/futures/_base.py", line 456, in result
2026-07-24 14:45:57.597 |     return self.__get_result()
2026-07-24 14:45:57.597 |            ^^^^^^^^^^^^^^^^^^^
2026-07-24 14:45:57.597 |   File "/usr/local/lib/python3.12/concurrent/futures/_base.py", line 401, in __get_result
2026-07-24 14:45:57.597 |     raise self._exception
2026-07-24 14:45:57.597 |   File "/usr/local/lib/python3.12/concurrent/futures/thread.py", line 59, in run
2026-07-24 14:45:57.597 |     result = self.fn(*self.args, **self.kwargs)
2026-07-24 14:45:57.597 |              ^^^^^^^^^^^^^^^^^^^^^^^^^^^^^^^^^^
2026-07-24 14:45:57.597 |   File "/app/src/registry.py", line 69, in _do_scrape
2026-07-24 14:45:57.597 |     conn = adapter.get_connection()
2026-07-24 14:45:57.597 |            ^^^^^^^^^^^^^^^^^^^^^^^^
2026-07-24 14:45:57.597 |   File "/app/src/collectors/base.py", line 65, in get_connection
2026-07-24 14:45:57.597 |     self._conn = self.connect()
2026-07-24 14:45:57.597 |                  ^^^^^^^^^^^^^^
2026-07-24 14:45:57.597 |   File "/app/src/collectors/sqlserver.py", line 70, in connect
2026-07-24 14:45:57.597 |     conn = pymssql.connect(
2026-07-24 14:45:57.597 |            ^^^^^^^^^^^^^^^^
2026-07-24 14:45:57.597 |   File "src/pymssql/_pymssql.pyx", line 659, in pymssql._pymssql.connect
2026-07-24 14:45:57.597 | pymssql.exceptions.OperationalError: (20009, b'DB-Lib error message 20009, severity 9:\nUnable to connect: Adaptive Server is unavailable or does not exist (COSWINDE516D1)\n')
2026-07-24 14:45:57.597 | 2026-07-24 21:45:57,597 INFO 172.19.0.3 - "GET /metrics?target=hris-scl-engineering-db HTTP/1.1" 200 -
2026-07-24 14:46:01.835 | 2026-07-24 21:46:01,835 ERROR query 'size' failed for target 'hris-card-db'
2026-07-24 14:46:01.835 | Traceback (most recent call last):
2026-07-24 14:46:01.835 |   File "/app/src/collectors/base.py", line 52, in safe_collect_family
2026-07-24 14:46:01.835 |     result = builder()
2026-07-24 14:46:01.835 |              ^^^^^^^^^
2026-07-24 14:46:01.835 |   File "/app/src/collectors/postgres.py", line 94, in <lambda>
2026-07-24 14:46:01.835 |     ("size", lambda: self._size_family(cur)),
2026-07-24 14:46:01.835 |                      ^^^^^^^^^^^^^^^^^^^^^^
2026-07-24 14:46:01.835 |   File "/app/src/collectors/postgres.py", line 168, in _size_family
2026-07-24 14:46:01.835 |     cur.execute(_SIZE_SQL)
2026-07-24 14:46:01.835 |   File "/usr/local/lib/python3.12/site-packages/psycopg2/extras.py", line 146, in execute
2026-07-24 14:46:01.835 |     return super().execute(query, vars)
2026-07-24 14:46:01.835 |            ^^^^^^^^^^^^^^^^^^^^^^^^^^^^
2026-07-24 14:46:01.835 | psycopg2.errors.InsufficientPrivilege: permission denied for database rdsadmin
2026-07-24 14:46:01.835 | 
2026-07-24 14:46:01.835 | 2026-07-24 21:46:01,835 INFO 172.19.0.3 - "GET /metrics?target=hris-card-db HTTP/1.1" 200 -
2026-07-24 14:46:11.278 | 2026-07-24 21:46:11,278 ERROR query 'query_duration' failed for target 'hris-hims-db'
2026-07-24 14:46:11.278 | Traceback (most recent call last):
2026-07-24 14:46:11.278 |   File "/app/src/collectors/base.py", line 52, in safe_collect_family
2026-07-24 14:46:11.278 |     result = builder()
2026-07-24 14:46:11.278 |              ^^^^^^^^^
2026-07-24 14:46:11.278 |   File "/app/src/collectors/oracle.py", line 103, in <lambda>
2026-07-24 14:46:11.278 |     ("query_duration", lambda: self._query_duration_family(conn)),
2026-07-24 14:46:11.278 |                                ^^^^^^^^^^^^^^^^^^^^^^^^^^^^^^^^^
2026-07-24 14:46:11.278 |   File "/app/src/collectors/oracle.py", line 119, in _query_duration_family
2026-07-24 14:46:11.278 |     cur.execute(_QUERY_STATS_SQL)
2026-07-24 14:46:11.278 |   File "/usr/local/lib/python3.12/site-packages/oracledb/cursor.py", line 710, in execute
2026-07-24 14:46:11.278 |     impl.execute(self)
2026-07-24 14:46:11.278 |   File "src/oracledb/impl/thin/cursor.pyx", line 196, in oracledb.thin_impl.ThinCursorImpl.execute
2026-07-24 14:46:11.278 |   File "src/oracledb/impl/thin/protocol.pyx", line 440, in oracledb.thin_impl.Protocol._process_single_message
2026-07-24 14:46:11.278 |   File "src/oracledb/impl/thin/protocol.pyx", line 441, in oracledb.thin_impl.Protocol._process_single_message
2026-07-24 14:46:11.278 |   File "src/oracledb/impl/thin/protocol.pyx", line 433, in oracledb.thin_impl.Protocol._process_message
2026-07-24 14:46:11.278 |   File "src/oracledb/impl/thin/messages.pyx", line 74, in oracledb.thin_impl.Message._check_and_raise_exception
2026-07-24 14:46:11.278 | oracledb.exceptions.DatabaseError: ORA-00942: table or view does not exist
2026-07-24 14:46:11.278 | Help: https://docs.oracle.com/error-help/db/ora-00942/
2026-07-24 14:46:11.359 | 2026-07-24 21:46:11,358 INFO 172.19.0.3 - "GET /metrics?target=hris-hims-db HTTP/1.1" 200 -
2026-07-24 14:46:12.598 | 2026-07-24 21:46:12,597 ERROR scrape of target 'hris-scl-engineering-db' failed
2026-07-24 14:46:12.598 | Traceback (most recent call last):
2026-07-24 14:46:12.598 |   File "src/pymssql/_pymssql.pyx", line 650, in pymssql._pymssql.connect
2026-07-24 14:46:12.598 |   File "src/pymssql/_mssql.pyx", line 2158, in pymssql._mssql.connect
2026-07-24 14:46:12.598 |   File "src/pymssql/_mssql.pyx", line 712, in pymssql._mssql.MSSQLConnection.__init__
2026-07-24 14:46:12.598 |   File "src/pymssql/_mssql.pyx", line 1884, in pymssql._mssql.maybe_raise_MSSQLDatabaseException
2026-07-24 14:46:12.598 |   File "src/pymssql/_mssql.pyx", line 1901, in pymssql._mssql.raise_MSSQLDatabaseException
2026-07-24 14:46:12.598 | pymssql._mssql.MSSQLDatabaseException: (20009, b'DB-Lib error message 20009, severity 9:\nUnable to connect: Adaptive Server is unavailable or does not exist (COSWINDE516D1)\n')
2026-07-24 14:46:12.598 | 
2026-07-24 14:46:12.598 | During handling of the above exception, another exception occurred:
2026-07-24 14:46:12.598 | 
2026-07-24 14:46:12.598 | Traceback (most recent call last):
2026-07-24 14:46:12.598 |   File "/app/src/registry.py", line 74, in scrape
2026-07-24 14:46:12.598 |     families, had_partial_error = future.result(timeout=target.scrape_timeout_seconds)
2026-07-24 14:46:12.598 |                                   ^^^^^^^^^^^^^^^^^^^^^^^^^^^^^^^^^^^^^^^^^^^^^^^^^^^^
2026-07-24 14:46:12.598 |   File "/usr/local/lib/python3.12/concurrent/futures/_base.py", line 456, in result
2026-07-24 14:46:12.598 |     return self.__get_result()
2026-07-24 14:46:12.598 |            ^^^^^^^^^^^^^^^^^^^
2026-07-24 14:46:12.598 |   File "/usr/local/lib/python3.12/concurrent/futures/_base.py", line 401, in __get_result
2026-07-24 14:46:12.598 |     raise self._exception
2026-07-24 14:46:12.598 |   File "/usr/local/lib/python3.12/concurrent/futures/thread.py", line 59, in run
2026-07-24 14:46:12.598 |     result = self.fn(*self.args, **self.kwargs)
2026-07-24 14:46:12.598 |              ^^^^^^^^^^^^^^^^^^^^^^^^^^^^^^^^^^
2026-07-24 14:46:12.598 |   File "/app/src/registry.py", line 69, in _do_scrape
2026-07-24 14:46:12.598 |     conn = adapter.get_connection()
2026-07-24 14:46:12.598 |            ^^^^^^^^^^^^^^^^^^^^^^^^
2026-07-24 14:46:12.598 |   File "/app/src/collectors/base.py", line 65, in get_connection
2026-07-24 14:46:12.598 |     self._conn = self.connect()
2026-07-24 14:46:12.598 |                  ^^^^^^^^^^^^^^
2026-07-24 14:46:12.598 |   File "/app/src/collectors/sqlserver.py", line 70, in connect
2026-07-24 14:46:12.598 |     conn = pymssql.connect(
2026-07-24 14:46:12.598 |            ^^^^^^^^^^^^^^^^
2026-07-24 14:46:12.598 |   File "src/pymssql/_pymssql.pyx", line 659, in pymssql._pymssql.connect
2026-07-24 14:46:12.598 | pymssql.exceptions.OperationalError: (20009, b'DB-Lib error message 20009, severity 9:\nUnable to connect: Adaptive Server is unavailable or does not exist (COSWINDE516D1)\n')
2026-07-24 14:46:12.598 | 2026-07-24 21:46:12,598 INFO 172.19.0.3 - "GET /metrics?target=hris-scl-engineering-db HTTP/1.1" 200 -
2026-07-24 14:46:15.774 | 2026-07-24 21:46:15,774 INFO 127.0.0.1 - "GET /health HTTP/1.1" 200 -
2026-07-24 14:46:16.780 | 2026-07-24 21:46:16,779 ERROR query 'size' failed for target 'hris-card-db'
2026-07-24 14:46:16.780 | Traceback (most recent call last):
2026-07-24 14:46:16.780 |   File "/app/src/collectors/base.py", line 52, in safe_collect_family
2026-07-24 14:46:16.780 |     result = builder()
2026-07-24 14:46:16.780 |              ^^^^^^^^^
2026-07-24 14:46:16.780 |   File "/app/src/collectors/postgres.py", line 94, in <lambda>
2026-07-24 14:46:16.780 |     ("size", lambda: self._size_family(cur)),
2026-07-24 14:46:16.780 |                      ^^^^^^^^^^^^^^^^^^^^^^
2026-07-24 14:46:16.780 |   File "/app/src/collectors/postgres.py", line 168, in _size_family
2026-07-24 14:46:16.780 |     cur.execute(_SIZE_SQL)
2026-07-24 14:46:16.780 |   File "/usr/local/lib/python3.12/site-packages/psycopg2/extras.py", line 146, in execute
2026-07-24 14:46:16.780 |     return super().execute(query, vars)
2026-07-24 14:46:16.780 |            ^^^^^^^^^^^^^^^^^^^^^^^^^^^^
2026-07-24 14:46:16.780 | psycopg2.errors.InsufficientPrivilege: permission denied for database rdsadmin
2026-07-24 14:46:16.780 | 
2026-07-24 14:46:16.780 | 2026-07-24 21:46:16,780 INFO 172.19.0.3 - "GET /metrics?target=hris-card-db HTTP/1.1" 200 -
2026-07-24 14:46:26.278 | 2026-07-24 21:46:26,277 ERROR query 'query_duration' failed for target 'hris-hims-db'
2026-07-24 14:46:26.278 | Traceback (most recent call last):
2026-07-24 14:46:26.278 |   File "/app/src/collectors/base.py", line 52, in safe_collect_family
2026-07-24 14:46:26.278 |     result = builder()
2026-07-24 14:46:26.278 |              ^^^^^^^^^
2026-07-24 14:46:26.278 |   File "/app/src/collectors/oracle.py", line 103, in <lambda>
2026-07-24 14:46:26.278 |     ("query_duration", lambda: self._query_duration_family(conn)),
2026-07-24 14:46:26.278 |                                ^^^^^^^^^^^^^^^^^^^^^^^^^^^^^^^^^
2026-07-24 14:46:26.278 |   File "/app/src/collectors/oracle.py", line 119, in _query_duration_family
2026-07-24 14:46:26.278 |     cur.execute(_QUERY_STATS_SQL)
2026-07-24 14:46:26.278 |   File "/usr/local/lib/python3.12/site-packages/oracledb/cursor.py", line 710, in execute
2026-07-24 14:46:26.278 |     impl.execute(self)
2026-07-24 14:46:26.278 |   File "src/oracledb/impl/thin/cursor.pyx", line 196, in oracledb.thin_impl.ThinCursorImpl.execute
2026-07-24 14:46:26.278 |   File "src/oracledb/impl/thin/protocol.pyx", line 440, in oracledb.thin_impl.Protocol._process_single_message
2026-07-24 14:46:26.278 |   File "src/oracledb/impl/thin/protocol.pyx", line 441, in oracledb.thin_impl.Protocol._process_single_message
2026-07-24 14:46:26.278 |   File "src/oracledb/impl/thin/protocol.pyx", line 433, in oracledb.thin_impl.Protocol._process_message
2026-07-24 14:46:26.278 |   File "src/oracledb/impl/thin/messages.pyx", line 74, in oracledb.thin_impl.Message._check_and_raise_exception
2026-07-24 14:46:26.278 | oracledb.exceptions.DatabaseError: ORA-00942: table or view does not exist
2026-07-24 14:46:26.278 | Help: https://docs.oracle.com/error-help/db/ora-00942/
2026-07-24 14:46:26.354 | 2026-07-24 21:46:26,354 INFO 172.19.0.3 - "GET /metrics?target=hris-hims-db HTTP/1.1" 200 -
2026-07-24 14:46:27.596 | 2026-07-24 21:46:27,596 ERROR scrape of target 'hris-scl-engineering-db' failed
2026-07-24 14:46:27.597 | Traceback (most recent call last):
2026-07-24 14:46:27.597 |   File "src/pymssql/_pymssql.pyx", line 650, in pymssql._pymssql.connect
2026-07-24 14:46:27.597 |   File "src/pymssql/_mssql.pyx", line 2158, in pymssql._mssql.connect
2026-07-24 14:46:27.597 |   File "src/pymssql/_mssql.pyx", line 712, in pymssql._mssql.MSSQLConnection.__init__
2026-07-24 14:46:27.597 |   File "src/pymssql/_mssql.pyx", line 1884, in pymssql._mssql.maybe_raise_MSSQLDatabaseException
2026-07-24 14:46:27.597 |   File "src/pymssql/_mssql.pyx", line 1901, in pymssql._mssql.raise_MSSQLDatabaseException
2026-07-24 14:46:27.597 | pymssql._mssql.MSSQLDatabaseException: (20009, b'DB-Lib error message 20009, severity 9:\nUnable to connect: Adaptive Server is unavailable or does not exist (COSWINDE516D1)\n')
2026-07-24 14:46:27.597 | 
2026-07-24 14:46:27.597 | During handling of the above exception, another exception occurred:
2026-07-24 14:46:27.597 | 
2026-07-24 14:46:27.597 | Traceback (most recent call last):
2026-07-24 14:46:27.597 |   File "/app/src/registry.py", line 74, in scrape
2026-07-24 14:46:27.597 |     families, had_partial_error = future.result(timeout=target.scrape_timeout_seconds)
2026-07-24 14:46:27.597 |                                   ^^^^^^^^^^^^^^^^^^^^^^^^^^^^^^^^^^^^^^^^^^^^^^^^^^^^
2026-07-24 14:46:27.597 |   File "/usr/local/lib/python3.12/concurrent/futures/_base.py", line 456, in result
2026-07-24 14:46:27.597 |     return self.__get_result()
2026-07-24 14:46:27.597 |            ^^^^^^^^^^^^^^^^^^^
2026-07-24 14:46:27.597 |   File "/usr/local/lib/python3.12/concurrent/futures/_base.py", line 401, in __get_result
2026-07-24 14:46:27.597 |     raise self._exception
2026-07-24 14:46:27.597 |   File "/usr/local/lib/python3.12/concurrent/futures/thread.py", line 59, in run
2026-07-24 14:46:27.597 |     result = self.fn(*self.args, **self.kwargs)
2026-07-24 14:46:27.597 |              ^^^^^^^^^^^^^^^^^^^^^^^^^^^^^^^^^^
2026-07-24 14:46:27.597 |   File "/app/src/registry.py", line 69, in _do_scrape
2026-07-24 14:46:27.597 |     conn = adapter.get_connection()
2026-07-24 14:46:27.597 |            ^^^^^^^^^^^^^^^^^^^^^^^^
2026-07-24 14:46:27.597 |   File "/app/src/collectors/base.py", line 65, in get_connection
2026-07-24 14:46:27.597 |     self._conn = self.connect()
2026-07-24 14:46:27.597 |                  ^^^^^^^^^^^^^^
2026-07-24 14:46:27.597 |   File "/app/src/collectors/sqlserver.py", line 70, in connect
2026-07-24 14:46:27.597 |     conn = pymssql.connect(
2026-07-24 14:46:27.597 |            ^^^^^^^^^^^^^^^^
2026-07-24 14:46:27.597 |   File "src/pymssql/_pymssql.pyx", line 659, in pymssql._pymssql.connect
2026-07-24 14:46:27.597 | pymssql.exceptions.OperationalError: (20009, b'DB-Lib error message 20009, severity 9:\nUnable to connect: Adaptive Server is unavailable or does not exist (COSWINDE516D1)\n')
2026-07-24 14:46:27.597 | 2026-07-24 21:46:27,596 INFO 172.19.0.3 - "GET /metrics?target=hris-scl-engineering-db HTTP/1.1" 200 -
2026-07-24 14:46:31.778 | 2026-07-24 21:46:31,778 ERROR query 'size' failed for target 'hris-card-db'
2026-07-24 14:46:31.778 | Traceback (most recent call last):
2026-07-24 14:46:31.778 |   File "/app/src/collectors/base.py", line 52, in safe_collect_family
2026-07-24 14:46:31.778 |     result = builder()
2026-07-24 14:46:31.778 |              ^^^^^^^^^
2026-07-24 14:46:31.778 |   File "/app/src/collectors/postgres.py", line 94, in <lambda>
2026-07-24 14:46:31.778 |     ("size", lambda: self._size_family(cur)),
2026-07-24 14:46:31.778 |                      ^^^^^^^^^^^^^^^^^^^^^^
2026-07-24 14:46:31.778 |   File "/app/src/collectors/postgres.py", line 168, in _size_family
2026-07-24 14:46:31.778 |     cur.execute(_SIZE_SQL)
2026-07-24 14:46:31.778 |   File "/usr/local/lib/python3.12/site-packages/psycopg2/extras.py", line 146, in execute
2026-07-24 14:46:31.778 |     return super().execute(query, vars)
2026-07-24 14:46:31.778 |            ^^^^^^^^^^^^^^^^^^^^^^^^^^^^
2026-07-24 14:46:31.778 | psycopg2.errors.InsufficientPrivilege: permission denied for database rdsadmin
2026-07-24 14:46:31.778 | 
2026-07-24 14:46:31.778 | 2026-07-24 21:46:31,778 INFO 172.19.0.3 - "GET /metrics?target=hris-card-db HTTP/1.1" 200 -
2026-07-24 14:46:41.278 | 2026-07-24 21:46:41,278 ERROR query 'query_duration' failed for target 'hris-hims-db'
2026-07-24 14:46:41.278 | Traceback (most recent call last):
2026-07-24 14:46:41.278 |   File "/app/src/collectors/base.py", line 52, in safe_collect_family
2026-07-24 14:46:41.278 |     result = builder()
2026-07-24 14:46:41.278 |              ^^^^^^^^^
2026-07-24 14:46:41.278 |   File "/app/src/collectors/oracle.py", line 103, in <lambda>
2026-07-24 14:46:41.278 |     ("query_duration", lambda: self._query_duration_family(conn)),
2026-07-24 14:46:41.278 |                                ^^^^^^^^^^^^^^^^^^^^^^^^^^^^^^^^^
2026-07-24 14:46:41.278 |   File "/app/src/collectors/oracle.py", line 119, in _query_duration_family
2026-07-24 14:46:41.278 |     cur.execute(_QUERY_STATS_SQL)
2026-07-24 14:46:41.278 |   File "/usr/local/lib/python3.12/site-packages/oracledb/cursor.py", line 710, in execute
2026-07-24 14:46:41.278 |     impl.execute(self)
2026-07-24 14:46:41.278 |   File "src/oracledb/impl/thin/cursor.pyx", line 196, in oracledb.thin_impl.ThinCursorImpl.execute
2026-07-24 14:46:41.278 |   File "src/oracledb/impl/thin/protocol.pyx", line 440, in oracledb.thin_impl.Protocol._process_single_message
2026-07-24 14:46:41.278 |   File "src/oracledb/impl/thin/protocol.pyx", line 441, in oracledb.thin_impl.Protocol._process_single_message
2026-07-24 14:46:41.278 |   File "src/oracledb/impl/thin/protocol.pyx", line 433, in oracledb.thin_impl.Protocol._process_message
2026-07-24 14:46:41.278 |   File "src/oracledb/impl/thin/messages.pyx", line 74, in oracledb.thin_impl.Message._check_and_raise_exception
2026-07-24 14:46:41.278 | oracledb.exceptions.DatabaseError: ORA-00942: table or view does not exist
2026-07-24 14:46:41.278 | Help: https://docs.oracle.com/error-help/db/ora-00942/
2026-07-24 14:46:41.348 | 2026-07-24 21:46:41,348 INFO 172.19.0.3 - "GET /metrics?target=hris-hims-db HTTP/1.1" 200 -
2026-07-24 14:46:42.597 | 2026-07-24 21:46:42,596 ERROR scrape of target 'hris-scl-engineering-db' failed
2026-07-24 14:46:42.597 | Traceback (most recent call last):
2026-07-24 14:46:42.597 |   File "src/pymssql/_pymssql.pyx", line 650, in pymssql._pymssql.connect
2026-07-24 14:46:42.597 |   File "src/pymssql/_mssql.pyx", line 2158, in pymssql._mssql.connect
2026-07-24 14:46:42.597 |   File "src/pymssql/_mssql.pyx", line 712, in pymssql._mssql.MSSQLConnection.__init__
2026-07-24 14:46:42.597 |   File "src/pymssql/_mssql.pyx", line 1884, in pymssql._mssql.maybe_raise_MSSQLDatabaseException
2026-07-24 14:46:42.597 |   File "src/pymssql/_mssql.pyx", line 1901, in pymssql._mssql.raise_MSSQLDatabaseException
2026-07-24 14:46:42.597 | pymssql._mssql.MSSQLDatabaseException: (20009, b'DB-Lib error message 20009, severity 9:\nUnable to connect: Adaptive Server is unavailable or does not exist (COSWINDE516D1)\n')
2026-07-24 14:46:42.597 | 
2026-07-24 14:46:42.597 | During handling of the above exception, another exception occurred:
2026-07-24 14:46:42.597 | 
2026-07-24 14:46:42.597 | Traceback (most recent call last):
2026-07-24 14:46:42.597 |   File "/app/src/registry.py", line 74, in scrape
2026-07-24 14:46:42.597 |     families, had_partial_error = future.result(timeout=target.scrape_timeout_seconds)
2026-07-24 14:46:42.597 |                                   ^^^^^^^^^^^^^^^^^^^^^^^^^^^^^^^^^^^^^^^^^^^^^^^^^^^^
2026-07-24 14:46:42.597 |   File "/usr/local/lib/python3.12/concurrent/futures/_base.py", line 456, in result
2026-07-24 14:46:42.597 |     return self.__get_result()
2026-07-24 14:46:42.597 |            ^^^^^^^^^^^^^^^^^^^
2026-07-24 14:46:42.597 |   File "/usr/local/lib/python3.12/concurrent/futures/_base.py", line 401, in __get_result
2026-07-24 14:46:42.597 |     raise self._exception
2026-07-24 14:46:42.597 |   File "/usr/local/lib/python3.12/concurrent/futures/thread.py", line 59, in run
2026-07-24 14:46:42.597 |     result = self.fn(*self.args, **self.kwargs)
2026-07-24 14:46:42.597 |              ^^^^^^^^^^^^^^^^^^^^^^^^^^^^^^^^^^
2026-07-24 14:46:42.597 |   File "/app/src/registry.py", line 69, in _do_scrape
2026-07-24 14:46:42.597 |     conn = adapter.get_connection()
2026-07-24 14:46:42.597 |            ^^^^^^^^^^^^^^^^^^^^^^^^
2026-07-24 14:46:42.597 |   File "/app/src/collectors/base.py", line 65, in get_connection
2026-07-24 14:46:42.597 |     self._conn = self.connect()
2026-07-24 14:46:42.597 |                  ^^^^^^^^^^^^^^
2026-07-24 14:46:42.597 |   File "/app/src/collectors/sqlserver.py", line 70, in connect
2026-07-24 14:46:42.597 |     conn = pymssql.connect(
2026-07-24 14:46:42.597 |            ^^^^^^^^^^^^^^^^
2026-07-24 14:46:42.597 |   File "src/pymssql/_pymssql.pyx", line 659, in pymssql._pymssql.connect
2026-07-24 14:46:42.597 | pymssql.exceptions.OperationalError: (20009, b'DB-Lib error message 20009, severity 9:\nUnable to connect: Adaptive Server is unavailable or does not exist (COSWINDE516D1)\n')
2026-07-24 14:46:42.597 | 2026-07-24 21:46:42,597 INFO 172.19.0.3 - "GET /metrics?target=hris-scl-engineering-db HTTP/1.1" 200 -
2026-07-24 14:46:45.899 | 2026-07-24 21:46:45,898 INFO 127.0.0.1 - "GET /health HTTP/1.1" 200 -
2026-07-24 14:46:46.782 | 2026-07-24 21:46:46,781 ERROR query 'size' failed for target 'hris-card-db'
2026-07-24 14:46:46.782 | Traceback (most recent call last):
2026-07-24 14:46:46.782 |   File "/app/src/collectors/base.py", line 52, in safe_collect_family
2026-07-24 14:46:46.782 |     result = builder()
2026-07-24 14:46:46.782 |              ^^^^^^^^^
2026-07-24 14:46:46.782 |   File "/app/src/collectors/postgres.py", line 94, in <lambda>
2026-07-24 14:46:46.782 |     ("size", lambda: self._size_family(cur)),
2026-07-24 14:46:46.782 |                      ^^^^^^^^^^^^^^^^^^^^^^
2026-07-24 14:46:46.782 |   File "/app/src/collectors/postgres.py", line 168, in _size_family
2026-07-24 14:46:46.782 |     cur.execute(_SIZE_SQL)
2026-07-24 14:46:46.782 |   File "/usr/local/lib/python3.12/site-packages/psycopg2/extras.py", line 146, in execute
2026-07-24 14:46:46.782 |     return super().execute(query, vars)
2026-07-24 14:46:46.782 |            ^^^^^^^^^^^^^^^^^^^^^^^^^^^^
2026-07-24 14:46:46.782 | psycopg2.errors.InsufficientPrivilege: permission denied for database rdsadmin
2026-07-24 14:46:46.782 | 
2026-07-24 14:46:46.782 | 2026-07-24 21:46:46,782 INFO 172.19.0.3 - "GET /metrics?target=hris-card-db HTTP/1.1" 200 -
2026-07-24 14:46:56.282 | 2026-07-24 21:46:56,282 ERROR query 'query_duration' failed for target 'hris-hims-db'
2026-07-24 14:46:56.282 | Traceback (most recent call last):
2026-07-24 14:46:56.282 |   File "/app/src/collectors/base.py", line 52, in safe_collect_family
2026-07-24 14:46:56.282 |     result = builder()
2026-07-24 14:46:56.282 |              ^^^^^^^^^
2026-07-24 14:46:56.282 |   File "/app/src/collectors/oracle.py", line 103, in <lambda>
2026-07-24 14:46:56.282 |     ("query_duration", lambda: self._query_duration_family(conn)),
2026-07-24 14:46:56.282 |                                ^^^^^^^^^^^^^^^^^^^^^^^^^^^^^^^^^
2026-07-24 14:46:56.282 |   File "/app/src/collectors/oracle.py", line 119, in _query_duration_family
2026-07-24 14:46:56.282 |     cur.execute(_QUERY_STATS_SQL)
2026-07-24 14:46:56.282 |   File "/usr/local/lib/python3.12/site-packages/oracledb/cursor.py", line 710, in execute
2026-07-24 14:46:56.282 |     impl.execute(self)
2026-07-24 14:46:56.282 |   File "src/oracledb/impl/thin/cursor.pyx", line 196, in oracledb.thin_impl.ThinCursorImpl.execute
2026-07-24 14:46:56.282 |   File "src/oracledb/impl/thin/protocol.pyx", line 440, in oracledb.thin_impl.Protocol._process_single_message
2026-07-24 14:46:56.282 |   File "src/oracledb/impl/thin/protocol.pyx", line 441, in oracledb.thin_impl.Protocol._process_single_message
2026-07-24 14:46:56.282 |   File "src/oracledb/impl/thin/protocol.pyx", line 433, in oracledb.thin_impl.Protocol._process_message
2026-07-24 14:46:56.282 |   File "src/oracledb/impl/thin/messages.pyx", line 74, in oracledb.thin_impl.Message._check_and_raise_exception
2026-07-24 14:46:56.282 | oracledb.exceptions.DatabaseError: ORA-00942: table or view does not exist
2026-07-24 14:46:56.282 | Help: https://docs.oracle.com/error-help/db/ora-00942/
2026-07-24 14:46:56.387 | 2026-07-24 21:46:56,387 INFO 172.19.0.3 - "GET /metrics?target=hris-hims-db HTTP/1.1" 200 -
2026-07-24 14:46:57.598 | 2026-07-24 21:46:57,597 ERROR scrape of target 'hris-scl-engineering-db' failed
2026-07-24 14:46:57.598 | Traceback (most recent call last):
2026-07-24 14:46:57.598 |   File "src/pymssql/_pymssql.pyx", line 650, in pymssql._pymssql.connect
2026-07-24 14:46:57.598 |   File "src/pymssql/_mssql.pyx", line 2158, in pymssql._mssql.connect
2026-07-24 14:46:57.598 |   File "src/pymssql/_mssql.pyx", line 712, in pymssql._mssql.MSSQLConnection.__init__
2026-07-24 14:46:57.598 |   File "src/pymssql/_mssql.pyx", line 1884, in pymssql._mssql.maybe_raise_MSSQLDatabaseException
2026-07-24 14:46:57.598 |   File "src/pymssql/_mssql.pyx", line 1901, in pymssql._mssql.raise_MSSQLDatabaseException
2026-07-24 14:46:57.598 | pymssql._mssql.MSSQLDatabaseException: (20009, b'DB-Lib error message 20009, severity 9:\nUnable to connect: Adaptive Server is unavailable or does not exist (COSWINDE516D1)\n')
2026-07-24 14:46:57.598 | 
2026-07-24 14:46:57.598 | During handling of the above exception, another exception occurred:
2026-07-24 14:46:57.598 | 
2026-07-24 14:46:57.598 | Traceback (most recent call last):
2026-07-24 14:46:57.598 |   File "/app/src/registry.py", line 74, in scrape
2026-07-24 14:46:57.598 |     families, had_partial_error = future.result(timeout=target.scrape_timeout_seconds)
2026-07-24 14:46:57.598 |                                   ^^^^^^^^^^^^^^^^^^^^^^^^^^^^^^^^^^^^^^^^^^^^^^^^^^^^
2026-07-24 14:46:57.598 |   File "/usr/local/lib/python3.12/concurrent/futures/_base.py", line 456, in result
2026-07-24 14:46:57.598 |     return self.__get_result()
2026-07-24 14:46:57.598 |            ^^^^^^^^^^^^^^^^^^^
2026-07-24 14:46:57.598 |   File "/usr/local/lib/python3.12/concurrent/futures/_base.py", line 401, in __get_result
2026-07-24 14:46:57.598 |     raise self._exception
2026-07-24 14:46:57.598 |   File "/usr/local/lib/python3.12/concurrent/futures/thread.py", line 59, in run
2026-07-24 14:46:57.598 |     result = self.fn(*self.args, **self.kwargs)
2026-07-24 14:46:57.598 |              ^^^^^^^^^^^^^^^^^^^^^^^^^^^^^^^^^^
2026-07-24 14:46:57.598 |   File "/app/src/registry.py", line 69, in _do_scrape
2026-07-24 14:46:57.598 |     conn = adapter.get_connection()
2026-07-24 14:46:57.598 |            ^^^^^^^^^^^^^^^^^^^^^^^^
2026-07-24 14:46:57.598 |   File "/app/src/collectors/base.py", line 65, in get_connection
2026-07-24 14:46:57.598 |     self._conn = self.connect()
2026-07-24 14:46:57.598 |                  ^^^^^^^^^^^^^^
2026-07-24 14:46:57.598 |   File "/app/src/collectors/sqlserver.py", line 70, in connect
2026-07-24 14:46:57.598 |     conn = pymssql.connect(
2026-07-24 14:46:57.598 |            ^^^^^^^^^^^^^^^^
2026-07-24 14:46:57.598 |   File "src/pymssql/_pymssql.pyx", line 659, in pymssql._pymssql.connect
2026-07-24 14:46:57.598 | pymssql.exceptions.OperationalError: (20009, b'DB-Lib error message 20009, severity 9:\nUnable to connect: Adaptive Server is unavailable or does not exist (COSWINDE516D1)\n')
2026-07-24 14:46:57.598 | 2026-07-24 21:46:57,597 INFO 172.19.0.3 - "GET /metrics?target=hris-scl-engineering-db HTTP/1.1" 200 -
2026-07-24 14:47:01.797 | 2026-07-24 21:47:01,797 ERROR query 'size' failed for target 'hris-card-db'
2026-07-24 14:47:01.797 | Traceback (most recent call last):
2026-07-24 14:47:01.797 |   File "/app/src/collectors/base.py", line 52, in safe_collect_family
2026-07-24 14:47:01.797 |     result = builder()
2026-07-24 14:47:01.797 |              ^^^^^^^^^
2026-07-24 14:47:01.797 |   File "/app/src/collectors/postgres.py", line 94, in <lambda>
2026-07-24 14:47:01.797 |     ("size", lambda: self._size_family(cur)),
2026-07-24 14:47:01.797 |                      ^^^^^^^^^^^^^^^^^^^^^^
2026-07-24 14:47:01.797 |   File "/app/src/collectors/postgres.py", line 168, in _size_family
2026-07-24 14:47:01.797 |     cur.execute(_SIZE_SQL)
2026-07-24 14:47:01.797 |   File "/usr/local/lib/python3.12/site-packages/psycopg2/extras.py", line 146, in execute
2026-07-24 14:47:01.797 |     return super().execute(query, vars)
2026-07-24 14:47:01.797 |            ^^^^^^^^^^^^^^^^^^^^^^^^^^^^
2026-07-24 14:47:01.797 | psycopg2.errors.InsufficientPrivilege: permission denied for database rdsadmin
2026-07-24 14:47:01.797 | 
2026-07-24 14:47:01.798 | 2026-07-24 21:47:01,797 INFO 172.19.0.3 - "GET /metrics?target=hris-card-db HTTP/1.1" 200 -
2026-07-24 14:47:11.278 | 2026-07-24 21:47:11,278 ERROR query 'query_duration' failed for target 'hris-hims-db'
2026-07-24 14:47:11.279 | Traceback (most recent call last):
2026-07-24 14:47:11.279 |   File "/app/src/collectors/base.py", line 52, in safe_collect_family
2026-07-24 14:47:11.279 |     result = builder()
2026-07-24 14:47:11.279 |              ^^^^^^^^^
2026-07-24 14:47:11.279 |   File "/app/src/collectors/oracle.py", line 103, in <lambda>
2026-07-24 14:47:11.279 |     ("query_duration", lambda: self._query_duration_family(conn)),
2026-07-24 14:47:11.279 |                                ^^^^^^^^^^^^^^^^^^^^^^^^^^^^^^^^^
2026-07-24 14:47:11.279 |   File "/app/src/collectors/oracle.py", line 119, in _query_duration_family
2026-07-24 14:47:11.279 |     cur.execute(_QUERY_STATS_SQL)
2026-07-24 14:47:11.279 |   File "/usr/local/lib/python3.12/site-packages/oracledb/cursor.py", line 710, in execute
2026-07-24 14:47:11.279 |     impl.execute(self)
2026-07-24 14:47:11.279 |   File "src/oracledb/impl/thin/cursor.pyx", line 196, in oracledb.thin_impl.ThinCursorImpl.execute
2026-07-24 14:47:11.279 |   File "src/oracledb/impl/thin/protocol.pyx", line 440, in oracledb.thin_impl.Protocol._process_single_message
2026-07-24 14:47:11.279 |   File "src/oracledb/impl/thin/protocol.pyx", line 441, in oracledb.thin_impl.Protocol._process_single_message
2026-07-24 14:47:11.279 |   File "src/oracledb/impl/thin/protocol.pyx", line 433, in oracledb.thin_impl.Protocol._process_message
2026-07-24 14:47:11.279 |   File "src/oracledb/impl/thin/messages.pyx", line 74, in oracledb.thin_impl.Message._check_and_raise_exception
2026-07-24 14:47:11.279 | oracledb.exceptions.DatabaseError: ORA-00942: table or view does not exist
2026-07-24 14:47:11.279 | Help: https://docs.oracle.com/error-help/db/ora-00942/
2026-07-24 14:47:11.373 | 2026-07-24 21:47:11,373 INFO 172.19.0.3 - "GET /metrics?target=hris-hims-db HTTP/1.1" 200 -
2026-07-24 14:47:12.596 | 2026-07-24 21:47:12,595 ERROR scrape of target 'hris-scl-engineering-db' failed
2026-07-24 14:47:12.596 | Traceback (most recent call last):
2026-07-24 14:47:12.596 |   File "src/pymssql/_pymssql.pyx", line 650, in pymssql._pymssql.connect
2026-07-24 14:47:12.596 |   File "src/pymssql/_mssql.pyx", line 2158, in pymssql._mssql.connect
2026-07-24 14:47:12.596 |   File "src/pymssql/_mssql.pyx", line 712, in pymssql._mssql.MSSQLConnection.__init__
2026-07-24 14:47:12.596 |   File "src/pymssql/_mssql.pyx", line 1884, in pymssql._mssql.maybe_raise_MSSQLDatabaseException
2026-07-24 14:47:12.596 |   File "src/pymssql/_mssql.pyx", line 1901, in pymssql._mssql.raise_MSSQLDatabaseException
2026-07-24 14:47:12.596 | pymssql._mssql.MSSQLDatabaseException: (20009, b'DB-Lib error message 20009, severity 9:\nUnable to connect: Adaptive Server is unavailable or does not exist (COSWINDE516D1)\n')
2026-07-24 14:47:12.596 | 
2026-07-24 14:47:12.596 | During handling of the above exception, another exception occurred:
2026-07-24 14:47:12.596 | 
2026-07-24 14:47:12.596 | Traceback (most recent call last):
2026-07-24 14:47:12.596 |   File "/app/src/registry.py", line 74, in scrape
2026-07-24 14:47:12.596 |     families, had_partial_error = future.result(timeout=target.scrape_timeout_seconds)
2026-07-24 14:47:12.596 |                                   ^^^^^^^^^^^^^^^^^^^^^^^^^^^^^^^^^^^^^^^^^^^^^^^^^^^^
2026-07-24 14:47:12.596 |   File "/usr/local/lib/python3.12/concurrent/futures/_base.py", line 456, in result
2026-07-24 14:47:12.596 |     return self.__get_result()
2026-07-24 14:47:12.596 |            ^^^^^^^^^^^^^^^^^^^
2026-07-24 14:47:12.596 |   File "/usr/local/lib/python3.12/concurrent/futures/_base.py", line 401, in __get_result
2026-07-24 14:47:12.596 |     raise self._exception
2026-07-24 14:47:12.596 |   File "/usr/local/lib/python3.12/concurrent/futures/thread.py", line 59, in run
2026-07-24 14:47:12.596 |     result = self.fn(*self.args, **self.kwargs)
2026-07-24 14:47:12.596 |              ^^^^^^^^^^^^^^^^^^^^^^^^^^^^^^^^^^
2026-07-24 14:47:12.596 |   File "/app/src/registry.py", line 69, in _do_scrape
2026-07-24 14:47:12.596 |     conn = adapter.get_connection()
2026-07-24 14:47:12.596 |            ^^^^^^^^^^^^^^^^^^^^^^^^
2026-07-24 14:47:12.596 |   File "/app/src/collectors/base.py", line 65, in get_connection
2026-07-24 14:47:12.596 |     self._conn = self.connect()
2026-07-24 14:47:12.596 |                  ^^^^^^^^^^^^^^
2026-07-24 14:47:12.596 |   File "/app/src/collectors/sqlserver.py", line 70, in connect
2026-07-24 14:47:12.596 |     conn = pymssql.connect(
2026-07-24 14:47:12.596 |            ^^^^^^^^^^^^^^^^
2026-07-24 14:47:12.596 |   File "src/pymssql/_pymssql.pyx", line 659, in pymssql._pymssql.connect
2026-07-24 14:47:12.596 | pymssql.exceptions.OperationalError: (20009, b'DB-Lib error message 20009, severity 9:\nUnable to connect: Adaptive Server is unavailable or does not exist (COSWINDE516D1)\n')
2026-07-24 14:47:12.596 | 2026-07-24 21:47:12,596 INFO 172.19.0.3 - "GET /metrics?target=hris-scl-engineering-db HTTP/1.1" 200 -
2026-07-24 14:47:16.018 | 2026-07-24 21:47:16,018 INFO 127.0.0.1 - "GET /health HTTP/1.1" 200 -
2026-07-24 14:47:16.782 | 2026-07-24 21:47:16,781 ERROR query 'size' failed for target 'hris-card-db'
2026-07-24 14:47:16.782 | Traceback (most recent call last):
2026-07-24 14:47:16.782 |   File "/app/src/collectors/base.py", line 52, in safe_collect_family
2026-07-24 14:47:16.782 |     result = builder()
2026-07-24 14:47:16.782 |              ^^^^^^^^^
2026-07-24 14:47:16.782 |   File "/app/src/collectors/postgres.py", line 94, in <lambda>
2026-07-24 14:47:16.782 |     ("size", lambda: self._size_family(cur)),
2026-07-24 14:47:16.782 |                      ^^^^^^^^^^^^^^^^^^^^^^
2026-07-24 14:47:16.782 |   File "/app/src/collectors/postgres.py", line 168, in _size_family
2026-07-24 14:47:16.782 |     cur.execute(_SIZE_SQL)
2026-07-24 14:47:16.782 |   File "/usr/local/lib/python3.12/site-packages/psycopg2/extras.py", line 146, in execute
2026-07-24 14:47:16.782 |     return super().execute(query, vars)
2026-07-24 14:47:16.782 |            ^^^^^^^^^^^^^^^^^^^^^^^^^^^^
2026-07-24 14:47:16.782 | psycopg2.errors.InsufficientPrivilege: permission denied for database rdsadmin
2026-07-24 14:47:16.782 | 
2026-07-24 14:47:16.782 | 2026-07-24 21:47:16,782 INFO 172.19.0.3 - "GET /metrics?target=hris-card-db HTTP/1.1" 200 -
2026-07-24 14:47:26.279 | 2026-07-24 21:47:26,279 ERROR query 'query_duration' failed for target 'hris-hims-db'
2026-07-24 14:47:26.279 | Traceback (most recent call last):
2026-07-24 14:47:26.279 |   File "/app/src/collectors/base.py", line 52, in safe_collect_family
2026-07-24 14:47:26.279 |     result = builder()
2026-07-24 14:47:26.279 |              ^^^^^^^^^
2026-07-24 14:47:26.279 |   File "/app/src/collectors/oracle.py", line 103, in <lambda>
2026-07-24 14:47:26.279 |     ("query_duration", lambda: self._query_duration_family(conn)),
2026-07-24 14:47:26.279 |                                ^^^^^^^^^^^^^^^^^^^^^^^^^^^^^^^^^
2026-07-24 14:47:26.279 |   File "/app/src/collectors/oracle.py", line 119, in _query_duration_family
2026-07-24 14:47:26.279 |     cur.execute(_QUERY_STATS_SQL)
2026-07-24 14:47:26.279 |   File "/usr/local/lib/python3.12/site-packages/oracledb/cursor.py", line 710, in execute
2026-07-24 14:47:26.279 |     impl.execute(self)
2026-07-24 14:47:26.279 |   File "src/oracledb/impl/thin/cursor.pyx", line 196, in oracledb.thin_impl.ThinCursorImpl.execute
2026-07-24 14:47:26.279 |   File "src/oracledb/impl/thin/protocol.pyx", line 440, in oracledb.thin_impl.Protocol._process_single_message
2026-07-24 14:47:26.279 |   File "src/oracledb/impl/thin/protocol.pyx", line 441, in oracledb.thin_impl.Protocol._process_single_message
2026-07-24 14:47:26.279 |   File "src/oracledb/impl/thin/protocol.pyx", line 433, in oracledb.thin_impl.Protocol._process_message
2026-07-24 14:47:26.279 |   File "src/oracledb/impl/thin/messages.pyx", line 74, in oracledb.thin_impl.Message._check_and_raise_exception
2026-07-24 14:47:26.279 | oracledb.exceptions.DatabaseError: ORA-00942: table or view does not exist
2026-07-24 14:47:26.279 | Help: https://docs.oracle.com/error-help/db/ora-00942/
2026-07-24 14:47:26.377 | 2026-07-24 21:47:26,376 INFO 172.19.0.3 - "GET /metrics?target=hris-hims-db HTTP/1.1" 200 -
2026-07-24 14:47:27.599 | 2026-07-24 21:47:27,598 ERROR scrape of target 'hris-scl-engineering-db' failed
2026-07-24 14:47:27.599 | Traceback (most recent call last):
2026-07-24 14:47:27.599 |   File "src/pymssql/_pymssql.pyx", line 650, in pymssql._pymssql.connect
2026-07-24 14:47:27.599 |   File "src/pymssql/_mssql.pyx", line 2158, in pymssql._mssql.connect
2026-07-24 14:47:27.599 |   File "src/pymssql/_mssql.pyx", line 712, in pymssql._mssql.MSSQLConnection.__init__
2026-07-24 14:47:27.599 |   File "src/pymssql/_mssql.pyx", line 1884, in pymssql._mssql.maybe_raise_MSSQLDatabaseException
2026-07-24 14:47:27.599 |   File "src/pymssql/_mssql.pyx", line 1901, in pymssql._mssql.raise_MSSQLDatabaseException
2026-07-24 14:47:27.599 | pymssql._mssql.MSSQLDatabaseException: (20009, b'DB-Lib error message 20009, severity 9:\nUnable to connect: Adaptive Server is unavailable or does not exist (COSWINDE516D1)\n')
2026-07-24 14:47:27.599 | 
2026-07-24 14:47:27.599 | During handling of the above exception, another exception occurred:
2026-07-24 14:47:27.599 | 
2026-07-24 14:47:27.599 | Traceback (most recent call last):
2026-07-24 14:47:27.599 |   File "/app/src/registry.py", line 74, in scrape
2026-07-24 14:47:27.599 |     families, had_partial_error = future.result(timeout=target.scrape_timeout_seconds)
2026-07-24 14:47:27.599 |                                   ^^^^^^^^^^^^^^^^^^^^^^^^^^^^^^^^^^^^^^^^^^^^^^^^^^^^
2026-07-24 14:47:27.599 |   File "/usr/local/lib/python3.12/concurrent/futures/_base.py", line 456, in result
2026-07-24 14:47:27.599 |     return self.__get_result()
2026-07-24 14:47:27.599 |            ^^^^^^^^^^^^^^^^^^^
2026-07-24 14:47:27.599 |   File "/usr/local/lib/python3.12/concurrent/futures/_base.py", line 401, in __get_result
2026-07-24 14:47:27.599 |     raise self._exception
2026-07-24 14:47:27.599 |   File "/usr/local/lib/python3.12/concurrent/futures/thread.py", line 59, in run
2026-07-24 14:47:27.599 |     result = self.fn(*self.args, **self.kwargs)
2026-07-24 14:47:27.599 |              ^^^^^^^^^^^^^^^^^^^^^^^^^^^^^^^^^^
2026-07-24 14:47:27.599 |   File "/app/src/registry.py", line 69, in _do_scrape
2026-07-24 14:47:27.599 |     conn = adapter.get_connection()
2026-07-24 14:47:27.599 |            ^^^^^^^^^^^^^^^^^^^^^^^^
2026-07-24 14:47:27.599 |   File "/app/src/collectors/base.py", line 65, in get_connection
2026-07-24 14:47:27.599 |     self._conn = self.connect()
2026-07-24 14:47:27.599 |                  ^^^^^^^^^^^^^^
2026-07-24 14:47:27.599 |   File "/app/src/collectors/sqlserver.py", line 70, in connect
2026-07-24 14:47:27.599 |     conn = pymssql.connect(
2026-07-24 14:47:27.599 |            ^^^^^^^^^^^^^^^^
2026-07-24 14:47:27.599 |   File "src/pymssql/_pymssql.pyx", line 659, in pymssql._pymssql.connect
2026-07-24 14:47:27.599 | pymssql.exceptions.OperationalError: (20009, b'DB-Lib error message 20009, severity 9:\nUnable to connect: Adaptive Server is unavailable or does not exist (COSWINDE516D1)\n')
2026-07-24 14:47:27.599 | 2026-07-24 21:47:27,598 INFO 172.19.0.3 - "GET /metrics?target=hris-scl-engineering-db HTTP/1.1" 200 -
2026-07-24 14:47:31.787 | 2026-07-24 21:47:31,787 ERROR query 'size' failed for target 'hris-card-db'
2026-07-24 14:47:31.787 | Traceback (most recent call last):
2026-07-24 14:47:31.787 |   File "/app/src/collectors/base.py", line 52, in safe_collect_family
2026-07-24 14:47:31.787 |     result = builder()
2026-07-24 14:47:31.787 |              ^^^^^^^^^
2026-07-24 14:47:31.787 |   File "/app/src/collectors/postgres.py", line 94, in <lambda>
2026-07-24 14:47:31.787 |     ("size", lambda: self._size_family(cur)),
2026-07-24 14:47:31.787 |                      ^^^^^^^^^^^^^^^^^^^^^^
2026-07-24 14:47:31.787 |   File "/app/src/collectors/postgres.py", line 168, in _size_family
2026-07-24 14:47:31.787 |     cur.execute(_SIZE_SQL)
2026-07-24 14:47:31.787 |   File "/usr/local/lib/python3.12/site-packages/psycopg2/extras.py", line 146, in execute
2026-07-24 14:47:31.787 |     return super().execute(query, vars)
2026-07-24 14:47:31.787 |            ^^^^^^^^^^^^^^^^^^^^^^^^^^^^
2026-07-24 14:47:31.787 | psycopg2.errors.InsufficientPrivilege: permission denied for database rdsadmin
2026-07-24 14:47:31.787 | 
2026-07-24 14:47:31.788 | 2026-07-24 21:47:31,787 INFO 172.19.0.3 - "GET /metrics?target=hris-card-db HTTP/1.1" 200 -
2026-07-24 14:47:41.276 | 2026-07-24 21:47:41,275 ERROR query 'query_duration' failed for target 'hris-hims-db'
2026-07-24 14:47:41.276 | Traceback (most recent call last):
2026-07-24 14:47:41.276 |   File "/app/src/collectors/base.py", line 52, in safe_collect_family
2026-07-24 14:47:41.276 |     result = builder()
2026-07-24 14:47:41.276 |              ^^^^^^^^^
2026-07-24 14:47:41.276 |   File "/app/src/collectors/oracle.py", line 103, in <lambda>
2026-07-24 14:47:41.276 |     ("query_duration", lambda: self._query_duration_family(conn)),
2026-07-24 14:47:41.276 |                                ^^^^^^^^^^^^^^^^^^^^^^^^^^^^^^^^^
2026-07-24 14:47:41.276 |   File "/app/src/collectors/oracle.py", line 119, in _query_duration_family
2026-07-24 14:47:41.276 |     cur.execute(_QUERY_STATS_SQL)
2026-07-24 14:47:41.276 |   File "/usr/local/lib/python3.12/site-packages/oracledb/cursor.py", line 710, in execute
2026-07-24 14:47:41.276 |     impl.execute(self)
2026-07-24 14:47:41.276 |   File "src/oracledb/impl/thin/cursor.pyx", line 196, in oracledb.thin_impl.ThinCursorImpl.execute
2026-07-24 14:47:41.276 |   File "src/oracledb/impl/thin/protocol.pyx", line 440, in oracledb.thin_impl.Protocol._process_single_message
2026-07-24 14:47:41.276 |   File "src/oracledb/impl/thin/protocol.pyx", line 441, in oracledb.thin_impl.Protocol._process_single_message
2026-07-24 14:47:41.276 |   File "src/oracledb/impl/thin/protocol.pyx", line 433, in oracledb.thin_impl.Protocol._process_message
2026-07-24 14:47:41.276 |   File "src/oracledb/impl/thin/messages.pyx", line 74, in oracledb.thin_impl.Message._check_and_raise_exception
2026-07-24 14:47:41.276 | oracledb.exceptions.DatabaseError: ORA-00942: table or view does not exist
2026-07-24 14:47:41.276 | Help: https://docs.oracle.com/error-help/db/ora-00942/
2026-07-24 14:47:41.348 | 2026-07-24 21:47:41,348 INFO 172.19.0.3 - "GET /metrics?target=hris-hims-db HTTP/1.1" 200 -
2026-07-24 14:47:42.598 | 2026-07-24 21:47:42,598 ERROR scrape of target 'hris-scl-engineering-db' failed
2026-07-24 14:47:42.598 | Traceback (most recent call last):
2026-07-24 14:47:42.598 |   File "src/pymssql/_pymssql.pyx", line 650, in pymssql._pymssql.connect
2026-07-24 14:47:42.598 |   File "src/pymssql/_mssql.pyx", line 2158, in pymssql._mssql.connect
2026-07-24 14:47:42.598 |   File "src/pymssql/_mssql.pyx", line 712, in pymssql._mssql.MSSQLConnection.__init__
2026-07-24 14:47:42.598 |   File "src/pymssql/_mssql.pyx", line 1884, in pymssql._mssql.maybe_raise_MSSQLDatabaseException
2026-07-24 14:47:42.598 |   File "src/pymssql/_mssql.pyx", line 1901, in pymssql._mssql.raise_MSSQLDatabaseException
2026-07-24 14:47:42.598 | pymssql._mssql.MSSQLDatabaseException: (20009, b'DB-Lib error message 20009, severity 9:\nUnable to connect: Adaptive Server is unavailable or does not exist (COSWINDE516D1)\n')
2026-07-24 14:47:42.598 | 
2026-07-24 14:47:42.598 | During handling of the above exception, another exception occurred:
2026-07-24 14:47:42.598 | 
2026-07-24 14:47:42.598 | Traceback (most recent call last):
2026-07-24 14:47:42.598 |   File "/app/src/registry.py", line 74, in scrape
2026-07-24 14:47:42.598 |     families, had_partial_error = future.result(timeout=target.scrape_timeout_seconds)
2026-07-24 14:47:42.598 |                                   ^^^^^^^^^^^^^^^^^^^^^^^^^^^^^^^^^^^^^^^^^^^^^^^^^^^^
2026-07-24 14:47:42.598 |   File "/usr/local/lib/python3.12/concurrent/futures/_base.py", line 456, in result
2026-07-24 14:47:42.598 |     return self.__get_result()
2026-07-24 14:47:42.598 |            ^^^^^^^^^^^^^^^^^^^
2026-07-24 14:47:42.598 |   File "/usr/local/lib/python3.12/concurrent/futures/_base.py", line 401, in __get_result
2026-07-24 14:47:42.598 |     raise self._exception
2026-07-24 14:47:42.598 |   File "/usr/local/lib/python3.12/concurrent/futures/thread.py", line 59, in run
2026-07-24 14:47:42.598 |     result = self.fn(*self.args, **self.kwargs)
2026-07-24 14:47:42.598 |              ^^^^^^^^^^^^^^^^^^^^^^^^^^^^^^^^^^
2026-07-24 14:47:42.598 |   File "/app/src/registry.py", line 69, in _do_scrape
2026-07-24 14:47:42.598 |     conn = adapter.get_connection()
2026-07-24 14:47:42.598 |            ^^^^^^^^^^^^^^^^^^^^^^^^
2026-07-24 14:47:42.598 |   File "/app/src/collectors/base.py", line 65, in get_connection
2026-07-24 14:47:42.598 |     self._conn = self.connect()
2026-07-24 14:47:42.598 |                  ^^^^^^^^^^^^^^
2026-07-24 14:47:42.598 |   File "/app/src/collectors/sqlserver.py", line 70, in connect
2026-07-24 14:47:42.598 |     conn = pymssql.connect(
2026-07-24 14:47:42.598 |            ^^^^^^^^^^^^^^^^
2026-07-24 14:47:42.598 |   File "src/pymssql/_pymssql.pyx", line 659, in pymssql._pymssql.connect
2026-07-24 14:47:42.598 | pymssql.exceptions.OperationalError: (20009, b'DB-Lib error message 20009, severity 9:\nUnable to connect: Adaptive Server is unavailable or does not exist (COSWINDE516D1)\n')
2026-07-24 14:47:42.598 | 2026-07-24 21:47:42,598 INFO 172.19.0.3 - "GET /metrics?target=hris-scl-engineering-db HTTP/1.1" 200 -
2026-07-24 14:47:46.132 | 2026-07-24 21:47:46,132 INFO 127.0.0.1 - "GET /health HTTP/1.1" 200 -
2026-07-24 14:47:46.786 | 2026-07-24 21:47:46,785 ERROR query 'size' failed for target 'hris-card-db'
2026-07-24 14:47:46.786 | Traceback (most recent call last):
2026-07-24 14:47:46.786 |   File "/app/src/collectors/base.py", line 52, in safe_collect_family
2026-07-24 14:47:46.786 |     result = builder()
2026-07-24 14:47:46.786 |              ^^^^^^^^^
2026-07-24 14:47:46.786 |   File "/app/src/collectors/postgres.py", line 94, in <lambda>
2026-07-24 14:47:46.786 |     ("size", lambda: self._size_family(cur)),
2026-07-24 14:47:46.786 |                      ^^^^^^^^^^^^^^^^^^^^^^
2026-07-24 14:47:46.786 |   File "/app/src/collectors/postgres.py", line 168, in _size_family
2026-07-24 14:47:46.786 |     cur.execute(_SIZE_SQL)
2026-07-24 14:47:46.786 |   File "/usr/local/lib/python3.12/site-packages/psycopg2/extras.py", line 146, in execute
2026-07-24 14:47:46.786 |     return super().execute(query, vars)
2026-07-24 14:47:46.786 |            ^^^^^^^^^^^^^^^^^^^^^^^^^^^^
2026-07-24 14:47:46.786 | psycopg2.errors.InsufficientPrivilege: permission denied for database rdsadmin
2026-07-24 14:47:46.786 | 
2026-07-24 14:47:46.786 | 2026-07-24 21:47:46,786 INFO 172.19.0.3 - "GET /metrics?target=hris-card-db HTTP/1.1" 200 -
2026-07-24 14:47:56.278 | 2026-07-24 21:47:56,277 ERROR query 'query_duration' failed for target 'hris-hims-db'
2026-07-24 14:47:56.278 | Traceback (most recent call last):
2026-07-24 14:47:56.278 |   File "/app/src/collectors/base.py", line 52, in safe_collect_family
2026-07-24 14:47:56.278 |     result = builder()
2026-07-24 14:47:56.278 |              ^^^^^^^^^
2026-07-24 14:47:56.278 |   File "/app/src/collectors/oracle.py", line 103, in <lambda>
2026-07-24 14:47:56.278 |     ("query_duration", lambda: self._query_duration_family(conn)),
2026-07-24 14:47:56.278 |                                ^^^^^^^^^^^^^^^^^^^^^^^^^^^^^^^^^
2026-07-24 14:47:56.278 |   File "/app/src/collectors/oracle.py", line 119, in _query_duration_family
2026-07-24 14:47:56.278 |     cur.execute(_QUERY_STATS_SQL)
2026-07-24 14:47:56.278 |   File "/usr/local/lib/python3.12/site-packages/oracledb/cursor.py", line 710, in execute
2026-07-24 14:47:56.278 |     impl.execute(self)
2026-07-24 14:47:56.278 |   File "src/oracledb/impl/thin/cursor.pyx", line 196, in oracledb.thin_impl.ThinCursorImpl.execute
2026-07-24 14:47:56.278 |   File "src/oracledb/impl/thin/protocol.pyx", line 440, in oracledb.thin_impl.Protocol._process_single_message
2026-07-24 14:47:56.278 |   File "src/oracledb/impl/thin/protocol.pyx", line 441, in oracledb.thin_impl.Protocol._process_single_message
2026-07-24 14:47:56.278 |   File "src/oracledb/impl/thin/protocol.pyx", line 433, in oracledb.thin_impl.Protocol._process_message
2026-07-24 14:47:56.278 |   File "src/oracledb/impl/thin/messages.pyx", line 74, in oracledb.thin_impl.Message._check_and_raise_exception
2026-07-24 14:47:56.278 | oracledb.exceptions.DatabaseError: ORA-00942: table or view does not exist
2026-07-24 14:47:56.278 | Help: https://docs.oracle.com/error-help/db/ora-00942/
2026-07-24 14:47:56.355 | 2026-07-24 21:47:56,355 INFO 172.19.0.3 - "GET /metrics?target=hris-hims-db HTTP/1.1" 200 -
2026-07-24 14:47:57.598 | 2026-07-24 21:47:57,597 ERROR scrape of target 'hris-scl-engineering-db' failed
2026-07-24 14:47:57.598 | Traceback (most recent call last):
2026-07-24 14:47:57.598 |   File "src/pymssql/_pymssql.pyx", line 650, in pymssql._pymssql.connect
2026-07-24 14:47:57.598 |   File "src/pymssql/_mssql.pyx", line 2158, in pymssql._mssql.connect
2026-07-24 14:47:57.598 |   File "src/pymssql/_mssql.pyx", line 712, in pymssql._mssql.MSSQLConnection.__init__
2026-07-24 14:47:57.598 |   File "src/pymssql/_mssql.pyx", line 1884, in pymssql._mssql.maybe_raise_MSSQLDatabaseException
2026-07-24 14:47:57.598 |   File "src/pymssql/_mssql.pyx", line 1901, in pymssql._mssql.raise_MSSQLDatabaseException
2026-07-24 14:47:57.598 | pymssql._mssql.MSSQLDatabaseException: (20009, b'DB-Lib error message 20009, severity 9:\nUnable to connect: Adaptive Server is unavailable or does not exist (COSWINDE516D1)\n')
2026-07-24 14:47:57.598 | 
2026-07-24 14:47:57.598 | During handling of the above exception, another exception occurred:
2026-07-24 14:47:57.598 | 
2026-07-24 14:47:57.598 | Traceback (most recent call last):
2026-07-24 14:47:57.598 |   File "/app/src/registry.py", line 74, in scrape
2026-07-24 14:47:57.598 |     families, had_partial_error = future.result(timeout=target.scrape_timeout_seconds)
2026-07-24 14:47:57.598 |                                   ^^^^^^^^^^^^^^^^^^^^^^^^^^^^^^^^^^^^^^^^^^^^^^^^^^^^
2026-07-24 14:47:57.598 |   File "/usr/local/lib/python3.12/concurrent/futures/_base.py", line 456, in result
2026-07-24 14:47:57.598 |     return self.__get_result()
2026-07-24 14:47:57.598 |            ^^^^^^^^^^^^^^^^^^^
2026-07-24 14:47:57.598 |   File "/usr/local/lib/python3.12/concurrent/futures/_base.py", line 401, in __get_result
2026-07-24 14:47:57.598 |     raise self._exception
2026-07-24 14:47:57.598 |   File "/usr/local/lib/python3.12/concurrent/futures/thread.py", line 59, in run
2026-07-24 14:47:57.598 |     result = self.fn(*self.args, **self.kwargs)
2026-07-24 14:47:57.598 |              ^^^^^^^^^^^^^^^^^^^^^^^^^^^^^^^^^^
2026-07-24 14:47:57.598 |   File "/app/src/registry.py", line 69, in _do_scrape
2026-07-24 14:47:57.598 |     conn = adapter.get_connection()
2026-07-24 14:47:57.598 |            ^^^^^^^^^^^^^^^^^^^^^^^^
2026-07-24 14:47:57.598 |   File "/app/src/collectors/base.py", line 65, in get_connection
2026-07-24 14:47:57.598 |     self._conn = self.connect()
2026-07-24 14:47:57.598 |                  ^^^^^^^^^^^^^^
2026-07-24 14:47:57.598 |   File "/app/src/collectors/sqlserver.py", line 70, in connect
2026-07-24 14:47:57.598 |     conn = pymssql.connect(
2026-07-24 14:47:57.598 |            ^^^^^^^^^^^^^^^^
2026-07-24 14:47:57.598 |   File "src/pymssql/_pymssql.pyx", line 659, in pymssql._pymssql.connect
2026-07-24 14:47:57.598 | pymssql.exceptions.OperationalError: (20009, b'DB-Lib error message 20009, severity 9:\nUnable to connect: Adaptive Server is unavailable or does not exist (COSWINDE516D1)\n')
2026-07-24 14:47:57.598 | 2026-07-24 21:47:57,598 INFO 172.19.0.3 - "GET /metrics?target=hris-scl-engineering-db HTTP/1.1" 200 -
2026-07-24 14:48:01.834 | 2026-07-24 21:48:01,833 ERROR query 'size' failed for target 'hris-card-db'
2026-07-24 14:48:01.834 | Traceback (most recent call last):
2026-07-24 14:48:01.834 |   File "/app/src/collectors/base.py", line 52, in safe_collect_family
2026-07-24 14:48:01.834 |     result = builder()
2026-07-24 14:48:01.834 |              ^^^^^^^^^
2026-07-24 14:48:01.834 |   File "/app/src/collectors/postgres.py", line 94, in <lambda>
2026-07-24 14:48:01.834 |     ("size", lambda: self._size_family(cur)),
2026-07-24 14:48:01.834 |                      ^^^^^^^^^^^^^^^^^^^^^^
2026-07-24 14:48:01.834 |   File "/app/src/collectors/postgres.py", line 168, in _size_family
2026-07-24 14:48:01.834 |     cur.execute(_SIZE_SQL)
2026-07-24 14:48:01.834 |   File "/usr/local/lib/python3.12/site-packages/psycopg2/extras.py", line 146, in execute
2026-07-24 14:48:01.834 |     return super().execute(query, vars)
2026-07-24 14:48:01.834 |            ^^^^^^^^^^^^^^^^^^^^^^^^^^^^
2026-07-24 14:48:01.834 | psycopg2.errors.InsufficientPrivilege: permission denied for database rdsadmin
2026-07-24 14:48:01.834 | 
2026-07-24 14:48:01.834 | 2026-07-24 21:48:01,834 INFO 172.19.0.3 - "GET /metrics?target=hris-card-db HTTP/1.1" 200 -
2026-07-24 14:48:11.300 | 2026-07-24 21:48:11,300 ERROR query 'query_duration' failed for target 'hris-hims-db'
2026-07-24 14:48:11.300 | Traceback (most recent call last):
2026-07-24 14:48:11.300 |   File "/app/src/collectors/base.py", line 52, in safe_collect_family
2026-07-24 14:48:11.300 |     result = builder()
2026-07-24 14:48:11.300 |              ^^^^^^^^^
2026-07-24 14:48:11.300 |   File "/app/src/collectors/oracle.py", line 103, in <lambda>
2026-07-24 14:48:11.300 |     ("query_duration", lambda: self._query_duration_family(conn)),
2026-07-24 14:48:11.301 |                                ^^^^^^^^^^^^^^^^^^^^^^^^^^^^^^^^^
2026-07-24 14:48:11.301 |   File "/app/src/collectors/oracle.py", line 119, in _query_duration_family
2026-07-24 14:48:11.301 |     cur.execute(_QUERY_STATS_SQL)
2026-07-24 14:48:11.301 |   File "/usr/local/lib/python3.12/site-packages/oracledb/cursor.py", line 710, in execute
2026-07-24 14:48:11.301 |     impl.execute(self)
2026-07-24 14:48:11.301 |   File "src/oracledb/impl/thin/cursor.pyx", line 196, in oracledb.thin_impl.ThinCursorImpl.execute
2026-07-24 14:48:11.301 |   File "src/oracledb/impl/thin/protocol.pyx", line 440, in oracledb.thin_impl.Protocol._process_single_message
2026-07-24 14:48:11.301 |   File "src/oracledb/impl/thin/protocol.pyx", line 441, in oracledb.thin_impl.Protocol._process_single_message
2026-07-24 14:48:11.301 |   File "src/oracledb/impl/thin/protocol.pyx", line 433, in oracledb.thin_impl.Protocol._process_message
2026-07-24 14:48:11.301 |   File "src/oracledb/impl/thin/messages.pyx", line 74, in oracledb.thin_impl.Message._check_and_raise_exception
2026-07-24 14:48:11.301 | oracledb.exceptions.DatabaseError: ORA-00942: table or view does not exist
2026-07-24 14:48:11.301 | Help: https://docs.oracle.com/error-help/db/ora-00942/
2026-07-24 14:48:11.372 | 2026-07-24 21:48:11,372 INFO 172.19.0.3 - "GET /metrics?target=hris-hims-db HTTP/1.1" 200 -
2026-07-24 14:48:12.599 | 2026-07-24 21:48:12,598 ERROR scrape of target 'hris-scl-engineering-db' failed
2026-07-24 14:48:12.599 | Traceback (most recent call last):
2026-07-24 14:48:12.599 |   File "src/pymssql/_pymssql.pyx", line 650, in pymssql._pymssql.connect
2026-07-24 14:48:12.599 |   File "src/pymssql/_mssql.pyx", line 2158, in pymssql._mssql.connect
2026-07-24 14:48:12.599 |   File "src/pymssql/_mssql.pyx", line 712, in pymssql._mssql.MSSQLConnection.__init__
2026-07-24 14:48:12.599 |   File "src/pymssql/_mssql.pyx", line 1884, in pymssql._mssql.maybe_raise_MSSQLDatabaseException
2026-07-24 14:48:12.599 |   File "src/pymssql/_mssql.pyx", line 1901, in pymssql._mssql.raise_MSSQLDatabaseException
2026-07-24 14:48:12.599 | pymssql._mssql.MSSQLDatabaseException: (20009, b'DB-Lib error message 20009, severity 9:\nUnable to connect: Adaptive Server is unavailable or does not exist (COSWINDE516D1)\n')
2026-07-24 14:48:12.599 | 
2026-07-24 14:48:12.599 | During handling of the above exception, another exception occurred:
2026-07-24 14:48:12.599 | 
2026-07-24 14:48:12.599 | Traceback (most recent call last):
2026-07-24 14:48:12.599 |   File "/app/src/registry.py", line 74, in scrape
2026-07-24 14:48:12.599 |     families, had_partial_error = future.result(timeout=target.scrape_timeout_seconds)
2026-07-24 14:48:12.599 |                                   ^^^^^^^^^^^^^^^^^^^^^^^^^^^^^^^^^^^^^^^^^^^^^^^^^^^^
2026-07-24 14:48:12.599 |   File "/usr/local/lib/python3.12/concurrent/futures/_base.py", line 456, in result
2026-07-24 14:48:12.599 |     return self.__get_result()
2026-07-24 14:48:12.599 |            ^^^^^^^^^^^^^^^^^^^
2026-07-24 14:48:12.599 |   File "/usr/local/lib/python3.12/concurrent/futures/_base.py", line 401, in __get_result
2026-07-24 14:48:12.599 |     raise self._exception
2026-07-24 14:48:12.599 |   File "/usr/local/lib/python3.12/concurrent/futures/thread.py", line 59, in run
2026-07-24 14:48:12.599 |     result = self.fn(*self.args, **self.kwargs)
2026-07-24 14:48:12.599 |              ^^^^^^^^^^^^^^^^^^^^^^^^^^^^^^^^^^
2026-07-24 14:48:12.599 |   File "/app/src/registry.py", line 69, in _do_scrape
2026-07-24 14:48:12.599 |     conn = adapter.get_connection()
2026-07-24 14:48:12.599 |            ^^^^^^^^^^^^^^^^^^^^^^^^
2026-07-24 14:48:12.599 |   File "/app/src/collectors/base.py", line 65, in get_connection
2026-07-24 14:48:12.599 |     self._conn = self.connect()
2026-07-24 14:48:12.599 |                  ^^^^^^^^^^^^^^
2026-07-24 14:48:12.599 |   File "/app/src/collectors/sqlserver.py", line 70, in connect
2026-07-24 14:48:12.599 |     conn = pymssql.connect(
2026-07-24 14:48:12.599 |            ^^^^^^^^^^^^^^^^
2026-07-24 14:48:12.599 |   File "src/pymssql/_pymssql.pyx", line 659, in pymssql._pymssql.connect
2026-07-24 14:48:12.599 | pymssql.exceptions.OperationalError: (20009, b'DB-Lib error message 20009, severity 9:\nUnable to connect: Adaptive Server is unavailable or does not exist (COSWINDE516D1)\n')
2026-07-24 14:48:12.599 | 2026-07-24 21:48:12,599 INFO 172.19.0.3 - "GET /metrics?target=hris-scl-engineering-db HTTP/1.1" 200 -
2026-07-24 14:48:16.261 | 2026-07-24 21:48:16,261 INFO 127.0.0.1 - "GET /health HTTP/1.1" 200 -
2026-07-24 14:48:16.785 | 2026-07-24 21:48:16,784 ERROR query 'size' failed for target 'hris-card-db'
2026-07-24 14:48:16.785 | Traceback (most recent call last):
2026-07-24 14:48:16.785 |   File "/app/src/collectors/base.py", line 52, in safe_collect_family
2026-07-24 14:48:16.785 |     result = builder()
2026-07-24 14:48:16.785 |              ^^^^^^^^^
2026-07-24 14:48:16.785 |   File "/app/src/collectors/postgres.py", line 94, in <lambda>
2026-07-24 14:48:16.785 |     ("size", lambda: self._size_family(cur)),
2026-07-24 14:48:16.785 |                      ^^^^^^^^^^^^^^^^^^^^^^
2026-07-24 14:48:16.785 |   File "/app/src/collectors/postgres.py", line 168, in _size_family
2026-07-24 14:48:16.785 |     cur.execute(_SIZE_SQL)
2026-07-24 14:48:16.785 |   File "/usr/local/lib/python3.12/site-packages/psycopg2/extras.py", line 146, in execute
2026-07-24 14:48:16.785 |     return super().execute(query, vars)
2026-07-24 14:48:16.785 |            ^^^^^^^^^^^^^^^^^^^^^^^^^^^^
2026-07-24 14:48:16.785 | psycopg2.errors.InsufficientPrivilege: permission denied for database rdsadmin
2026-07-24 14:48:16.785 | 
2026-07-24 14:48:16.785 | 2026-07-24 21:48:16,785 INFO 172.19.0.3 - "GET /metrics?target=hris-card-db HTTP/1.1" 200 -
2026-07-24 14:48:26.278 | 2026-07-24 21:48:26,277 ERROR query 'query_duration' failed for target 'hris-hims-db'
2026-07-24 14:48:26.278 | Traceback (most recent call last):
2026-07-24 14:48:26.278 |   File "/app/src/collectors/base.py", line 52, in safe_collect_family
2026-07-24 14:48:26.278 |     result = builder()
2026-07-24 14:48:26.278 |              ^^^^^^^^^
2026-07-24 14:48:26.278 |   File "/app/src/collectors/oracle.py", line 103, in <lambda>
2026-07-24 14:48:26.278 |     ("query_duration", lambda: self._query_duration_family(conn)),
2026-07-24 14:48:26.278 |                                ^^^^^^^^^^^^^^^^^^^^^^^^^^^^^^^^^
2026-07-24 14:48:26.278 |   File "/app/src/collectors/oracle.py", line 119, in _query_duration_family
2026-07-24 14:48:26.278 |     cur.execute(_QUERY_STATS_SQL)
2026-07-24 14:48:26.278 |   File "/usr/local/lib/python3.12/site-packages/oracledb/cursor.py", line 710, in execute
2026-07-24 14:48:26.278 |     impl.execute(self)
2026-07-24 14:48:26.278 |   File "src/oracledb/impl/thin/cursor.pyx", line 196, in oracledb.thin_impl.ThinCursorImpl.execute
2026-07-24 14:48:26.278 |   File "src/oracledb/impl/thin/protocol.pyx", line 440, in oracledb.thin_impl.Protocol._process_single_message
2026-07-24 14:48:26.278 |   File "src/oracledb/impl/thin/protocol.pyx", line 441, in oracledb.thin_impl.Protocol._process_single_message
2026-07-24 14:48:26.278 |   File "src/oracledb/impl/thin/protocol.pyx", line 433, in oracledb.thin_impl.Protocol._process_message
2026-07-24 14:48:26.278 |   File "src/oracledb/impl/thin/messages.pyx", line 74, in oracledb.thin_impl.Message._check_and_raise_exception
2026-07-24 14:48:26.278 | oracledb.exceptions.DatabaseError: ORA-00942: table or view does not exist
2026-07-24 14:48:26.278 | Help: https://docs.oracle.com/error-help/db/ora-00942/
2026-07-24 14:48:26.365 | 2026-07-24 21:48:26,364 INFO 172.19.0.3 - "GET /metrics?target=hris-hims-db HTTP/1.1" 200 -
2026-07-24 14:48:27.597 | 2026-07-24 21:48:27,596 ERROR scrape of target 'hris-scl-engineering-db' failed
2026-07-24 14:48:27.597 | Traceback (most recent call last):
2026-07-24 14:48:27.597 |   File "src/pymssql/_pymssql.pyx", line 650, in pymssql._pymssql.connect
2026-07-24 14:48:27.597 |   File "src/pymssql/_mssql.pyx", line 2158, in pymssql._mssql.connect
2026-07-24 14:48:27.597 |   File "src/pymssql/_mssql.pyx", line 712, in pymssql._mssql.MSSQLConnection.__init__
2026-07-24 14:48:27.597 |   File "src/pymssql/_mssql.pyx", line 1884, in pymssql._mssql.maybe_raise_MSSQLDatabaseException
2026-07-24 14:48:27.597 |   File "src/pymssql/_mssql.pyx", line 1901, in pymssql._mssql.raise_MSSQLDatabaseException
2026-07-24 14:48:27.597 | pymssql._mssql.MSSQLDatabaseException: (20009, b'DB-Lib error message 20009, severity 9:\nUnable to connect: Adaptive Server is unavailable or does not exist (COSWINDE516D1)\n')
2026-07-24 14:48:27.597 | 
2026-07-24 14:48:27.597 | During handling of the above exception, another exception occurred:
2026-07-24 14:48:27.597 | 
2026-07-24 14:48:27.597 | Traceback (most recent call last):
2026-07-24 14:48:27.597 |   File "/app/src/registry.py", line 74, in scrape
2026-07-24 14:48:27.597 |     families, had_partial_error = future.result(timeout=target.scrape_timeout_seconds)
2026-07-24 14:48:27.597 |                                   ^^^^^^^^^^^^^^^^^^^^^^^^^^^^^^^^^^^^^^^^^^^^^^^^^^^^
2026-07-24 14:48:27.597 |   File "/usr/local/lib/python3.12/concurrent/futures/_base.py", line 456, in result
2026-07-24 14:48:27.597 |     return self.__get_result()
2026-07-24 14:48:27.597 |            ^^^^^^^^^^^^^^^^^^^
2026-07-24 14:48:27.597 |   File "/usr/local/lib/python3.12/concurrent/futures/_base.py", line 401, in __get_result
2026-07-24 14:48:27.597 |     raise self._exception
2026-07-24 14:48:27.597 |   File "/usr/local/lib/python3.12/concurrent/futures/thread.py", line 59, in run
2026-07-24 14:48:27.597 |     result = self.fn(*self.args, **self.kwargs)
2026-07-24 14:48:27.597 |              ^^^^^^^^^^^^^^^^^^^^^^^^^^^^^^^^^^
2026-07-24 14:48:27.597 |   File "/app/src/registry.py", line 69, in _do_scrape
2026-07-24 14:48:27.597 |     conn = adapter.get_connection()
2026-07-24 14:48:27.597 |            ^^^^^^^^^^^^^^^^^^^^^^^^
2026-07-24 14:48:27.597 |   File "/app/src/collectors/base.py", line 65, in get_connection
2026-07-24 14:48:27.597 |     self._conn = self.connect()
2026-07-24 14:48:27.597 |                  ^^^^^^^^^^^^^^
2026-07-24 14:48:27.597 |   File "/app/src/collectors/sqlserver.py", line 70, in connect
2026-07-24 14:48:27.597 |     conn = pymssql.connect(
2026-07-24 14:48:27.597 |            ^^^^^^^^^^^^^^^^
2026-07-24 14:48:27.597 |   File "src/pymssql/_pymssql.pyx", line 659, in pymssql._pymssql.connect
2026-07-24 14:48:27.597 | pymssql.exceptions.OperationalError: (20009, b'DB-Lib error message 20009, severity 9:\nUnable to connect: Adaptive Server is unavailable or does not exist (COSWINDE516D1)\n')
2026-07-24 14:48:27.597 | 2026-07-24 21:48:27,596 INFO 172.19.0.3 - "GET /metrics?target=hris-scl-engineering-db HTTP/1.1" 200 -
2026-07-24 14:48:31.782 | 2026-07-24 21:48:31,781 ERROR query 'size' failed for target 'hris-card-db'
2026-07-24 14:48:31.782 | Traceback (most recent call last):
2026-07-24 14:48:31.782 |   File "/app/src/collectors/base.py", line 52, in safe_collect_family
2026-07-24 14:48:31.782 |     result = builder()
2026-07-24 14:48:31.782 |              ^^^^^^^^^
2026-07-24 14:48:31.782 |   File "/app/src/collectors/postgres.py", line 94, in <lambda>
2026-07-24 14:48:31.782 |     ("size", lambda: self._size_family(cur)),
2026-07-24 14:48:31.782 |                      ^^^^^^^^^^^^^^^^^^^^^^
2026-07-24 14:48:31.782 |   File "/app/src/collectors/postgres.py", line 168, in _size_family
2026-07-24 14:48:31.782 |     cur.execute(_SIZE_SQL)
2026-07-24 14:48:31.782 |   File "/usr/local/lib/python3.12/site-packages/psycopg2/extras.py", line 146, in execute
2026-07-24 14:48:31.782 |     return super().execute(query, vars)
2026-07-24 14:48:31.782 |            ^^^^^^^^^^^^^^^^^^^^^^^^^^^^
2026-07-24 14:48:31.782 | psycopg2.errors.InsufficientPrivilege: permission denied for database rdsadmin
2026-07-24 14:48:31.782 | 
2026-07-24 14:48:31.782 | 2026-07-24 21:48:31,782 INFO 172.19.0.3 - "GET /metrics?target=hris-card-db HTTP/1.1" 200 -
2026-07-24 14:48:41.277 | 2026-07-24 21:48:41,276 ERROR query 'query_duration' failed for target 'hris-hims-db'
2026-07-24 14:48:41.277 | Traceback (most recent call last):
2026-07-24 14:48:41.277 |   File "/app/src/collectors/base.py", line 52, in safe_collect_family
2026-07-24 14:48:41.277 |     result = builder()
2026-07-24 14:48:41.277 |              ^^^^^^^^^
2026-07-24 14:48:41.277 |   File "/app/src/collectors/oracle.py", line 103, in <lambda>
2026-07-24 14:48:41.277 |     ("query_duration", lambda: self._query_duration_family(conn)),
2026-07-24 14:48:41.277 |                                ^^^^^^^^^^^^^^^^^^^^^^^^^^^^^^^^^
2026-07-24 14:48:41.277 |   File "/app/src/collectors/oracle.py", line 119, in _query_duration_family
2026-07-24 14:48:41.277 |     cur.execute(_QUERY_STATS_SQL)
2026-07-24 14:48:41.277 |   File "/usr/local/lib/python3.12/site-packages/oracledb/cursor.py", line 710, in execute
2026-07-24 14:48:41.277 |     impl.execute(self)
2026-07-24 14:48:41.277 |   File "src/oracledb/impl/thin/cursor.pyx", line 196, in oracledb.thin_impl.ThinCursorImpl.execute
2026-07-24 14:48:41.277 |   File "src/oracledb/impl/thin/protocol.pyx", line 440, in oracledb.thin_impl.Protocol._process_single_message
2026-07-24 14:48:41.277 |   File "src/oracledb/impl/thin/protocol.pyx", line 441, in oracledb.thin_impl.Protocol._process_single_message
2026-07-24 14:48:41.277 |   File "src/oracledb/impl/thin/protocol.pyx", line 433, in oracledb.thin_impl.Protocol._process_message
2026-07-24 14:48:41.277 |   File "src/oracledb/impl/thin/messages.pyx", line 74, in oracledb.thin_impl.Message._check_and_raise_exception
2026-07-24 14:48:41.277 | oracledb.exceptions.DatabaseError: ORA-00942: table or view does not exist
2026-07-24 14:48:41.277 | Help: https://docs.oracle.com/error-help/db/ora-00942/
2026-07-24 14:48:41.364 | 2026-07-24 21:48:41,363 INFO 172.19.0.3 - "GET /metrics?target=hris-hims-db HTTP/1.1" 200 -
2026-07-24 14:48:42.599 | 2026-07-24 21:48:42,598 ERROR scrape of target 'hris-scl-engineering-db' failed
2026-07-24 14:48:42.599 | Traceback (most recent call last):
2026-07-24 14:48:42.599 |   File "src/pymssql/_pymssql.pyx", line 650, in pymssql._pymssql.connect
2026-07-24 14:48:42.599 |   File "src/pymssql/_mssql.pyx", line 2158, in pymssql._mssql.connect
2026-07-24 14:48:42.599 |   File "src/pymssql/_mssql.pyx", line 712, in pymssql._mssql.MSSQLConnection.__init__
2026-07-24 14:48:42.599 |   File "src/pymssql/_mssql.pyx", line 1884, in pymssql._mssql.maybe_raise_MSSQLDatabaseException
2026-07-24 14:48:42.599 |   File "src/pymssql/_mssql.pyx", line 1901, in pymssql._mssql.raise_MSSQLDatabaseException
2026-07-24 14:48:42.599 | pymssql._mssql.MSSQLDatabaseException: (20009, b'DB-Lib error message 20009, severity 9:\nUnable to connect: Adaptive Server is unavailable or does not exist (COSWINDE516D1)\n')
2026-07-24 14:48:42.599 | 
2026-07-24 14:48:42.599 | During handling of the above exception, another exception occurred:
2026-07-24 14:48:42.599 | 
2026-07-24 14:48:42.599 | Traceback (most recent call last):
2026-07-24 14:48:42.599 |   File "/app/src/registry.py", line 74, in scrape
2026-07-24 14:48:42.599 |     families, had_partial_error = future.result(timeout=target.scrape_timeout_seconds)
2026-07-24 14:48:42.599 |                                   ^^^^^^^^^^^^^^^^^^^^^^^^^^^^^^^^^^^^^^^^^^^^^^^^^^^^
2026-07-24 14:48:42.599 |   File "/usr/local/lib/python3.12/concurrent/futures/_base.py", line 456, in result
2026-07-24 14:48:42.599 |     return self.__get_result()
2026-07-24 14:48:42.599 |            ^^^^^^^^^^^^^^^^^^^
2026-07-24 14:48:42.599 |   File "/usr/local/lib/python3.12/concurrent/futures/_base.py", line 401, in __get_result
2026-07-24 14:48:42.599 |     raise self._exception
2026-07-24 14:48:42.599 |   File "/usr/local/lib/python3.12/concurrent/futures/thread.py", line 59, in run
2026-07-24 14:48:42.599 |     result = self.fn(*self.args, **self.kwargs)
2026-07-24 14:48:42.599 |              ^^^^^^^^^^^^^^^^^^^^^^^^^^^^^^^^^^
2026-07-24 14:48:42.599 |   File "/app/src/registry.py", line 69, in _do_scrape
2026-07-24 14:48:42.599 |     conn = adapter.get_connection()
2026-07-24 14:48:42.599 |            ^^^^^^^^^^^^^^^^^^^^^^^^
2026-07-24 14:48:42.599 |   File "/app/src/collectors/base.py", line 65, in get_connection
2026-07-24 14:48:42.599 |     self._conn = self.connect()
2026-07-24 14:48:42.599 |                  ^^^^^^^^^^^^^^
2026-07-24 14:48:42.599 |   File "/app/src/collectors/sqlserver.py", line 70, in connect
2026-07-24 14:48:42.599 |     conn = pymssql.connect(
2026-07-24 14:48:42.599 |            ^^^^^^^^^^^^^^^^
2026-07-24 14:48:42.599 |   File "src/pymssql/_pymssql.pyx", line 659, in pymssql._pymssql.connect
2026-07-24 14:48:42.599 | pymssql.exceptions.OperationalError: (20009, b'DB-Lib error message 20009, severity 9:\nUnable to connect: Adaptive Server is unavailable or does not exist (COSWINDE516D1)\n')
2026-07-24 14:48:42.599 | 2026-07-24 21:48:42,599 INFO 172.19.0.3 - "GET /metrics?target=hris-scl-engineering-db HTTP/1.1" 200 -
2026-07-24 14:48:46.379 | 2026-07-24 21:48:46,378 INFO 127.0.0.1 - "GET /health HTTP/1.1" 200 -
2026-07-24 14:48:46.781 | 2026-07-24 21:48:46,781 ERROR query 'size' failed for target 'hris-card-db'
2026-07-24 14:48:46.781 | Traceback (most recent call last):
2026-07-24 14:48:46.781 |   File "/app/src/collectors/base.py", line 52, in safe_collect_family
2026-07-24 14:48:46.781 |     result = builder()
2026-07-24 14:48:46.781 |              ^^^^^^^^^
2026-07-24 14:48:46.781 |   File "/app/src/collectors/postgres.py", line 94, in <lambda>
2026-07-24 14:48:46.781 |     ("size", lambda: self._size_family(cur)),
2026-07-24 14:48:46.781 |                      ^^^^^^^^^^^^^^^^^^^^^^
2026-07-24 14:48:46.781 |   File "/app/src/collectors/postgres.py", line 168, in _size_family
2026-07-24 14:48:46.781 |     cur.execute(_SIZE_SQL)
2026-07-24 14:48:46.781 |   File "/usr/local/lib/python3.12/site-packages/psycopg2/extras.py", line 146, in execute
2026-07-24 14:48:46.781 |     return super().execute(query, vars)
2026-07-24 14:48:46.781 |            ^^^^^^^^^^^^^^^^^^^^^^^^^^^^
2026-07-24 14:48:46.781 | psycopg2.errors.InsufficientPrivilege: permission denied for database rdsadmin
2026-07-24 14:48:46.781 | 
2026-07-24 14:48:46.782 | 2026-07-24 21:48:46,781 INFO 172.19.0.3 - "GET /metrics?target=hris-card-db HTTP/1.1" 200 -
2026-07-24 14:48:56.276 | 2026-07-24 21:48:56,275 ERROR query 'query_duration' failed for target 'hris-hims-db'
2026-07-24 14:48:56.276 | Traceback (most recent call last):
2026-07-24 14:48:56.276 |   File "/app/src/collectors/base.py", line 52, in safe_collect_family
2026-07-24 14:48:56.276 |     result = builder()
2026-07-24 14:48:56.276 |              ^^^^^^^^^
2026-07-24 14:48:56.276 |   File "/app/src/collectors/oracle.py", line 103, in <lambda>
2026-07-24 14:48:56.276 |     ("query_duration", lambda: self._query_duration_family(conn)),
2026-07-24 14:48:56.276 |                                ^^^^^^^^^^^^^^^^^^^^^^^^^^^^^^^^^
2026-07-24 14:48:56.276 |   File "/app/src/collectors/oracle.py", line 119, in _query_duration_family
2026-07-24 14:48:56.276 |     cur.execute(_QUERY_STATS_SQL)
2026-07-24 14:48:56.276 |   File "/usr/local/lib/python3.12/site-packages/oracledb/cursor.py", line 710, in execute
2026-07-24 14:48:56.276 |     impl.execute(self)
2026-07-24 14:48:56.276 |   File "src/oracledb/impl/thin/cursor.pyx", line 196, in oracledb.thin_impl.ThinCursorImpl.execute
2026-07-24 14:48:56.276 |   File "src/oracledb/impl/thin/protocol.pyx", line 440, in oracledb.thin_impl.Protocol._process_single_message
2026-07-24 14:48:56.276 |   File "src/oracledb/impl/thin/protocol.pyx", line 441, in oracledb.thin_impl.Protocol._process_single_message
2026-07-24 14:48:56.276 |   File "src/oracledb/impl/thin/protocol.pyx", line 433, in oracledb.thin_impl.Protocol._process_message
2026-07-24 14:48:56.276 |   File "src/oracledb/impl/thin/messages.pyx", line 74, in oracledb.thin_impl.Message._check_and_raise_exception
2026-07-24 14:48:56.276 | oracledb.exceptions.DatabaseError: ORA-00942: table or view does not exist
2026-07-24 14:48:56.276 | Help: https://docs.oracle.com/error-help/db/ora-00942/
2026-07-24 14:48:56.350 | 2026-07-24 21:48:56,350 INFO 172.19.0.3 - "GET /metrics?target=hris-hims-db HTTP/1.1" 200 -
2026-07-24 14:48:57.597 | 2026-07-24 21:48:57,596 ERROR scrape of target 'hris-scl-engineering-db' failed
2026-07-24 14:48:57.597 | Traceback (most recent call last):
2026-07-24 14:48:57.597 |   File "src/pymssql/_pymssql.pyx", line 650, in pymssql._pymssql.connect
2026-07-24 14:48:57.597 |   File "src/pymssql/_mssql.pyx", line 2158, in pymssql._mssql.connect
2026-07-24 14:48:57.597 |   File "src/pymssql/_mssql.pyx", line 712, in pymssql._mssql.MSSQLConnection.__init__
2026-07-24 14:48:57.597 |   File "src/pymssql/_mssql.pyx", line 1884, in pymssql._mssql.maybe_raise_MSSQLDatabaseException
2026-07-24 14:48:57.597 |   File "src/pymssql/_mssql.pyx", line 1901, in pymssql._mssql.raise_MSSQLDatabaseException
2026-07-24 14:48:57.597 | pymssql._mssql.MSSQLDatabaseException: (20009, b'DB-Lib error message 20009, severity 9:\nUnable to connect: Adaptive Server is unavailable or does not exist (COSWINDE516D1)\n')
2026-07-24 14:48:57.597 | 
2026-07-24 14:48:57.597 | During handling of the above exception, another exception occurred:
2026-07-24 14:48:57.597 | 
2026-07-24 14:48:57.597 | Traceback (most recent call last):
2026-07-24 14:48:57.597 |   File "/app/src/registry.py", line 74, in scrape
2026-07-24 14:48:57.597 |     families, had_partial_error = future.result(timeout=target.scrape_timeout_seconds)
2026-07-24 14:48:57.597 |                                   ^^^^^^^^^^^^^^^^^^^^^^^^^^^^^^^^^^^^^^^^^^^^^^^^^^^^
2026-07-24 14:48:57.597 |   File "/usr/local/lib/python3.12/concurrent/futures/_base.py", line 456, in result
2026-07-24 14:48:57.597 |     return self.__get_result()
2026-07-24 14:48:57.597 |            ^^^^^^^^^^^^^^^^^^^
2026-07-24 14:48:57.597 |   File "/usr/local/lib/python3.12/concurrent/futures/_base.py", line 401, in __get_result
2026-07-24 14:48:57.597 |     raise self._exception
2026-07-24 14:48:57.597 |   File "/usr/local/lib/python3.12/concurrent/futures/thread.py", line 59, in run
2026-07-24 14:48:57.597 |     result = self.fn(*self.args, **self.kwargs)
2026-07-24 14:48:57.597 |              ^^^^^^^^^^^^^^^^^^^^^^^^^^^^^^^^^^
2026-07-24 14:48:57.597 |   File "/app/src/registry.py", line 69, in _do_scrape
2026-07-24 14:48:57.597 |     conn = adapter.get_connection()
2026-07-24 14:48:57.597 |            ^^^^^^^^^^^^^^^^^^^^^^^^
2026-07-24 14:48:57.597 |   File "/app/src/collectors/base.py", line 65, in get_connection
2026-07-24 14:48:57.597 |     self._conn = self.connect()
2026-07-24 14:48:57.597 |                  ^^^^^^^^^^^^^^
2026-07-24 14:48:57.597 |   File "/app/src/collectors/sqlserver.py", line 70, in connect
2026-07-24 14:48:57.597 |     conn = pymssql.connect(
2026-07-24 14:48:57.597 |            ^^^^^^^^^^^^^^^^
2026-07-24 14:48:57.597 |   File "src/pymssql/_pymssql.pyx", line 659, in pymssql._pymssql.connect
2026-07-24 14:48:57.597 | pymssql.exceptions.OperationalError: (20009, b'DB-Lib error message 20009, severity 9:\nUnable to connect: Adaptive Server is unavailable or does not exist (COSWINDE516D1)\n')
2026-07-24 14:48:57.597 | 2026-07-24 21:48:57,597 INFO 172.19.0.3 - "GET /metrics?target=hris-scl-engineering-db HTTP/1.1" 200 -
2026-07-24 14:49:01.796 | 2026-07-24 21:49:01,795 ERROR query 'size' failed for target 'hris-card-db'
2026-07-24 14:49:01.796 | Traceback (most recent call last):
2026-07-24 14:49:01.796 |   File "/app/src/collectors/base.py", line 52, in safe_collect_family
2026-07-24 14:49:01.796 |     result = builder()
2026-07-24 14:49:01.796 |              ^^^^^^^^^
2026-07-24 14:49:01.796 |   File "/app/src/collectors/postgres.py", line 94, in <lambda>
2026-07-24 14:49:01.796 |     ("size", lambda: self._size_family(cur)),
2026-07-24 14:49:01.796 |                      ^^^^^^^^^^^^^^^^^^^^^^
2026-07-24 14:49:01.796 |   File "/app/src/collectors/postgres.py", line 168, in _size_family
2026-07-24 14:49:01.796 |     cur.execute(_SIZE_SQL)
2026-07-24 14:49:01.796 |   File "/usr/local/lib/python3.12/site-packages/psycopg2/extras.py", line 146, in execute
2026-07-24 14:49:01.796 |     return super().execute(query, vars)
2026-07-24 14:49:01.796 |            ^^^^^^^^^^^^^^^^^^^^^^^^^^^^
2026-07-24 14:49:01.796 | psycopg2.errors.InsufficientPrivilege: permission denied for database rdsadmin
2026-07-24 14:49:01.796 | 
2026-07-24 14:49:01.796 | 2026-07-24 21:49:01,796 INFO 172.19.0.3 - "GET /metrics?target=hris-card-db HTTP/1.1" 200 -
2026-07-24 14:49:11.278 | 2026-07-24 21:49:11,277 ERROR query 'query_duration' failed for target 'hris-hims-db'
2026-07-24 14:49:11.278 | Traceback (most recent call last):
2026-07-24 14:49:11.278 |   File "/app/src/collectors/base.py", line 52, in safe_collect_family
2026-07-24 14:49:11.278 |     result = builder()
2026-07-24 14:49:11.278 |              ^^^^^^^^^
2026-07-24 14:49:11.278 |   File "/app/src/collectors/oracle.py", line 103, in <lambda>
2026-07-24 14:49:11.278 |     ("query_duration", lambda: self._query_duration_family(conn)),
2026-07-24 14:49:11.278 |                                ^^^^^^^^^^^^^^^^^^^^^^^^^^^^^^^^^
2026-07-24 14:49:11.278 |   File "/app/src/collectors/oracle.py", line 119, in _query_duration_family
2026-07-24 14:49:11.278 |     cur.execute(_QUERY_STATS_SQL)
2026-07-24 14:49:11.278 |   File "/usr/local/lib/python3.12/site-packages/oracledb/cursor.py", line 710, in execute
2026-07-24 14:49:11.278 |     impl.execute(self)
2026-07-24 14:49:11.278 |   File "src/oracledb/impl/thin/cursor.pyx", line 196, in oracledb.thin_impl.ThinCursorImpl.execute
2026-07-24 14:49:11.278 |   File "src/oracledb/impl/thin/protocol.pyx", line 440, in oracledb.thin_impl.Protocol._process_single_message
2026-07-24 14:49:11.278 |   File "src/oracledb/impl/thin/protocol.pyx", line 441, in oracledb.thin_impl.Protocol._process_single_message
2026-07-24 14:49:11.278 |   File "src/oracledb/impl/thin/protocol.pyx", line 433, in oracledb.thin_impl.Protocol._process_message
2026-07-24 14:49:11.278 |   File "src/oracledb/impl/thin/messages.pyx", line 74, in oracledb.thin_impl.Message._check_and_raise_exception
2026-07-24 14:49:11.278 | oracledb.exceptions.DatabaseError: ORA-00942: table or view does not exist
2026-07-24 14:49:11.278 | Help: https://docs.oracle.com/error-help/db/ora-00942/
2026-07-24 14:49:11.358 | 2026-07-24 21:49:11,358 INFO 172.19.0.3 - "GET /metrics?target=hris-hims-db HTTP/1.1" 200 -
2026-07-24 14:49:12.598 | 2026-07-24 21:49:12,597 ERROR scrape of target 'hris-scl-engineering-db' failed
2026-07-24 14:49:12.598 | Traceback (most recent call last):
2026-07-24 14:49:12.598 |   File "src/pymssql/_pymssql.pyx", line 650, in pymssql._pymssql.connect
2026-07-24 14:49:12.598 |   File "src/pymssql/_mssql.pyx", line 2158, in pymssql._mssql.connect
2026-07-24 14:49:12.598 |   File "src/pymssql/_mssql.pyx", line 712, in pymssql._mssql.MSSQLConnection.__init__
2026-07-24 14:49:12.598 |   File "src/pymssql/_mssql.pyx", line 1884, in pymssql._mssql.maybe_raise_MSSQLDatabaseException
2026-07-24 14:49:12.598 |   File "src/pymssql/_mssql.pyx", line 1901, in pymssql._mssql.raise_MSSQLDatabaseException
2026-07-24 14:49:12.598 | pymssql._mssql.MSSQLDatabaseException: (20009, b'DB-Lib error message 20009, severity 9:\nUnable to connect: Adaptive Server is unavailable or does not exist (COSWINDE516D1)\n')
2026-07-24 14:49:12.598 | 
2026-07-24 14:49:12.598 | During handling of the above exception, another exception occurred:
2026-07-24 14:49:12.598 | 
2026-07-24 14:49:12.598 | Traceback (most recent call last):
2026-07-24 14:49:12.598 |   File "/app/src/registry.py", line 74, in scrape
2026-07-24 14:49:12.598 |     families, had_partial_error = future.result(timeout=target.scrape_timeout_seconds)
2026-07-24 14:49:12.598 |                                   ^^^^^^^^^^^^^^^^^^^^^^^^^^^^^^^^^^^^^^^^^^^^^^^^^^^^
2026-07-24 14:49:12.598 |   File "/usr/local/lib/python3.12/concurrent/futures/_base.py", line 456, in result
2026-07-24 14:49:12.598 |     return self.__get_result()
2026-07-24 14:49:12.598 |            ^^^^^^^^^^^^^^^^^^^
2026-07-24 14:49:12.598 |   File "/usr/local/lib/python3.12/concurrent/futures/_base.py", line 401, in __get_result
2026-07-24 14:49:12.598 |     raise self._exception
2026-07-24 14:49:12.598 |   File "/usr/local/lib/python3.12/concurrent/futures/thread.py", line 59, in run
2026-07-24 14:49:12.598 |     result = self.fn(*self.args, **self.kwargs)
2026-07-24 14:49:12.598 |              ^^^^^^^^^^^^^^^^^^^^^^^^^^^^^^^^^^
2026-07-24 14:49:12.598 |   File "/app/src/registry.py", line 69, in _do_scrape
2026-07-24 14:49:12.598 |     conn = adapter.get_connection()
2026-07-24 14:49:12.598 |            ^^^^^^^^^^^^^^^^^^^^^^^^
2026-07-24 14:49:12.598 |   File "/app/src/collectors/base.py", line 65, in get_connection
2026-07-24 14:49:12.598 |     self._conn = self.connect()
2026-07-24 14:49:12.598 |                  ^^^^^^^^^^^^^^
2026-07-24 14:49:12.598 |   File "/app/src/collectors/sqlserver.py", line 70, in connect
2026-07-24 14:49:12.598 |     conn = pymssql.connect(
2026-07-24 14:49:12.598 |            ^^^^^^^^^^^^^^^^
2026-07-24 14:49:12.598 |   File "src/pymssql/_pymssql.pyx", line 659, in pymssql._pymssql.connect
2026-07-24 14:49:12.598 | pymssql.exceptions.OperationalError: (20009, b'DB-Lib error message 20009, severity 9:\nUnable to connect: Adaptive Server is unavailable or does not exist (COSWINDE516D1)\n')
2026-07-24 14:49:12.598 | 2026-07-24 21:49:12,598 INFO 172.19.0.3 - "GET /metrics?target=hris-scl-engineering-db HTTP/1.1" 200 -
2026-07-24 14:49:16.490 | 2026-07-24 21:49:16,489 INFO 127.0.0.1 - "GET /health HTTP/1.1" 200 -
2026-07-24 14:49:16.784 | 2026-07-24 21:49:16,784 ERROR query 'size' failed for target 'hris-card-db'
2026-07-24 14:49:16.784 | Traceback (most recent call last):
2026-07-24 14:49:16.784 |   File "/app/src/collectors/base.py", line 52, in safe_collect_family
2026-07-24 14:49:16.784 |     result = builder()
2026-07-24 14:49:16.784 |              ^^^^^^^^^
2026-07-24 14:49:16.784 |   File "/app/src/collectors/postgres.py", line 94, in <lambda>
2026-07-24 14:49:16.784 |     ("size", lambda: self._size_family(cur)),
2026-07-24 14:49:16.784 |                      ^^^^^^^^^^^^^^^^^^^^^^
2026-07-24 14:49:16.784 |   File "/app/src/collectors/postgres.py", line 168, in _size_family
2026-07-24 14:49:16.784 |     cur.execute(_SIZE_SQL)
2026-07-24 14:49:16.784 |   File "/usr/local/lib/python3.12/site-packages/psycopg2/extras.py", line 146, in execute
2026-07-24 14:49:16.784 |     return super().execute(query, vars)
2026-07-24 14:49:16.784 |            ^^^^^^^^^^^^^^^^^^^^^^^^^^^^
2026-07-24 14:49:16.784 | psycopg2.errors.InsufficientPrivilege: permission denied for database rdsadmin
2026-07-24 14:49:16.784 | 
2026-07-24 14:49:16.784 | 2026-07-24 21:49:16,784 INFO 172.19.0.3 - "GET /metrics?target=hris-card-db HTTP/1.1" 200 -
2026-07-24 14:49:26.276 | 2026-07-24 21:49:26,275 ERROR query 'query_duration' failed for target 'hris-hims-db'
2026-07-24 14:49:26.276 | Traceback (most recent call last):
2026-07-24 14:49:26.276 |   File "/app/src/collectors/base.py", line 52, in safe_collect_family
2026-07-24 14:49:26.276 |     result = builder()
2026-07-24 14:49:26.276 |              ^^^^^^^^^
2026-07-24 14:49:26.276 |   File "/app/src/collectors/oracle.py", line 103, in <lambda>
2026-07-24 14:49:26.276 |     ("query_duration", lambda: self._query_duration_family(conn)),
2026-07-24 14:49:26.276 |                                ^^^^^^^^^^^^^^^^^^^^^^^^^^^^^^^^^
2026-07-24 14:49:26.276 |   File "/app/src/collectors/oracle.py", line 119, in _query_duration_family
2026-07-24 14:49:26.276 |     cur.execute(_QUERY_STATS_SQL)
2026-07-24 14:49:26.276 |   File "/usr/local/lib/python3.12/site-packages/oracledb/cursor.py", line 710, in execute
2026-07-24 14:49:26.276 |     impl.execute(self)
2026-07-24 14:49:26.276 |   File "src/oracledb/impl/thin/cursor.pyx", line 196, in oracledb.thin_impl.ThinCursorImpl.execute
2026-07-24 14:49:26.276 |   File "src/oracledb/impl/thin/protocol.pyx", line 440, in oracledb.thin_impl.Protocol._process_single_message
2026-07-24 14:49:26.276 |   File "src/oracledb/impl/thin/protocol.pyx", line 441, in oracledb.thin_impl.Protocol._process_single_message
2026-07-24 14:49:26.276 |   File "src/oracledb/impl/thin/protocol.pyx", line 433, in oracledb.thin_impl.Protocol._process_message
2026-07-24 14:49:26.276 |   File "src/oracledb/impl/thin/messages.pyx", line 74, in oracledb.thin_impl.Message._check_and_raise_exception
2026-07-24 14:49:26.276 | oracledb.exceptions.DatabaseError: ORA-00942: table or view does not exist
2026-07-24 14:49:26.276 | Help: https://docs.oracle.com/error-help/db/ora-00942/
2026-07-24 14:49:26.354 | 2026-07-24 21:49:26,354 INFO 172.19.0.3 - "GET /metrics?target=hris-hims-db HTTP/1.1" 200 -
2026-07-24 14:49:27.597 | 2026-07-24 21:49:27,596 ERROR scrape of target 'hris-scl-engineering-db' failed
2026-07-24 14:49:27.597 | Traceback (most recent call last):
2026-07-24 14:49:27.597 |   File "src/pymssql/_pymssql.pyx", line 650, in pymssql._pymssql.connect
2026-07-24 14:49:27.597 |   File "src/pymssql/_mssql.pyx", line 2158, in pymssql._mssql.connect
2026-07-24 14:49:27.597 |   File "src/pymssql/_mssql.pyx", line 712, in pymssql._mssql.MSSQLConnection.__init__
2026-07-24 14:49:27.597 |   File "src/pymssql/_mssql.pyx", line 1884, in pymssql._mssql.maybe_raise_MSSQLDatabaseException
2026-07-24 14:49:27.597 |   File "src/pymssql/_mssql.pyx", line 1901, in pymssql._mssql.raise_MSSQLDatabaseException
2026-07-24 14:49:27.597 | pymssql._mssql.MSSQLDatabaseException: (20009, b'DB-Lib error message 20009, severity 9:\nUnable to connect: Adaptive Server is unavailable or does not exist (COSWINDE516D1)\n')
2026-07-24 14:49:27.597 | 
2026-07-24 14:49:27.597 | During handling of the above exception, another exception occurred:
2026-07-24 14:49:27.597 | 
2026-07-24 14:49:27.597 | Traceback (most recent call last):
2026-07-24 14:49:27.597 |   File "/app/src/registry.py", line 74, in scrape
2026-07-24 14:49:27.597 |     families, had_partial_error = future.result(timeout=target.scrape_timeout_seconds)
2026-07-24 14:49:27.597 |                                   ^^^^^^^^^^^^^^^^^^^^^^^^^^^^^^^^^^^^^^^^^^^^^^^^^^^^
2026-07-24 14:49:27.597 |   File "/usr/local/lib/python3.12/concurrent/futures/_base.py", line 456, in result
2026-07-24 14:49:27.597 |     return self.__get_result()
2026-07-24 14:49:27.597 |            ^^^^^^^^^^^^^^^^^^^
2026-07-24 14:49:27.597 |   File "/usr/local/lib/python3.12/concurrent/futures/_base.py", line 401, in __get_result
2026-07-24 14:49:27.597 |     raise self._exception
2026-07-24 14:49:27.597 |   File "/usr/local/lib/python3.12/concurrent/futures/thread.py", line 59, in run
2026-07-24 14:49:27.597 |     result = self.fn(*self.args, **self.kwargs)
2026-07-24 14:49:27.597 |              ^^^^^^^^^^^^^^^^^^^^^^^^^^^^^^^^^^
2026-07-24 14:49:27.597 |   File "/app/src/registry.py", line 69, in _do_scrape
2026-07-24 14:49:27.597 |     conn = adapter.get_connection()
2026-07-24 14:49:27.597 |            ^^^^^^^^^^^^^^^^^^^^^^^^
2026-07-24 14:49:27.597 |   File "/app/src/collectors/base.py", line 65, in get_connection
2026-07-24 14:49:27.597 |     self._conn = self.connect()
2026-07-24 14:49:27.597 |                  ^^^^^^^^^^^^^^
2026-07-24 14:49:27.597 |   File "/app/src/collectors/sqlserver.py", line 70, in connect
2026-07-24 14:49:27.597 |     conn = pymssql.connect(
2026-07-24 14:49:27.597 |            ^^^^^^^^^^^^^^^^
2026-07-24 14:49:27.597 |   File "src/pymssql/_pymssql.pyx", line 659, in pymssql._pymssql.connect
2026-07-24 14:49:27.597 | pymssql.exceptions.OperationalError: (20009, b'DB-Lib error message 20009, severity 9:\nUnable to connect: Adaptive Server is unavailable or does not exist (COSWINDE516D1)\n')
2026-07-24 14:49:27.597 | 2026-07-24 21:49:27,597 INFO 172.19.0.3 - "GET /metrics?target=hris-scl-engineering-db HTTP/1.1" 200 -
2026-07-24 14:49:31.780 | 2026-07-24 21:49:31,780 ERROR query 'size' failed for target 'hris-card-db'
2026-07-24 14:49:31.780 | Traceback (most recent call last):
2026-07-24 14:49:31.780 |   File "/app/src/collectors/base.py", line 52, in safe_collect_family
2026-07-24 14:49:31.780 |     result = builder()
2026-07-24 14:49:31.780 |              ^^^^^^^^^
2026-07-24 14:49:31.780 |   File "/app/src/collectors/postgres.py", line 94, in <lambda>
2026-07-24 14:49:31.780 |     ("size", lambda: self._size_family(cur)),
2026-07-24 14:49:31.780 |                      ^^^^^^^^^^^^^^^^^^^^^^
2026-07-24 14:49:31.780 |   File "/app/src/collectors/postgres.py", line 168, in _size_family
2026-07-24 14:49:31.780 |     cur.execute(_SIZE_SQL)
2026-07-24 14:49:31.780 |   File "/usr/local/lib/python3.12/site-packages/psycopg2/extras.py", line 146, in execute
2026-07-24 14:49:31.780 |     return super().execute(query, vars)
2026-07-24 14:49:31.780 |            ^^^^^^^^^^^^^^^^^^^^^^^^^^^^
2026-07-24 14:49:31.780 | psycopg2.errors.InsufficientPrivilege: permission denied for database rdsadmin
2026-07-24 14:49:31.780 | 
2026-07-24 14:49:31.780 | 2026-07-24 21:49:31,780 INFO 172.19.0.3 - "GET /metrics?target=hris-card-db HTTP/1.1" 200 -
2026-07-24 14:49:41.276 | 2026-07-24 21:49:41,276 ERROR query 'query_duration' failed for target 'hris-hims-db'
2026-07-24 14:49:41.276 | Traceback (most recent call last):
2026-07-24 14:49:41.276 |   File "/app/src/collectors/base.py", line 52, in safe_collect_family
2026-07-24 14:49:41.276 |     result = builder()
2026-07-24 14:49:41.276 |              ^^^^^^^^^
2026-07-24 14:49:41.276 |   File "/app/src/collectors/oracle.py", line 103, in <lambda>
2026-07-24 14:49:41.276 |     ("query_duration", lambda: self._query_duration_family(conn)),
2026-07-24 14:49:41.276 |                                ^^^^^^^^^^^^^^^^^^^^^^^^^^^^^^^^^
2026-07-24 14:49:41.276 |   File "/app/src/collectors/oracle.py", line 119, in _query_duration_family
2026-07-24 14:49:41.276 |     cur.execute(_QUERY_STATS_SQL)
2026-07-24 14:49:41.276 |   File "/usr/local/lib/python3.12/site-packages/oracledb/cursor.py", line 710, in execute
2026-07-24 14:49:41.276 |     impl.execute(self)
2026-07-24 14:49:41.276 |   File "src/oracledb/impl/thin/cursor.pyx", line 196, in oracledb.thin_impl.ThinCursorImpl.execute
2026-07-24 14:49:41.276 |   File "src/oracledb/impl/thin/protocol.pyx", line 440, in oracledb.thin_impl.Protocol._process_single_message
2026-07-24 14:49:41.276 |   File "src/oracledb/impl/thin/protocol.pyx", line 441, in oracledb.thin_impl.Protocol._process_single_message
2026-07-24 14:49:41.276 |   File "src/oracledb/impl/thin/protocol.pyx", line 433, in oracledb.thin_impl.Protocol._process_message
2026-07-24 14:49:41.276 |   File "src/oracledb/impl/thin/messages.pyx", line 74, in oracledb.thin_impl.Message._check_and_raise_exception
2026-07-24 14:49:41.276 | oracledb.exceptions.DatabaseError: ORA-00942: table or view does not exist
2026-07-24 14:49:41.276 | Help: https://docs.oracle.com/error-help/db/ora-00942/
2026-07-24 14:49:41.353 | 2026-07-24 21:49:41,353 INFO 172.19.0.3 - "GET /metrics?target=hris-hims-db HTTP/1.1" 200 -
2026-07-24 14:49:42.597 | 2026-07-24 21:49:42,596 ERROR scrape of target 'hris-scl-engineering-db' failed
2026-07-24 14:49:42.597 | Traceback (most recent call last):
2026-07-24 14:49:42.597 |   File "src/pymssql/_pymssql.pyx", line 650, in pymssql._pymssql.connect
2026-07-24 14:49:42.597 |   File "src/pymssql/_mssql.pyx", line 2158, in pymssql._mssql.connect
2026-07-24 14:49:42.597 |   File "src/pymssql/_mssql.pyx", line 712, in pymssql._mssql.MSSQLConnection.__init__
2026-07-24 14:49:42.597 |   File "src/pymssql/_mssql.pyx", line 1884, in pymssql._mssql.maybe_raise_MSSQLDatabaseException
2026-07-24 14:49:42.597 |   File "src/pymssql/_mssql.pyx", line 1901, in pymssql._mssql.raise_MSSQLDatabaseException
2026-07-24 14:49:42.597 | pymssql._mssql.MSSQLDatabaseException: (20009, b'DB-Lib error message 20009, severity 9:\nUnable to connect: Adaptive Server is unavailable or does not exist (COSWINDE516D1)\n')
2026-07-24 14:49:42.597 | 
2026-07-24 14:49:42.597 | During handling of the above exception, another exception occurred:
2026-07-24 14:49:42.597 | 
2026-07-24 14:49:42.597 | Traceback (most recent call last):
2026-07-24 14:49:42.597 |   File "/app/src/registry.py", line 74, in scrape
2026-07-24 14:49:42.597 |     families, had_partial_error = future.result(timeout=target.scrape_timeout_seconds)
2026-07-24 14:49:42.597 |                                   ^^^^^^^^^^^^^^^^^^^^^^^^^^^^^^^^^^^^^^^^^^^^^^^^^^^^
2026-07-24 14:49:42.597 |   File "/usr/local/lib/python3.12/concurrent/futures/_base.py", line 456, in result
2026-07-24 14:49:42.597 |     return self.__get_result()
2026-07-24 14:49:42.597 |            ^^^^^^^^^^^^^^^^^^^
2026-07-24 14:49:42.597 |   File "/usr/local/lib/python3.12/concurrent/futures/_base.py", line 401, in __get_result
2026-07-24 14:49:42.597 |     raise self._exception
2026-07-24 14:49:42.597 |   File "/usr/local/lib/python3.12/concurrent/futures/thread.py", line 59, in run
2026-07-24 14:49:42.597 |     result = self.fn(*self.args, **self.kwargs)
2026-07-24 14:49:42.597 |              ^^^^^^^^^^^^^^^^^^^^^^^^^^^^^^^^^^
2026-07-24 14:49:42.597 |   File "/app/src/registry.py", line 69, in _do_scrape
2026-07-24 14:49:42.597 |     conn = adapter.get_connection()
2026-07-24 14:49:42.597 |            ^^^^^^^^^^^^^^^^^^^^^^^^
2026-07-24 14:49:42.597 |   File "/app/src/collectors/base.py", line 65, in get_connection
2026-07-24 14:49:42.597 |     self._conn = self.connect()
2026-07-24 14:49:42.597 |                  ^^^^^^^^^^^^^^
2026-07-24 14:49:42.597 |   File "/app/src/collectors/sqlserver.py", line 70, in connect
2026-07-24 14:49:42.597 |     conn = pymssql.connect(
2026-07-24 14:49:42.597 |            ^^^^^^^^^^^^^^^^
2026-07-24 14:49:42.597 |   File "src/pymssql/_pymssql.pyx", line 659, in pymssql._pymssql.connect
2026-07-24 14:49:42.597 | pymssql.exceptions.OperationalError: (20009, b'DB-Lib error message 20009, severity 9:\nUnable to connect: Adaptive Server is unavailable or does not exist (COSWINDE516D1)\n')
2026-07-24 14:49:42.597 | 2026-07-24 21:49:42,596 INFO 172.19.0.3 - "GET /metrics?target=hris-scl-engineering-db HTTP/1.1" 200 -
2026-07-24 14:49:46.604 | 2026-07-24 21:49:46,604 INFO 127.0.0.1 - "GET /health HTTP/1.1" 200 -
2026-07-24 14:49:46.781 | 2026-07-24 21:49:46,780 ERROR query 'size' failed for target 'hris-card-db'
2026-07-24 14:49:46.781 | Traceback (most recent call last):
2026-07-24 14:49:46.781 |   File "/app/src/collectors/base.py", line 52, in safe_collect_family
2026-07-24 14:49:46.781 |     result = builder()
2026-07-24 14:49:46.781 |              ^^^^^^^^^
2026-07-24 14:49:46.781 |   File "/app/src/collectors/postgres.py", line 94, in <lambda>
2026-07-24 14:49:46.781 |     ("size", lambda: self._size_family(cur)),
2026-07-24 14:49:46.781 |                      ^^^^^^^^^^^^^^^^^^^^^^
2026-07-24 14:49:46.781 |   File "/app/src/collectors/postgres.py", line 168, in _size_family
2026-07-24 14:49:46.781 |     cur.execute(_SIZE_SQL)
2026-07-24 14:49:46.781 |   File "/usr/local/lib/python3.12/site-packages/psycopg2/extras.py", line 146, in execute
2026-07-24 14:49:46.781 |     return super().execute(query, vars)
2026-07-24 14:49:46.781 |            ^^^^^^^^^^^^^^^^^^^^^^^^^^^^
2026-07-24 14:49:46.781 | psycopg2.errors.InsufficientPrivilege: permission denied for database rdsadmin
2026-07-24 14:49:46.781 | 
2026-07-24 14:49:46.781 | 2026-07-24 21:49:46,781 INFO 172.19.0.3 - "GET /metrics?target=hris-card-db HTTP/1.1" 200 -
2026-07-24 14:49:56.278 | 2026-07-24 21:49:56,277 ERROR query 'query_duration' failed for target 'hris-hims-db'
2026-07-24 14:49:56.278 | Traceback (most recent call last):
2026-07-24 14:49:56.278 |   File "/app/src/collectors/base.py", line 52, in safe_collect_family
2026-07-24 14:49:56.278 |     result = builder()
2026-07-24 14:49:56.278 |              ^^^^^^^^^
2026-07-24 14:49:56.278 |   File "/app/src/collectors/oracle.py", line 103, in <lambda>
2026-07-24 14:49:56.278 |     ("query_duration", lambda: self._query_duration_family(conn)),
2026-07-24 14:49:56.278 |                                ^^^^^^^^^^^^^^^^^^^^^^^^^^^^^^^^^
2026-07-24 14:49:56.278 |   File "/app/src/collectors/oracle.py", line 119, in _query_duration_family
2026-07-24 14:49:56.278 |     cur.execute(_QUERY_STATS_SQL)
2026-07-24 14:49:56.278 |   File "/usr/local/lib/python3.12/site-packages/oracledb/cursor.py", line 710, in execute
2026-07-24 14:49:56.278 |     impl.execute(self)
2026-07-24 14:49:56.278 |   File "src/oracledb/impl/thin/cursor.pyx", line 196, in oracledb.thin_impl.ThinCursorImpl.execute
2026-07-24 14:49:56.278 |   File "src/oracledb/impl/thin/protocol.pyx", line 440, in oracledb.thin_impl.Protocol._process_single_message
2026-07-24 14:49:56.278 |   File "src/oracledb/impl/thin/protocol.pyx", line 441, in oracledb.thin_impl.Protocol._process_single_message
2026-07-24 14:49:56.278 |   File "src/oracledb/impl/thin/protocol.pyx", line 433, in oracledb.thin_impl.Protocol._process_message
2026-07-24 14:49:56.278 |   File "src/oracledb/impl/thin/messages.pyx", line 74, in oracledb.thin_impl.Message._check_and_raise_exception
2026-07-24 14:49:56.278 | oracledb.exceptions.DatabaseError: ORA-00942: table or view does not exist
2026-07-24 14:49:56.278 | Help: https://docs.oracle.com/error-help/db/ora-00942/
2026-07-24 14:49:56.361 | 2026-07-24 21:49:56,360 INFO 172.19.0.3 - "GET /metrics?target=hris-hims-db HTTP/1.1" 200 -
2026-07-24 14:49:57.596 | 2026-07-24 21:49:57,596 ERROR scrape of target 'hris-scl-engineering-db' failed
2026-07-24 14:49:57.596 | Traceback (most recent call last):
2026-07-24 14:49:57.596 |   File "src/pymssql/_pymssql.pyx", line 650, in pymssql._pymssql.connect
2026-07-24 14:49:57.596 |   File "src/pymssql/_mssql.pyx", line 2158, in pymssql._mssql.connect
2026-07-24 14:49:57.596 |   File "src/pymssql/_mssql.pyx", line 712, in pymssql._mssql.MSSQLConnection.__init__
2026-07-24 14:49:57.596 |   File "src/pymssql/_mssql.pyx", line 1884, in pymssql._mssql.maybe_raise_MSSQLDatabaseException
2026-07-24 14:49:57.596 |   File "src/pymssql/_mssql.pyx", line 1901, in pymssql._mssql.raise_MSSQLDatabaseException
2026-07-24 14:49:57.596 | pymssql._mssql.MSSQLDatabaseException: (20009, b'DB-Lib error message 20009, severity 9:\nUnable to connect: Adaptive Server is unavailable or does not exist (COSWINDE516D1)\n')
2026-07-24 14:49:57.596 | 
2026-07-24 14:49:57.596 | During handling of the above exception, another exception occurred:
2026-07-24 14:49:57.596 | 
2026-07-24 14:49:57.596 | Traceback (most recent call last):
2026-07-24 14:49:57.596 |   File "/app/src/registry.py", line 74, in scrape
2026-07-24 14:49:57.596 |     families, had_partial_error = future.result(timeout=target.scrape_timeout_seconds)
2026-07-24 14:49:57.596 |                                   ^^^^^^^^^^^^^^^^^^^^^^^^^^^^^^^^^^^^^^^^^^^^^^^^^^^^
2026-07-24 14:49:57.596 |   File "/usr/local/lib/python3.12/concurrent/futures/_base.py", line 456, in result
2026-07-24 14:49:57.596 |     return self.__get_result()
2026-07-24 14:49:57.596 |            ^^^^^^^^^^^^^^^^^^^
2026-07-24 14:49:57.596 |   File "/usr/local/lib/python3.12/concurrent/futures/_base.py", line 401, in __get_result
2026-07-24 14:49:57.596 |     raise self._exception
2026-07-24 14:49:57.597 |   File "/usr/local/lib/python3.12/concurrent/futures/thread.py", line 59, in run
2026-07-24 14:49:57.597 |     result = self.fn(*self.args, **self.kwargs)
2026-07-24 14:49:57.597 |              ^^^^^^^^^^^^^^^^^^^^^^^^^^^^^^^^^^
2026-07-24 14:49:57.597 |   File "/app/src/registry.py", line 69, in _do_scrape
2026-07-24 14:49:57.597 |     conn = adapter.get_connection()
2026-07-24 14:49:57.597 |            ^^^^^^^^^^^^^^^^^^^^^^^^
2026-07-24 14:49:57.597 |   File "/app/src/collectors/base.py", line 65, in get_connection
2026-07-24 14:49:57.597 |     self._conn = self.connect()
2026-07-24 14:49:57.597 |                  ^^^^^^^^^^^^^^
2026-07-24 14:49:57.597 |   File "/app/src/collectors/sqlserver.py", line 70, in connect
2026-07-24 14:49:57.597 |     conn = pymssql.connect(
2026-07-24 14:49:57.597 |            ^^^^^^^^^^^^^^^^
2026-07-24 14:49:57.597 |   File "src/pymssql/_pymssql.pyx", line 659, in pymssql._pymssql.connect
2026-07-24 14:49:57.597 | pymssql.exceptions.OperationalError: (20009, b'DB-Lib error message 20009, severity 9:\nUnable to connect: Adaptive Server is unavailable or does not exist (COSWINDE516D1)\n')
2026-07-24 14:49:57.597 | 2026-07-24 21:49:57,596 INFO 172.19.0.3 - "GET /metrics?target=hris-scl-engineering-db HTTP/1.1" 200 -
2026-07-24 14:50:01.835 | 2026-07-24 21:50:01,835 ERROR query 'size' failed for target 'hris-card-db'
2026-07-24 14:50:01.835 | Traceback (most recent call last):
2026-07-24 14:50:01.835 |   File "/app/src/collectors/base.py", line 52, in safe_collect_family
2026-07-24 14:50:01.836 |     result = builder()
2026-07-24 14:50:01.836 |              ^^^^^^^^^
2026-07-24 14:50:01.836 |   File "/app/src/collectors/postgres.py", line 94, in <lambda>
2026-07-24 14:50:01.836 |     ("size", lambda: self._size_family(cur)),
2026-07-24 14:50:01.836 |                      ^^^^^^^^^^^^^^^^^^^^^^
2026-07-24 14:50:01.836 |   File "/app/src/collectors/postgres.py", line 168, in _size_family
2026-07-24 14:50:01.836 |     cur.execute(_SIZE_SQL)
2026-07-24 14:50:01.836 |   File "/usr/local/lib/python3.12/site-packages/psycopg2/extras.py", line 146, in execute
2026-07-24 14:50:01.836 |     return super().execute(query, vars)
2026-07-24 14:50:01.836 |            ^^^^^^^^^^^^^^^^^^^^^^^^^^^^
2026-07-24 14:50:01.836 | psycopg2.errors.InsufficientPrivilege: permission denied for database rdsadmin
2026-07-24 14:50:01.836 | 
2026-07-24 14:50:01.836 | 2026-07-24 21:50:01,835 INFO 172.19.0.3 - "GET /metrics?target=hris-card-db HTTP/1.1" 200 -
2026-07-24 14:50:11.278 | 2026-07-24 21:50:11,278 ERROR query 'query_duration' failed for target 'hris-hims-db'
2026-07-24 14:50:11.278 | Traceback (most recent call last):
2026-07-24 14:50:11.278 |   File "/app/src/collectors/base.py", line 52, in safe_collect_family
2026-07-24 14:50:11.278 |     result = builder()
2026-07-24 14:50:11.278 |              ^^^^^^^^^
2026-07-24 14:50:11.278 |   File "/app/src/collectors/oracle.py", line 103, in <lambda>
2026-07-24 14:50:11.278 |     ("query_duration", lambda: self._query_duration_family(conn)),
2026-07-24 14:50:11.278 |                                ^^^^^^^^^^^^^^^^^^^^^^^^^^^^^^^^^
2026-07-24 14:50:11.278 |   File "/app/src/collectors/oracle.py", line 119, in _query_duration_family
2026-07-24 14:50:11.278 |     cur.execute(_QUERY_STATS_SQL)
2026-07-24 14:50:11.278 |   File "/usr/local/lib/python3.12/site-packages/oracledb/cursor.py", line 710, in execute
2026-07-24 14:50:11.278 |     impl.execute(self)
2026-07-24 14:50:11.278 |   File "src/oracledb/impl/thin/cursor.pyx", line 196, in oracledb.thin_impl.ThinCursorImpl.execute
2026-07-24 14:50:11.278 |   File "src/oracledb/impl/thin/protocol.pyx", line 440, in oracledb.thin_impl.Protocol._process_single_message
2026-07-24 14:50:11.278 |   File "src/oracledb/impl/thin/protocol.pyx", line 441, in oracledb.thin_impl.Protocol._process_single_message
2026-07-24 14:50:11.278 |   File "src/oracledb/impl/thin/protocol.pyx", line 433, in oracledb.thin_impl.Protocol._process_message
2026-07-24 14:50:11.278 |   File "src/oracledb/impl/thin/messages.pyx", line 74, in oracledb.thin_impl.Message._check_and_raise_exception
2026-07-24 14:50:11.278 | oracledb.exceptions.DatabaseError: ORA-00942: table or view does not exist
2026-07-24 14:50:11.278 | Help: https://docs.oracle.com/error-help/db/ora-00942/
2026-07-24 14:50:11.361 | 2026-07-24 21:50:11,361 INFO 172.19.0.3 - "GET /metrics?target=hris-hims-db HTTP/1.1" 200 -
2026-07-24 14:50:12.597 | 2026-07-24 21:50:12,596 ERROR scrape of target 'hris-scl-engineering-db' failed
2026-07-24 14:50:12.597 | Traceback (most recent call last):
2026-07-24 14:50:12.597 |   File "src/pymssql/_pymssql.pyx", line 650, in pymssql._pymssql.connect
2026-07-24 14:50:12.597 |   File "src/pymssql/_mssql.pyx", line 2158, in pymssql._mssql.connect
2026-07-24 14:50:12.597 |   File "src/pymssql/_mssql.pyx", line 712, in pymssql._mssql.MSSQLConnection.__init__
2026-07-24 14:50:12.597 |   File "src/pymssql/_mssql.pyx", line 1884, in pymssql._mssql.maybe_raise_MSSQLDatabaseException
2026-07-24 14:50:12.597 |   File "src/pymssql/_mssql.pyx", line 1901, in pymssql._mssql.raise_MSSQLDatabaseException
2026-07-24 14:50:12.597 | pymssql._mssql.MSSQLDatabaseException: (20009, b'DB-Lib error message 20009, severity 9:\nUnable to connect: Adaptive Server is unavailable or does not exist (COSWINDE516D1)\n')
2026-07-24 14:50:12.597 | 
2026-07-24 14:50:12.597 | During handling of the above exception, another exception occurred:
2026-07-24 14:50:12.597 | 
2026-07-24 14:50:12.597 | Traceback (most recent call last):
2026-07-24 14:50:12.597 |   File "/app/src/registry.py", line 74, in scrape
2026-07-24 14:50:12.597 |     families, had_partial_error = future.result(timeout=target.scrape_timeout_seconds)
2026-07-24 14:50:12.597 |                                   ^^^^^^^^^^^^^^^^^^^^^^^^^^^^^^^^^^^^^^^^^^^^^^^^^^^^
2026-07-24 14:50:12.597 |   File "/usr/local/lib/python3.12/concurrent/futures/_base.py", line 456, in result
2026-07-24 14:50:12.597 |     return self.__get_result()
2026-07-24 14:50:12.597 |            ^^^^^^^^^^^^^^^^^^^
2026-07-24 14:50:12.597 |   File "/usr/local/lib/python3.12/concurrent/futures/_base.py", line 401, in __get_result
2026-07-24 14:50:12.597 |     raise self._exception
2026-07-24 14:50:12.597 |   File "/usr/local/lib/python3.12/concurrent/futures/thread.py", line 59, in run
2026-07-24 14:50:12.597 |     result = self.fn(*self.args, **self.kwargs)
2026-07-24 14:50:12.597 |              ^^^^^^^^^^^^^^^^^^^^^^^^^^^^^^^^^^
2026-07-24 14:50:12.597 |   File "/app/src/registry.py", line 69, in _do_scrape
2026-07-24 14:50:12.597 |     conn = adapter.get_connection()
2026-07-24 14:50:12.597 |            ^^^^^^^^^^^^^^^^^^^^^^^^
2026-07-24 14:50:12.597 |   File "/app/src/collectors/base.py", line 65, in get_connection
2026-07-24 14:50:12.597 |     self._conn = self.connect()
2026-07-24 14:50:12.597 |                  ^^^^^^^^^^^^^^
2026-07-24 14:50:12.597 |   File "/app/src/collectors/sqlserver.py", line 70, in connect
2026-07-24 14:50:12.597 |     conn = pymssql.connect(
2026-07-24 14:50:12.597 |            ^^^^^^^^^^^^^^^^
2026-07-24 14:50:12.597 |   File "src/pymssql/_pymssql.pyx", line 659, in pymssql._pymssql.connect
2026-07-24 14:50:12.597 | pymssql.exceptions.OperationalError: (20009, b'DB-Lib error message 20009, severity 9:\nUnable to connect: Adaptive Server is unavailable or does not exist (COSWINDE516D1)\n')
2026-07-24 14:50:12.597 | 2026-07-24 21:50:12,597 INFO 172.19.0.3 - "GET /metrics?target=hris-scl-engineering-db HTTP/1.1" 200 -
2026-07-24 14:50:16.720 | 2026-07-24 21:50:16,719 INFO 127.0.0.1 - "GET /health HTTP/1.1" 200 -
2026-07-24 14:50:16.780 | 2026-07-24 21:50:16,779 ERROR query 'size' failed for target 'hris-card-db'
2026-07-24 14:50:16.780 | Traceback (most recent call last):
2026-07-24 14:50:16.780 |   File "/app/src/collectors/base.py", line 52, in safe_collect_family
2026-07-24 14:50:16.780 |     result = builder()
2026-07-24 14:50:16.780 |              ^^^^^^^^^
2026-07-24 14:50:16.780 |   File "/app/src/collectors/postgres.py", line 94, in <lambda>
2026-07-24 14:50:16.780 |     ("size", lambda: self._size_family(cur)),
2026-07-24 14:50:16.780 |                      ^^^^^^^^^^^^^^^^^^^^^^
2026-07-24 14:50:16.780 |   File "/app/src/collectors/postgres.py", line 168, in _size_family
2026-07-24 14:50:16.780 |     cur.execute(_SIZE_SQL)
2026-07-24 14:50:16.780 |   File "/usr/local/lib/python3.12/site-packages/psycopg2/extras.py", line 146, in execute
2026-07-24 14:50:16.780 |     return super().execute(query, vars)
2026-07-24 14:50:16.780 |            ^^^^^^^^^^^^^^^^^^^^^^^^^^^^
2026-07-24 14:50:16.780 | psycopg2.errors.InsufficientPrivilege: permission denied for database rdsadmin
2026-07-24 14:50:16.780 | 
2026-07-24 14:50:16.780 | 2026-07-24 21:50:16,780 INFO 172.19.0.3 - "GET /metrics?target=hris-card-db HTTP/1.1" 200 -
2026-07-24 14:50:26.279 | 2026-07-24 21:50:26,279 ERROR query 'query_duration' failed for target 'hris-hims-db'
2026-07-24 14:50:26.279 | Traceback (most recent call last):
2026-07-24 14:50:26.279 |   File "/app/src/collectors/base.py", line 52, in safe_collect_family
2026-07-24 14:50:26.279 |     result = builder()
2026-07-24 14:50:26.279 |              ^^^^^^^^^
2026-07-24 14:50:26.279 |   File "/app/src/collectors/oracle.py", line 103, in <lambda>
2026-07-24 14:50:26.279 |     ("query_duration", lambda: self._query_duration_family(conn)),
2026-07-24 14:50:26.279 |                                ^^^^^^^^^^^^^^^^^^^^^^^^^^^^^^^^^
2026-07-24 14:50:26.279 |   File "/app/src/collectors/oracle.py", line 119, in _query_duration_family
2026-07-24 14:50:26.279 |     cur.execute(_QUERY_STATS_SQL)
2026-07-24 14:50:26.279 |   File "/usr/local/lib/python3.12/site-packages/oracledb/cursor.py", line 710, in execute
2026-07-24 14:50:26.279 |     impl.execute(self)
2026-07-24 14:50:26.279 |   File "src/oracledb/impl/thin/cursor.pyx", line 196, in oracledb.thin_impl.ThinCursorImpl.execute
2026-07-24 14:50:26.279 |   File "src/oracledb/impl/thin/protocol.pyx", line 440, in oracledb.thin_impl.Protocol._process_single_message
2026-07-24 14:50:26.279 |   File "src/oracledb/impl/thin/protocol.pyx", line 441, in oracledb.thin_impl.Protocol._process_single_message
2026-07-24 14:50:26.279 |   File "src/oracledb/impl/thin/protocol.pyx", line 433, in oracledb.thin_impl.Protocol._process_message
2026-07-24 14:50:26.279 |   File "src/oracledb/impl/thin/messages.pyx", line 74, in oracledb.thin_impl.Message._check_and_raise_exception
2026-07-24 14:50:26.279 | oracledb.exceptions.DatabaseError: ORA-00942: table or view does not exist
2026-07-24 14:50:26.279 | Help: https://docs.oracle.com/error-help/db/ora-00942/
2026-07-24 14:50:26.352 | 2026-07-24 21:50:26,352 INFO 172.19.0.3 - "GET /metrics?target=hris-hims-db HTTP/1.1" 200 -
2026-07-24 14:50:27.598 | 2026-07-24 21:50:27,597 ERROR scrape of target 'hris-scl-engineering-db' failed
2026-07-24 14:50:27.598 | Traceback (most recent call last):
2026-07-24 14:50:27.598 |   File "src/pymssql/_pymssql.pyx", line 650, in pymssql._pymssql.connect
2026-07-24 14:50:27.598 |   File "src/pymssql/_mssql.pyx", line 2158, in pymssql._mssql.connect
2026-07-24 14:50:27.598 |   File "src/pymssql/_mssql.pyx", line 712, in pymssql._mssql.MSSQLConnection.__init__
2026-07-24 14:50:27.598 |   File "src/pymssql/_mssql.pyx", line 1884, in pymssql._mssql.maybe_raise_MSSQLDatabaseException
2026-07-24 14:50:27.598 |   File "src/pymssql/_mssql.pyx", line 1901, in pymssql._mssql.raise_MSSQLDatabaseException
2026-07-24 14:50:27.598 | pymssql._mssql.MSSQLDatabaseException: (20009, b'DB-Lib error message 20009, severity 9:\nUnable to connect: Adaptive Server is unavailable or does not exist (COSWINDE516D1)\n')
2026-07-24 14:50:27.598 | 
2026-07-24 14:50:27.598 | During handling of the above exception, another exception occurred:
2026-07-24 14:50:27.598 | 
2026-07-24 14:50:27.598 | Traceback (most recent call last):
2026-07-24 14:50:27.598 |   File "/app/src/registry.py", line 74, in scrape
2026-07-24 14:50:27.598 |     families, had_partial_error = future.result(timeout=target.scrape_timeout_seconds)
2026-07-24 14:50:27.598 |                                   ^^^^^^^^^^^^^^^^^^^^^^^^^^^^^^^^^^^^^^^^^^^^^^^^^^^^
2026-07-24 14:50:27.598 |   File "/usr/local/lib/python3.12/concurrent/futures/_base.py", line 456, in result
2026-07-24 14:50:27.598 |     return self.__get_result()
2026-07-24 14:50:27.598 |            ^^^^^^^^^^^^^^^^^^^
2026-07-24 14:50:27.598 |   File "/usr/local/lib/python3.12/concurrent/futures/_base.py", line 401, in __get_result
2026-07-24 14:50:27.598 |     raise self._exception
2026-07-24 14:50:27.598 |   File "/usr/local/lib/python3.12/concurrent/futures/thread.py", line 59, in run
2026-07-24 14:50:27.598 |     result = self.fn(*self.args, **self.kwargs)
2026-07-24 14:50:27.598 |              ^^^^^^^^^^^^^^^^^^^^^^^^^^^^^^^^^^
2026-07-24 14:50:27.598 |   File "/app/src/registry.py", line 69, in _do_scrape
2026-07-24 14:50:27.598 |     conn = adapter.get_connection()
2026-07-24 14:50:27.598 |            ^^^^^^^^^^^^^^^^^^^^^^^^
2026-07-24 14:50:27.598 |   File "/app/src/collectors/base.py", line 65, in get_connection
2026-07-24 14:50:27.598 |     self._conn = self.connect()
2026-07-24 14:50:27.598 |                  ^^^^^^^^^^^^^^
2026-07-24 14:50:27.598 |   File "/app/src/collectors/sqlserver.py", line 70, in connect
2026-07-24 14:50:27.598 |     conn = pymssql.connect(
2026-07-24 14:50:27.598 |            ^^^^^^^^^^^^^^^^
2026-07-24 14:50:27.598 |   File "src/pymssql/_pymssql.pyx", line 659, in pymssql._pymssql.connect
2026-07-24 14:50:27.598 | pymssql.exceptions.OperationalError: (20009, b'DB-Lib error message 20009, severity 9:\nUnable to connect: Adaptive Server is unavailable or does not exist (COSWINDE516D1)\n')
2026-07-24 14:50:27.598 | 2026-07-24 21:50:27,598 INFO 172.19.0.3 - "GET /metrics?target=hris-scl-engineering-db HTTP/1.1" 200 -
2026-07-24 14:50:31.785 | 2026-07-24 21:50:31,784 ERROR query 'size' failed for target 'hris-card-db'
2026-07-24 14:50:31.785 | Traceback (most recent call last):
2026-07-24 14:50:31.785 |   File "/app/src/collectors/base.py", line 52, in safe_collect_family
2026-07-24 14:50:31.785 |     result = builder()
2026-07-24 14:50:31.785 |              ^^^^^^^^^
2026-07-24 14:50:31.785 |   File "/app/src/collectors/postgres.py", line 94, in <lambda>
2026-07-24 14:50:31.785 |     ("size", lambda: self._size_family(cur)),
2026-07-24 14:50:31.785 |                      ^^^^^^^^^^^^^^^^^^^^^^
2026-07-24 14:50:31.785 |   File "/app/src/collectors/postgres.py", line 168, in _size_family
2026-07-24 14:50:31.785 |     cur.execute(_SIZE_SQL)
2026-07-24 14:50:31.785 |   File "/usr/local/lib/python3.12/site-packages/psycopg2/extras.py", line 146, in execute
2026-07-24 14:50:31.785 |     return super().execute(query, vars)
2026-07-24 14:50:31.785 |            ^^^^^^^^^^^^^^^^^^^^^^^^^^^^
2026-07-24 14:50:31.785 | psycopg2.errors.InsufficientPrivilege: permission denied for database rdsadmin
2026-07-24 14:50:31.785 | 
2026-07-24 14:50:31.785 | 2026-07-24 21:50:31,785 INFO 172.19.0.3 - "GET /metrics?target=hris-card-db HTTP/1.1" 200 -
2026-07-24 14:50:41.278 | 2026-07-24 21:50:41,278 ERROR query 'query_duration' failed for target 'hris-hims-db'
2026-07-24 14:50:41.278 | Traceback (most recent call last):
2026-07-24 14:50:41.278 |   File "/app/src/collectors/base.py", line 52, in safe_collect_family
2026-07-24 14:50:41.278 |     result = builder()
2026-07-24 14:50:41.278 |              ^^^^^^^^^
2026-07-24 14:50:41.278 |   File "/app/src/collectors/oracle.py", line 103, in <lambda>
2026-07-24 14:50:41.278 |     ("query_duration", lambda: self._query_duration_family(conn)),
2026-07-24 14:50:41.278 |                                ^^^^^^^^^^^^^^^^^^^^^^^^^^^^^^^^^
2026-07-24 14:50:41.278 |   File "/app/src/collectors/oracle.py", line 119, in _query_duration_family
2026-07-24 14:50:41.278 |     cur.execute(_QUERY_STATS_SQL)
2026-07-24 14:50:41.278 |   File "/usr/local/lib/python3.12/site-packages/oracledb/cursor.py", line 710, in execute
2026-07-24 14:50:41.278 |     impl.execute(self)
2026-07-24 14:50:41.278 |   File "src/oracledb/impl/thin/cursor.pyx", line 196, in oracledb.thin_impl.ThinCursorImpl.execute
2026-07-24 14:50:41.278 |   File "src/oracledb/impl/thin/protocol.pyx", line 440, in oracledb.thin_impl.Protocol._process_single_message
2026-07-24 14:50:41.278 |   File "src/oracledb/impl/thin/protocol.pyx", line 441, in oracledb.thin_impl.Protocol._process_single_message
2026-07-24 14:50:41.278 |   File "src/oracledb/impl/thin/protocol.pyx", line 433, in oracledb.thin_impl.Protocol._process_message
2026-07-24 14:50:41.278 |   File "src/oracledb/impl/thin/messages.pyx", line 74, in oracledb.thin_impl.Message._check_and_raise_exception
2026-07-24 14:50:41.278 | oracledb.exceptions.DatabaseError: ORA-00942: table or view does not exist
2026-07-24 14:50:41.278 | Help: https://docs.oracle.com/error-help/db/ora-00942/
2026-07-24 14:50:41.367 | 2026-07-24 21:50:41,366 INFO 172.19.0.3 - "GET /metrics?target=hris-hims-db HTTP/1.1" 200 -
2026-07-24 14:50:42.596 | 2026-07-24 21:50:42,595 ERROR scrape of target 'hris-scl-engineering-db' failed
2026-07-24 14:50:42.596 | Traceback (most recent call last):
2026-07-24 14:50:42.596 |   File "src/pymssql/_pymssql.pyx", line 650, in pymssql._pymssql.connect
2026-07-24 14:50:42.596 |   File "src/pymssql/_mssql.pyx", line 2158, in pymssql._mssql.connect
2026-07-24 14:50:42.596 |   File "src/pymssql/_mssql.pyx", line 712, in pymssql._mssql.MSSQLConnection.__init__
2026-07-24 14:50:42.596 |   File "src/pymssql/_mssql.pyx", line 1884, in pymssql._mssql.maybe_raise_MSSQLDatabaseException
2026-07-24 14:50:42.596 |   File "src/pymssql/_mssql.pyx", line 1901, in pymssql._mssql.raise_MSSQLDatabaseException
2026-07-24 14:50:42.596 | pymssql._mssql.MSSQLDatabaseException: (20009, b'DB-Lib error message 20009, severity 9:\nUnable to connect: Adaptive Server is unavailable or does not exist (COSWINDE516D1)\n')
2026-07-24 14:50:42.596 | 
2026-07-24 14:50:42.596 | During handling of the above exception, another exception occurred:
2026-07-24 14:50:42.596 | 
2026-07-24 14:50:42.596 | Traceback (most recent call last):
2026-07-24 14:50:42.596 |   File "/app/src/registry.py", line 74, in scrape
2026-07-24 14:50:42.596 |     families, had_partial_error = future.result(timeout=target.scrape_timeout_seconds)
2026-07-24 14:50:42.596 |                                   ^^^^^^^^^^^^^^^^^^^^^^^^^^^^^^^^^^^^^^^^^^^^^^^^^^^^
2026-07-24 14:50:42.596 |   File "/usr/local/lib/python3.12/concurrent/futures/_base.py", line 456, in result
2026-07-24 14:50:42.596 |     return self.__get_result()
2026-07-24 14:50:42.596 |            ^^^^^^^^^^^^^^^^^^^
2026-07-24 14:50:42.596 |   File "/usr/local/lib/python3.12/concurrent/futures/_base.py", line 401, in __get_result
2026-07-24 14:50:42.596 |     raise self._exception
2026-07-24 14:50:42.596 |   File "/usr/local/lib/python3.12/concurrent/futures/thread.py", line 59, in run
2026-07-24 14:50:42.596 |     result = self.fn(*self.args, **self.kwargs)
2026-07-24 14:50:42.596 |              ^^^^^^^^^^^^^^^^^^^^^^^^^^^^^^^^^^
2026-07-24 14:50:42.596 |   File "/app/src/registry.py", line 69, in _do_scrape
2026-07-24 14:50:42.596 |     conn = adapter.get_connection()
2026-07-24 14:50:42.596 |            ^^^^^^^^^^^^^^^^^^^^^^^^
2026-07-24 14:50:42.596 |   File "/app/src/collectors/base.py", line 65, in get_connection
2026-07-24 14:50:42.596 |     self._conn = self.connect()
2026-07-24 14:50:42.596 |                  ^^^^^^^^^^^^^^
2026-07-24 14:50:42.596 |   File "/app/src/collectors/sqlserver.py", line 70, in connect
2026-07-24 14:50:42.596 |     conn = pymssql.connect(
2026-07-24 14:50:42.596 |            ^^^^^^^^^^^^^^^^
2026-07-24 14:50:42.596 |   File "src/pymssql/_pymssql.pyx", line 659, in pymssql._pymssql.connect
2026-07-24 14:50:42.596 | pymssql.exceptions.OperationalError: (20009, b'DB-Lib error message 20009, severity 9:\nUnable to connect: Adaptive Server is unavailable or does not exist (COSWINDE516D1)\n')
2026-07-24 14:50:42.596 | 2026-07-24 21:50:42,596 INFO 172.19.0.3 - "GET /metrics?target=hris-scl-engineering-db HTTP/1.1" 200 -
2026-07-24 14:50:46.779 | 2026-07-24 21:50:46,779 ERROR query 'size' failed for target 'hris-card-db'
2026-07-24 14:50:46.779 | Traceback (most recent call last):
2026-07-24 14:50:46.779 |   File "/app/src/collectors/base.py", line 52, in safe_collect_family
2026-07-24 14:50:46.779 |     result = builder()
2026-07-24 14:50:46.779 |              ^^^^^^^^^
2026-07-24 14:50:46.779 |   File "/app/src/collectors/postgres.py", line 94, in <lambda>
2026-07-24 14:50:46.779 |     ("size", lambda: self._size_family(cur)),
2026-07-24 14:50:46.779 |                      ^^^^^^^^^^^^^^^^^^^^^^
2026-07-24 14:50:46.779 |   File "/app/src/collectors/postgres.py", line 168, in _size_family
2026-07-24 14:50:46.779 |     cur.execute(_SIZE_SQL)
2026-07-24 14:50:46.779 |   File "/usr/local/lib/python3.12/site-packages/psycopg2/extras.py", line 146, in execute
2026-07-24 14:50:46.779 |     return super().execute(query, vars)
2026-07-24 14:50:46.779 |            ^^^^^^^^^^^^^^^^^^^^^^^^^^^^
2026-07-24 14:50:46.779 | psycopg2.errors.InsufficientPrivilege: permission denied for database rdsadmin
2026-07-24 14:50:46.779 | 
2026-07-24 14:50:46.780 | 2026-07-24 21:50:46,779 INFO 172.19.0.3 - "GET /metrics?target=hris-card-db HTTP/1.1" 200 -
2026-07-24 14:50:46.844 | 2026-07-24 21:50:46,844 INFO 127.0.0.1 - "GET /health HTTP/1.1" 200 -
2026-07-24 14:50:56.279 | 2026-07-24 21:50:56,278 ERROR query 'query_duration' failed for target 'hris-hims-db'
2026-07-24 14:50:56.279 | Traceback (most recent call last):
2026-07-24 14:50:56.279 |   File "/app/src/collectors/base.py", line 52, in safe_collect_family
2026-07-24 14:50:56.279 |     result = builder()
2026-07-24 14:50:56.279 |              ^^^^^^^^^
2026-07-24 14:50:56.279 |   File "/app/src/collectors/oracle.py", line 103, in <lambda>
2026-07-24 14:50:56.279 |     ("query_duration", lambda: self._query_duration_family(conn)),
2026-07-24 14:50:56.279 |                                ^^^^^^^^^^^^^^^^^^^^^^^^^^^^^^^^^
2026-07-24 14:50:56.279 |   File "/app/src/collectors/oracle.py", line 119, in _query_duration_family
2026-07-24 14:50:56.279 |     cur.execute(_QUERY_STATS_SQL)
2026-07-24 14:50:56.279 |   File "/usr/local/lib/python3.12/site-packages/oracledb/cursor.py", line 710, in execute
2026-07-24 14:50:56.279 |     impl.execute(self)
2026-07-24 14:50:56.279 |   File "src/oracledb/impl/thin/cursor.pyx", line 196, in oracledb.thin_impl.ThinCursorImpl.execute
2026-07-24 14:50:56.279 |   File "src/oracledb/impl/thin/protocol.pyx", line 440, in oracledb.thin_impl.Protocol._process_single_message
2026-07-24 14:50:56.279 |   File "src/oracledb/impl/thin/protocol.pyx", line 441, in oracledb.thin_impl.Protocol._process_single_message
2026-07-24 14:50:56.279 |   File "src/oracledb/impl/thin/protocol.pyx", line 433, in oracledb.thin_impl.Protocol._process_message
2026-07-24 14:50:56.279 |   File "src/oracledb/impl/thin/messages.pyx", line 74, in oracledb.thin_impl.Message._check_and_raise_exception
2026-07-24 14:50:56.279 | oracledb.exceptions.DatabaseError: ORA-00942: table or view does not exist
2026-07-24 14:50:56.279 | Help: https://docs.oracle.com/error-help/db/ora-00942/
2026-07-24 14:50:56.353 | 2026-07-24 21:50:56,352 INFO 172.19.0.3 - "GET /metrics?target=hris-hims-db HTTP/1.1" 200 -
2026-07-24 14:50:57.596 | 2026-07-24 21:50:57,595 ERROR scrape of target 'hris-scl-engineering-db' failed
2026-07-24 14:50:57.596 | Traceback (most recent call last):
2026-07-24 14:50:57.596 |   File "src/pymssql/_pymssql.pyx", line 650, in pymssql._pymssql.connect
2026-07-24 14:50:57.596 |   File "src/pymssql/_mssql.pyx", line 2158, in pymssql._mssql.connect
2026-07-24 14:50:57.596 |   File "src/pymssql/_mssql.pyx", line 712, in pymssql._mssql.MSSQLConnection.__init__
2026-07-24 14:50:57.596 |   File "src/pymssql/_mssql.pyx", line 1884, in pymssql._mssql.maybe_raise_MSSQLDatabaseException
2026-07-24 14:50:57.596 |   File "src/pymssql/_mssql.pyx", line 1901, in pymssql._mssql.raise_MSSQLDatabaseException
2026-07-24 14:50:57.596 | pymssql._mssql.MSSQLDatabaseException: (20009, b'DB-Lib error message 20009, severity 9:\nUnable to connect: Adaptive Server is unavailable or does not exist (COSWINDE516D1)\n')
2026-07-24 14:50:57.596 | 
2026-07-24 14:50:57.596 | During handling of the above exception, another exception occurred:
2026-07-24 14:50:57.596 | 
2026-07-24 14:50:57.596 | Traceback (most recent call last):
2026-07-24 14:50:57.596 |   File "/app/src/registry.py", line 74, in scrape
2026-07-24 14:50:57.596 |     families, had_partial_error = future.result(timeout=target.scrape_timeout_seconds)
2026-07-24 14:50:57.596 |                                   ^^^^^^^^^^^^^^^^^^^^^^^^^^^^^^^^^^^^^^^^^^^^^^^^^^^^
2026-07-24 14:50:57.596 |   File "/usr/local/lib/python3.12/concurrent/futures/_base.py", line 456, in result
2026-07-24 14:50:57.596 |     return self.__get_result()
2026-07-24 14:50:57.596 |            ^^^^^^^^^^^^^^^^^^^
2026-07-24 14:50:57.596 |   File "/usr/local/lib/python3.12/concurrent/futures/_base.py", line 401, in __get_result
2026-07-24 14:50:57.596 |     raise self._exception
2026-07-24 14:50:57.596 |   File "/usr/local/lib/python3.12/concurrent/futures/thread.py", line 59, in run
2026-07-24 14:50:57.596 |     result = self.fn(*self.args, **self.kwargs)
2026-07-24 14:50:57.596 |              ^^^^^^^^^^^^^^^^^^^^^^^^^^^^^^^^^^
2026-07-24 14:50:57.596 |   File "/app/src/registry.py", line 69, in _do_scrape
2026-07-24 14:50:57.596 |     conn = adapter.get_connection()
2026-07-24 14:50:57.596 |            ^^^^^^^^^^^^^^^^^^^^^^^^
2026-07-24 14:50:57.596 |   File "/app/src/collectors/base.py", line 65, in get_connection
2026-07-24 14:50:57.596 |     self._conn = self.connect()
2026-07-24 14:50:57.596 |                  ^^^^^^^^^^^^^^
2026-07-24 14:50:57.596 |   File "/app/src/collectors/sqlserver.py", line 70, in connect
2026-07-24 14:50:57.596 |     conn = pymssql.connect(
2026-07-24 14:50:57.596 |            ^^^^^^^^^^^^^^^^
2026-07-24 14:50:57.596 |   File "src/pymssql/_pymssql.pyx", line 659, in pymssql._pymssql.connect
2026-07-24 14:50:57.596 | pymssql.exceptions.OperationalError: (20009, b'DB-Lib error message 20009, severity 9:\nUnable to connect: Adaptive Server is unavailable or does not exist (COSWINDE516D1)\n')
2026-07-24 14:50:57.596 | 2026-07-24 21:50:57,595 INFO 172.19.0.3 - "GET /metrics?target=hris-scl-engineering-db HTTP/1.1" 200 -
2026-07-24 14:51:01.809 | 2026-07-24 21:51:01,809 ERROR query 'size' failed for target 'hris-card-db'
2026-07-24 14:51:01.809 | Traceback (most recent call last):
2026-07-24 14:51:01.809 |   File "/app/src/collectors/base.py", line 52, in safe_collect_family
2026-07-24 14:51:01.809 |     result = builder()
2026-07-24 14:51:01.809 |              ^^^^^^^^^
2026-07-24 14:51:01.809 |   File "/app/src/collectors/postgres.py", line 94, in <lambda>
2026-07-24 14:51:01.809 |     ("size", lambda: self._size_family(cur)),
2026-07-24 14:51:01.809 |                      ^^^^^^^^^^^^^^^^^^^^^^
2026-07-24 14:51:01.809 |   File "/app/src/collectors/postgres.py", line 168, in _size_family
2026-07-24 14:51:01.809 |     cur.execute(_SIZE_SQL)
2026-07-24 14:51:01.809 |   File "/usr/local/lib/python3.12/site-packages/psycopg2/extras.py", line 146, in execute
2026-07-24 14:51:01.809 |     return super().execute(query, vars)
2026-07-24 14:51:01.809 |            ^^^^^^^^^^^^^^^^^^^^^^^^^^^^
2026-07-24 14:51:01.809 | psycopg2.errors.InsufficientPrivilege: permission denied for database rdsadmin
2026-07-24 14:51:01.809 | 
2026-07-24 14:51:01.810 | 2026-07-24 21:51:01,810 INFO 172.19.0.3 - "GET /metrics?target=hris-card-db HTTP/1.1" 200 -
2026-07-24 14:51:11.277 | 2026-07-24 21:51:11,276 ERROR query 'query_duration' failed for target 'hris-hims-db'
2026-07-24 14:51:11.277 | Traceback (most recent call last):
2026-07-24 14:51:11.277 |   File "/app/src/collectors/base.py", line 52, in safe_collect_family
2026-07-24 14:51:11.277 |     result = builder()
2026-07-24 14:51:11.277 |              ^^^^^^^^^
2026-07-24 14:51:11.277 |   File "/app/src/collectors/oracle.py", line 103, in <lambda>
2026-07-24 14:51:11.277 |     ("query_duration", lambda: self._query_duration_family(conn)),
2026-07-24 14:51:11.277 |                                ^^^^^^^^^^^^^^^^^^^^^^^^^^^^^^^^^
2026-07-24 14:51:11.277 |   File "/app/src/collectors/oracle.py", line 119, in _query_duration_family
2026-07-24 14:51:11.277 |     cur.execute(_QUERY_STATS_SQL)
2026-07-24 14:51:11.277 |   File "/usr/local/lib/python3.12/site-packages/oracledb/cursor.py", line 710, in execute
2026-07-24 14:51:11.277 |     impl.execute(self)
2026-07-24 14:51:11.277 |   File "src/oracledb/impl/thin/cursor.pyx", line 196, in oracledb.thin_impl.ThinCursorImpl.execute
2026-07-24 14:51:11.277 |   File "src/oracledb/impl/thin/protocol.pyx", line 440, in oracledb.thin_impl.Protocol._process_single_message
2026-07-24 14:51:11.277 |   File "src/oracledb/impl/thin/protocol.pyx", line 441, in oracledb.thin_impl.Protocol._process_single_message
2026-07-24 14:51:11.277 |   File "src/oracledb/impl/thin/protocol.pyx", line 433, in oracledb.thin_impl.Protocol._process_message
2026-07-24 14:51:11.277 |   File "src/oracledb/impl/thin/messages.pyx", line 74, in oracledb.thin_impl.Message._check_and_raise_exception
2026-07-24 14:51:11.277 | oracledb.exceptions.DatabaseError: ORA-00942: table or view does not exist
2026-07-24 14:51:11.277 | Help: https://docs.oracle.com/error-help/db/ora-00942/
2026-07-24 14:51:11.351 | 2026-07-24 21:51:11,351 INFO 172.19.0.3 - "GET /metrics?target=hris-hims-db HTTP/1.1" 200 -
2026-07-24 14:51:12.598 | 2026-07-24 21:51:12,598 ERROR scrape of target 'hris-scl-engineering-db' failed
2026-07-24 14:51:12.598 | Traceback (most recent call last):
2026-07-24 14:51:12.598 |   File "src/pymssql/_pymssql.pyx", line 650, in pymssql._pymssql.connect
2026-07-24 14:51:12.598 |   File "src/pymssql/_mssql.pyx", line 2158, in pymssql._mssql.connect
2026-07-24 14:51:12.598 |   File "src/pymssql/_mssql.pyx", line 712, in pymssql._mssql.MSSQLConnection.__init__
2026-07-24 14:51:12.598 |   File "src/pymssql/_mssql.pyx", line 1884, in pymssql._mssql.maybe_raise_MSSQLDatabaseException
2026-07-24 14:51:12.598 |   File "src/pymssql/_mssql.pyx", line 1901, in pymssql._mssql.raise_MSSQLDatabaseException
2026-07-24 14:51:12.598 | pymssql._mssql.MSSQLDatabaseException: (20009, b'DB-Lib error message 20009, severity 9:\nUnable to connect: Adaptive Server is unavailable or does not exist (COSWINDE516D1)\n')
2026-07-24 14:51:12.598 | 
2026-07-24 14:51:12.598 | During handling of the above exception, another exception occurred:
2026-07-24 14:51:12.598 | 
2026-07-24 14:51:12.598 | Traceback (most recent call last):
2026-07-24 14:51:12.598 |   File "/app/src/registry.py", line 74, in scrape
2026-07-24 14:51:12.598 |     families, had_partial_error = future.result(timeout=target.scrape_timeout_seconds)
2026-07-24 14:51:12.598 |                                   ^^^^^^^^^^^^^^^^^^^^^^^^^^^^^^^^^^^^^^^^^^^^^^^^^^^^
2026-07-24 14:51:12.598 |   File "/usr/local/lib/python3.12/concurrent/futures/_base.py", line 456, in result
2026-07-24 14:51:12.598 |     return self.__get_result()
2026-07-24 14:51:12.598 |            ^^^^^^^^^^^^^^^^^^^
2026-07-24 14:51:12.598 |   File "/usr/local/lib/python3.12/concurrent/futures/_base.py", line 401, in __get_result
2026-07-24 14:51:12.598 |     raise self._exception
2026-07-24 14:51:12.598 |   File "/usr/local/lib/python3.12/concurrent/futures/thread.py", line 59, in run
2026-07-24 14:51:12.598 |     result = self.fn(*self.args, **self.kwargs)
2026-07-24 14:51:12.598 |              ^^^^^^^^^^^^^^^^^^^^^^^^^^^^^^^^^^
2026-07-24 14:51:12.598 |   File "/app/src/registry.py", line 69, in _do_scrape
2026-07-24 14:51:12.598 |     conn = adapter.get_connection()
2026-07-24 14:51:12.598 |            ^^^^^^^^^^^^^^^^^^^^^^^^
2026-07-24 14:51:12.598 |   File "/app/src/collectors/base.py", line 65, in get_connection
2026-07-24 14:51:12.598 |     self._conn = self.connect()
2026-07-24 14:51:12.598 |                  ^^^^^^^^^^^^^^
2026-07-24 14:51:12.598 |   File "/app/src/collectors/sqlserver.py", line 70, in connect
2026-07-24 14:51:12.598 |     conn = pymssql.connect(
2026-07-24 14:51:12.598 |            ^^^^^^^^^^^^^^^^
2026-07-24 14:51:12.598 |   File "src/pymssql/_pymssql.pyx", line 659, in pymssql._pymssql.connect
2026-07-24 14:51:12.598 | pymssql.exceptions.OperationalError: (20009, b'DB-Lib error message 20009, severity 9:\nUnable to connect: Adaptive Server is unavailable or does not exist (COSWINDE516D1)\n')
2026-07-24 14:51:12.598 | 2026-07-24 21:51:12,598 INFO 172.19.0.3 - "GET /metrics?target=hris-scl-engineering-db HTTP/1.1" 200 -
2026-07-24 14:51:16.783 | 2026-07-24 21:51:16,783 ERROR query 'size' failed for target 'hris-card-db'
2026-07-24 14:51:16.783 | Traceback (most recent call last):
2026-07-24 14:51:16.783 |   File "/app/src/collectors/base.py", line 52, in safe_collect_family
2026-07-24 14:51:16.783 |     result = builder()
2026-07-24 14:51:16.783 |              ^^^^^^^^^
2026-07-24 14:51:16.783 |   File "/app/src/collectors/postgres.py", line 94, in <lambda>
2026-07-24 14:51:16.783 |     ("size", lambda: self._size_family(cur)),
2026-07-24 14:51:16.783 |                      ^^^^^^^^^^^^^^^^^^^^^^
2026-07-24 14:51:16.783 |   File "/app/src/collectors/postgres.py", line 168, in _size_family
2026-07-24 14:51:16.783 |     cur.execute(_SIZE_SQL)
2026-07-24 14:51:16.783 |   File "/usr/local/lib/python3.12/site-packages/psycopg2/extras.py", line 146, in execute
2026-07-24 14:51:16.783 |     return super().execute(query, vars)
2026-07-24 14:51:16.783 |            ^^^^^^^^^^^^^^^^^^^^^^^^^^^^
2026-07-24 14:51:16.784 | psycopg2.errors.InsufficientPrivilege: permission denied for database rdsadmin
2026-07-24 14:51:16.784 | 
2026-07-24 14:51:16.784 | 2026-07-24 21:51:16,783 INFO 172.19.0.3 - "GET /metrics?target=hris-card-db HTTP/1.1" 200 -
2026-07-24 14:51:16.960 | 2026-07-24 21:51:16,960 INFO 127.0.0.1 - "GET /health HTTP/1.1" 200 -
2026-07-24 14:51:26.277 | 2026-07-24 21:51:26,277 ERROR query 'query_duration' failed for target 'hris-hims-db'
2026-07-24 14:51:26.277 | Traceback (most recent call last):
2026-07-24 14:51:26.277 |   File "/app/src/collectors/base.py", line 52, in safe_collect_family
2026-07-24 14:51:26.277 |     result = builder()
2026-07-24 14:51:26.277 |              ^^^^^^^^^
2026-07-24 14:51:26.277 |   File "/app/src/collectors/oracle.py", line 103, in <lambda>
2026-07-24 14:51:26.277 |     ("query_duration", lambda: self._query_duration_family(conn)),
2026-07-24 14:51:26.277 |                                ^^^^^^^^^^^^^^^^^^^^^^^^^^^^^^^^^
2026-07-24 14:51:26.277 |   File "/app/src/collectors/oracle.py", line 119, in _query_duration_family
2026-07-24 14:51:26.277 |     cur.execute(_QUERY_STATS_SQL)
2026-07-24 14:51:26.277 |   File "/usr/local/lib/python3.12/site-packages/oracledb/cursor.py", line 710, in execute
2026-07-24 14:51:26.277 |     impl.execute(self)
2026-07-24 14:51:26.277 |   File "src/oracledb/impl/thin/cursor.pyx", line 196, in oracledb.thin_impl.ThinCursorImpl.execute
2026-07-24 14:51:26.277 |   File "src/oracledb/impl/thin/protocol.pyx", line 440, in oracledb.thin_impl.Protocol._process_single_message
2026-07-24 14:51:26.277 |   File "src/oracledb/impl/thin/protocol.pyx", line 441, in oracledb.thin_impl.Protocol._process_single_message
2026-07-24 14:51:26.277 |   File "src/oracledb/impl/thin/protocol.pyx", line 433, in oracledb.thin_impl.Protocol._process_message
2026-07-24 14:51:26.277 |   File "src/oracledb/impl/thin/messages.pyx", line 74, in oracledb.thin_impl.Message._check_and_raise_exception
2026-07-24 14:51:26.277 | oracledb.exceptions.DatabaseError: ORA-00942: table or view does not exist
2026-07-24 14:51:26.277 | Help: https://docs.oracle.com/error-help/db/ora-00942/
2026-07-24 14:51:26.353 | 2026-07-24 21:51:26,352 INFO 172.19.0.3 - "GET /metrics?target=hris-hims-db HTTP/1.1" 200 -
2026-07-24 14:51:27.596 | 2026-07-24 21:51:27,595 ERROR scrape of target 'hris-scl-engineering-db' failed
2026-07-24 14:51:27.596 | Traceback (most recent call last):
2026-07-24 14:51:27.596 |   File "src/pymssql/_pymssql.pyx", line 650, in pymssql._pymssql.connect
2026-07-24 14:51:27.596 |   File "src/pymssql/_mssql.pyx", line 2158, in pymssql._mssql.connect
2026-07-24 14:51:27.596 |   File "src/pymssql/_mssql.pyx", line 712, in pymssql._mssql.MSSQLConnection.__init__
2026-07-24 14:51:27.596 |   File "src/pymssql/_mssql.pyx", line 1884, in pymssql._mssql.maybe_raise_MSSQLDatabaseException
2026-07-24 14:51:27.596 |   File "src/pymssql/_mssql.pyx", line 1901, in pymssql._mssql.raise_MSSQLDatabaseException
2026-07-24 14:51:27.596 | pymssql._mssql.MSSQLDatabaseException: (20009, b'DB-Lib error message 20009, severity 9:\nUnable to connect: Adaptive Server is unavailable or does not exist (COSWINDE516D1)\n')
2026-07-24 14:51:27.596 | 
2026-07-24 14:51:27.596 | During handling of the above exception, another exception occurred:
2026-07-24 14:51:27.596 | 
2026-07-24 14:51:27.596 | Traceback (most recent call last):
2026-07-24 14:51:27.596 |   File "/app/src/registry.py", line 74, in scrape
2026-07-24 14:51:27.596 |     families, had_partial_error = future.result(timeout=target.scrape_timeout_seconds)
2026-07-24 14:51:27.596 |                                   ^^^^^^^^^^^^^^^^^^^^^^^^^^^^^^^^^^^^^^^^^^^^^^^^^^^^
2026-07-24 14:51:27.596 |   File "/usr/local/lib/python3.12/concurrent/futures/_base.py", line 456, in result
2026-07-24 14:51:27.596 |     return self.__get_result()
2026-07-24 14:51:27.596 |            ^^^^^^^^^^^^^^^^^^^
2026-07-24 14:51:27.596 |   File "/usr/local/lib/python3.12/concurrent/futures/_base.py", line 401, in __get_result
2026-07-24 14:51:27.596 |     raise self._exception
2026-07-24 14:51:27.596 |   File "/usr/local/lib/python3.12/concurrent/futures/thread.py", line 59, in run
2026-07-24 14:51:27.596 |     result = self.fn(*self.args, **self.kwargs)
2026-07-24 14:51:27.596 |              ^^^^^^^^^^^^^^^^^^^^^^^^^^^^^^^^^^
2026-07-24 14:51:27.596 |   File "/app/src/registry.py", line 69, in _do_scrape
2026-07-24 14:51:27.596 |     conn = adapter.get_connection()
2026-07-24 14:51:27.596 |            ^^^^^^^^^^^^^^^^^^^^^^^^
2026-07-24 14:51:27.596 |   File "/app/src/collectors/base.py", line 65, in get_connection
2026-07-24 14:51:27.596 |     self._conn = self.connect()
2026-07-24 14:51:27.596 |                  ^^^^^^^^^^^^^^
2026-07-24 14:51:27.596 |   File "/app/src/collectors/sqlserver.py", line 70, in connect
2026-07-24 14:51:27.596 |     conn = pymssql.connect(
2026-07-24 14:51:27.596 |            ^^^^^^^^^^^^^^^^
2026-07-24 14:51:27.596 |   File "src/pymssql/_pymssql.pyx", line 659, in pymssql._pymssql.connect
2026-07-24 14:51:27.596 | pymssql.exceptions.OperationalError: (20009, b'DB-Lib error message 20009, severity 9:\nUnable to connect: Adaptive Server is unavailable or does not exist (COSWINDE516D1)\n')
2026-07-24 14:51:27.596 | 2026-07-24 21:51:27,595 INFO 172.19.0.3 - "GET /metrics?target=hris-scl-engineering-db HTTP/1.1" 200 -
2026-07-24 14:51:31.782 | 2026-07-24 21:51:31,781 ERROR query 'size' failed for target 'hris-card-db'
2026-07-24 14:51:31.782 | Traceback (most recent call last):
2026-07-24 14:51:31.782 |   File "/app/src/collectors/base.py", line 52, in safe_collect_family
2026-07-24 14:51:31.782 |     result = builder()
2026-07-24 14:51:31.782 |              ^^^^^^^^^
2026-07-24 14:51:31.782 |   File "/app/src/collectors/postgres.py", line 94, in <lambda>
2026-07-24 14:51:31.782 |     ("size", lambda: self._size_family(cur)),
2026-07-24 14:51:31.782 |                      ^^^^^^^^^^^^^^^^^^^^^^
2026-07-24 14:51:31.782 |   File "/app/src/collectors/postgres.py", line 168, in _size_family
2026-07-24 14:51:31.782 |     cur.execute(_SIZE_SQL)
2026-07-24 14:51:31.782 |   File "/usr/local/lib/python3.12/site-packages/psycopg2/extras.py", line 146, in execute
2026-07-24 14:51:31.782 |     return super().execute(query, vars)
2026-07-24 14:51:31.782 |            ^^^^^^^^^^^^^^^^^^^^^^^^^^^^
2026-07-24 14:51:31.782 | psycopg2.errors.InsufficientPrivilege: permission denied for database rdsadmin
2026-07-24 14:51:31.782 | 
2026-07-24 14:51:31.782 | 2026-07-24 21:51:31,782 INFO 172.19.0.3 - "GET /metrics?target=hris-card-db HTTP/1.1" 200 -
2026-07-24 14:51:41.277 | 2026-07-24 21:51:41,276 ERROR query 'query_duration' failed for target 'hris-hims-db'
2026-07-24 14:51:41.277 | Traceback (most recent call last):
2026-07-24 14:51:41.277 |   File "/app/src/collectors/base.py", line 52, in safe_collect_family
2026-07-24 14:51:41.277 |     result = builder()
2026-07-24 14:51:41.277 |              ^^^^^^^^^
2026-07-24 14:51:41.277 |   File "/app/src/collectors/oracle.py", line 103, in <lambda>
2026-07-24 14:51:41.277 |     ("query_duration", lambda: self._query_duration_family(conn)),
2026-07-24 14:51:41.277 |                                ^^^^^^^^^^^^^^^^^^^^^^^^^^^^^^^^^
2026-07-24 14:51:41.277 |   File "/app/src/collectors/oracle.py", line 119, in _query_duration_family
2026-07-24 14:51:41.277 |     cur.execute(_QUERY_STATS_SQL)
2026-07-24 14:51:41.277 |   File "/usr/local/lib/python3.12/site-packages/oracledb/cursor.py", line 710, in execute
2026-07-24 14:51:41.277 |     impl.execute(self)
2026-07-24 14:51:41.277 |   File "src/oracledb/impl/thin/cursor.pyx", line 196, in oracledb.thin_impl.ThinCursorImpl.execute
2026-07-24 14:51:41.277 |   File "src/oracledb/impl/thin/protocol.pyx", line 440, in oracledb.thin_impl.Protocol._process_single_message
2026-07-24 14:51:41.277 |   File "src/oracledb/impl/thin/protocol.pyx", line 441, in oracledb.thin_impl.Protocol._process_single_message
2026-07-24 14:51:41.277 |   File "src/oracledb/impl/thin/protocol.pyx", line 433, in oracledb.thin_impl.Protocol._process_message
2026-07-24 14:51:41.277 |   File "src/oracledb/impl/thin/messages.pyx", line 74, in oracledb.thin_impl.Message._check_and_raise_exception
2026-07-24 14:51:41.277 | oracledb.exceptions.DatabaseError: ORA-00942: table or view does not exist
2026-07-24 14:51:41.277 | Help: https://docs.oracle.com/error-help/db/ora-00942/
2026-07-24 14:51:41.352 | 2026-07-24 21:51:41,352 INFO 172.19.0.3 - "GET /metrics?target=hris-hims-db HTTP/1.1" 200 -
2026-07-24 14:51:42.600 | 2026-07-24 21:51:42,599 ERROR scrape of target 'hris-scl-engineering-db' failed
2026-07-24 14:51:42.600 | Traceback (most recent call last):
2026-07-24 14:51:42.600 |   File "src/pymssql/_pymssql.pyx", line 650, in pymssql._pymssql.connect
2026-07-24 14:51:42.600 |   File "src/pymssql/_mssql.pyx", line 2158, in pymssql._mssql.connect
2026-07-24 14:51:42.600 |   File "src/pymssql/_mssql.pyx", line 712, in pymssql._mssql.MSSQLConnection.__init__
2026-07-24 14:51:42.600 |   File "src/pymssql/_mssql.pyx", line 1884, in pymssql._mssql.maybe_raise_MSSQLDatabaseException
2026-07-24 14:51:42.600 |   File "src/pymssql/_mssql.pyx", line 1901, in pymssql._mssql.raise_MSSQLDatabaseException
2026-07-24 14:51:42.600 | pymssql._mssql.MSSQLDatabaseException: (20009, b'DB-Lib error message 20009, severity 9:\nUnable to connect: Adaptive Server is unavailable or does not exist (COSWINDE516D1)\n')
2026-07-24 14:51:42.600 | 
2026-07-24 14:51:42.600 | During handling of the above exception, another exception occurred:
2026-07-24 14:51:42.600 | 
2026-07-24 14:51:42.600 | Traceback (most recent call last):
2026-07-24 14:51:42.600 |   File "/app/src/registry.py", line 74, in scrape
2026-07-24 14:51:42.600 |     families, had_partial_error = future.result(timeout=target.scrape_timeout_seconds)
2026-07-24 14:51:42.600 |                                   ^^^^^^^^^^^^^^^^^^^^^^^^^^^^^^^^^^^^^^^^^^^^^^^^^^^^
2026-07-24 14:51:42.600 |   File "/usr/local/lib/python3.12/concurrent/futures/_base.py", line 456, in result
2026-07-24 14:51:42.600 |     return self.__get_result()
2026-07-24 14:51:42.600 |            ^^^^^^^^^^^^^^^^^^^
2026-07-24 14:51:42.600 |   File "/usr/local/lib/python3.12/concurrent/futures/_base.py", line 401, in __get_result
2026-07-24 14:51:42.600 |     raise self._exception
2026-07-24 14:51:42.600 |   File "/usr/local/lib/python3.12/concurrent/futures/thread.py", line 59, in run
2026-07-24 14:51:42.600 |     result = self.fn(*self.args, **self.kwargs)
2026-07-24 14:51:42.600 |              ^^^^^^^^^^^^^^^^^^^^^^^^^^^^^^^^^^
2026-07-24 14:51:42.600 |   File "/app/src/registry.py", line 69, in _do_scrape
2026-07-24 14:51:42.600 |     conn = adapter.get_connection()
2026-07-24 14:51:42.600 |            ^^^^^^^^^^^^^^^^^^^^^^^^
2026-07-24 14:51:42.600 |   File "/app/src/collectors/base.py", line 65, in get_connection
2026-07-24 14:51:42.600 |     self._conn = self.connect()
2026-07-24 14:51:42.600 |                  ^^^^^^^^^^^^^^
2026-07-24 14:51:42.600 |   File "/app/src/collectors/sqlserver.py", line 70, in connect
2026-07-24 14:51:42.600 |     conn = pymssql.connect(
2026-07-24 14:51:42.600 |            ^^^^^^^^^^^^^^^^
2026-07-24 14:51:42.600 |   File "src/pymssql/_pymssql.pyx", line 659, in pymssql._pymssql.connect
2026-07-24 14:51:42.600 | pymssql.exceptions.OperationalError: (20009, b'DB-Lib error message 20009, severity 9:\nUnable to connect: Adaptive Server is unavailable or does not exist (COSWINDE516D1)\n')
2026-07-24 14:51:42.600 | 2026-07-24 21:51:42,599 INFO 172.19.0.3 - "GET /metrics?target=hris-scl-engineering-db HTTP/1.1" 200 -
2026-07-24 14:51:46.783 | 2026-07-24 21:51:46,783 ERROR query 'size' failed for target 'hris-card-db'
2026-07-24 14:51:46.783 | Traceback (most recent call last):
2026-07-24 14:51:46.783 |   File "/app/src/collectors/base.py", line 52, in safe_collect_family
2026-07-24 14:51:46.783 |     result = builder()
2026-07-24 14:51:46.783 |              ^^^^^^^^^
2026-07-24 14:51:46.783 |   File "/app/src/collectors/postgres.py", line 94, in <lambda>
2026-07-24 14:51:46.783 |     ("size", lambda: self._size_family(cur)),
2026-07-24 14:51:46.783 |                      ^^^^^^^^^^^^^^^^^^^^^^
2026-07-24 14:51:46.783 |   File "/app/src/collectors/postgres.py", line 168, in _size_family
2026-07-24 14:51:46.783 |     cur.execute(_SIZE_SQL)
2026-07-24 14:51:46.783 |   File "/usr/local/lib/python3.12/site-packages/psycopg2/extras.py", line 146, in execute
2026-07-24 14:51:46.783 |     return super().execute(query, vars)
2026-07-24 14:51:46.783 |            ^^^^^^^^^^^^^^^^^^^^^^^^^^^^
2026-07-24 14:51:46.783 | psycopg2.errors.InsufficientPrivilege: permission denied for database rdsadmin
2026-07-24 14:51:46.783 | 
2026-07-24 14:51:46.784 | 2026-07-24 21:51:46,783 INFO 172.19.0.3 - "GET /metrics?target=hris-card-db HTTP/1.1" 200 -
2026-07-24 14:51:47.072 | 2026-07-24 21:51:47,071 INFO 127.0.0.1 - "GET /health HTTP/1.1" 200 -
2026-07-24 14:51:56.281 | 2026-07-24 21:51:56,280 ERROR query 'query_duration' failed for target 'hris-hims-db'
2026-07-24 14:51:56.281 | Traceback (most recent call last):
2026-07-24 14:51:56.281 |   File "/app/src/collectors/base.py", line 52, in safe_collect_family
2026-07-24 14:51:56.281 |     result = builder()
2026-07-24 14:51:56.281 |              ^^^^^^^^^
2026-07-24 14:51:56.281 |   File "/app/src/collectors/oracle.py", line 103, in <lambda>
2026-07-24 14:51:56.281 |     ("query_duration", lambda: self._query_duration_family(conn)),
2026-07-24 14:51:56.281 |                                ^^^^^^^^^^^^^^^^^^^^^^^^^^^^^^^^^
2026-07-24 14:51:56.281 |   File "/app/src/collectors/oracle.py", line 119, in _query_duration_family
2026-07-24 14:51:56.281 |     cur.execute(_QUERY_STATS_SQL)
2026-07-24 14:51:56.281 |   File "/usr/local/lib/python3.12/site-packages/oracledb/cursor.py", line 710, in execute
2026-07-24 14:51:56.281 |     impl.execute(self)
2026-07-24 14:51:56.281 |   File "src/oracledb/impl/thin/cursor.pyx", line 196, in oracledb.thin_impl.ThinCursorImpl.execute
2026-07-24 14:51:56.281 |   File "src/oracledb/impl/thin/protocol.pyx", line 440, in oracledb.thin_impl.Protocol._process_single_message
2026-07-24 14:51:56.281 |   File "src/oracledb/impl/thin/protocol.pyx", line 441, in oracledb.thin_impl.Protocol._process_single_message
2026-07-24 14:51:56.281 |   File "src/oracledb/impl/thin/protocol.pyx", line 433, in oracledb.thin_impl.Protocol._process_message
2026-07-24 14:51:56.281 |   File "src/oracledb/impl/thin/messages.pyx", line 74, in oracledb.thin_impl.Message._check_and_raise_exception
2026-07-24 14:51:56.281 | oracledb.exceptions.DatabaseError: ORA-00942: table or view does not exist
2026-07-24 14:51:56.281 | Help: https://docs.oracle.com/error-help/db/ora-00942/
2026-07-24 14:51:56.377 | 2026-07-24 21:51:56,377 INFO 172.19.0.3 - "GET /metrics?target=hris-hims-db HTTP/1.1" 200 -
2026-07-24 14:51:57.599 | 2026-07-24 21:51:57,598 ERROR scrape of target 'hris-scl-engineering-db' failed
2026-07-24 14:51:57.599 | Traceback (most recent call last):
2026-07-24 14:51:57.599 |   File "src/pymssql/_pymssql.pyx", line 650, in pymssql._pymssql.connect
2026-07-24 14:51:57.599 |   File "src/pymssql/_mssql.pyx", line 2158, in pymssql._mssql.connect
2026-07-24 14:51:57.599 |   File "src/pymssql/_mssql.pyx", line 712, in pymssql._mssql.MSSQLConnection.__init__
2026-07-24 14:51:57.599 |   File "src/pymssql/_mssql.pyx", line 1884, in pymssql._mssql.maybe_raise_MSSQLDatabaseException
2026-07-24 14:51:57.599 |   File "src/pymssql/_mssql.pyx", line 1901, in pymssql._mssql.raise_MSSQLDatabaseException
2026-07-24 14:51:57.599 | pymssql._mssql.MSSQLDatabaseException: (20009, b'DB-Lib error message 20009, severity 9:\nUnable to connect: Adaptive Server is unavailable or does not exist (COSWINDE516D1)\n')
2026-07-24 14:51:57.599 | 
2026-07-24 14:51:57.599 | During handling of the above exception, another exception occurred:
2026-07-24 14:51:57.599 | 
2026-07-24 14:51:57.599 | Traceback (most recent call last):
2026-07-24 14:51:57.599 |   File "/app/src/registry.py", line 74, in scrape
2026-07-24 14:51:57.599 |     families, had_partial_error = future.result(timeout=target.scrape_timeout_seconds)
2026-07-24 14:51:57.599 |                                   ^^^^^^^^^^^^^^^^^^^^^^^^^^^^^^^^^^^^^^^^^^^^^^^^^^^^
2026-07-24 14:51:57.599 |   File "/usr/local/lib/python3.12/concurrent/futures/_base.py", line 456, in result
2026-07-24 14:51:57.599 |     return self.__get_result()
2026-07-24 14:51:57.599 |            ^^^^^^^^^^^^^^^^^^^
2026-07-24 14:51:57.599 |   File "/usr/local/lib/python3.12/concurrent/futures/_base.py", line 401, in __get_result
2026-07-24 14:51:57.599 |     raise self._exception
2026-07-24 14:51:57.599 |   File "/usr/local/lib/python3.12/concurrent/futures/thread.py", line 59, in run
2026-07-24 14:51:57.599 |     result = self.fn(*self.args, **self.kwargs)
2026-07-24 14:51:57.599 |              ^^^^^^^^^^^^^^^^^^^^^^^^^^^^^^^^^^
2026-07-24 14:51:57.599 |   File "/app/src/registry.py", line 69, in _do_scrape
2026-07-24 14:51:57.599 |     conn = adapter.get_connection()
2026-07-24 14:51:57.599 |            ^^^^^^^^^^^^^^^^^^^^^^^^
2026-07-24 14:51:57.599 |   File "/app/src/collectors/base.py", line 65, in get_connection
2026-07-24 14:51:57.599 |     self._conn = self.connect()
2026-07-24 14:51:57.599 |                  ^^^^^^^^^^^^^^
2026-07-24 14:51:57.599 |   File "/app/src/collectors/sqlserver.py", line 70, in connect
2026-07-24 14:51:57.599 |     conn = pymssql.connect(
2026-07-24 14:51:57.599 |            ^^^^^^^^^^^^^^^^
2026-07-24 14:51:57.599 |   File "src/pymssql/_pymssql.pyx", line 659, in pymssql._pymssql.connect
2026-07-24 14:51:57.599 | pymssql.exceptions.OperationalError: (20009, b'DB-Lib error message 20009, severity 9:\nUnable to connect: Adaptive Server is unavailable or does not exist (COSWINDE516D1)\n')
2026-07-24 14:51:57.599 | 2026-07-24 21:51:57,599 INFO 172.19.0.3 - "GET /metrics?target=hris-scl-engineering-db HTTP/1.1" 200 -
2026-07-24 14:52:01.823 | 2026-07-24 21:52:01,822 ERROR query 'size' failed for target 'hris-card-db'
2026-07-24 14:52:01.823 | Traceback (most recent call last):
2026-07-24 14:52:01.823 |   File "/app/src/collectors/base.py", line 52, in safe_collect_family
2026-07-24 14:52:01.823 |     result = builder()
2026-07-24 14:52:01.823 |              ^^^^^^^^^
2026-07-24 14:52:01.823 |   File "/app/src/collectors/postgres.py", line 94, in <lambda>
2026-07-24 14:52:01.823 |     ("size", lambda: self._size_family(cur)),
2026-07-24 14:52:01.823 |                      ^^^^^^^^^^^^^^^^^^^^^^
2026-07-24 14:52:01.823 |   File "/app/src/collectors/postgres.py", line 168, in _size_family
2026-07-24 14:52:01.823 |     cur.execute(_SIZE_SQL)
2026-07-24 14:52:01.823 |   File "/usr/local/lib/python3.12/site-packages/psycopg2/extras.py", line 146, in execute
2026-07-24 14:52:01.823 |     return super().execute(query, vars)
2026-07-24 14:52:01.823 |            ^^^^^^^^^^^^^^^^^^^^^^^^^^^^
2026-07-24 14:52:01.823 | psycopg2.errors.InsufficientPrivilege: permission denied for database rdsadmin
2026-07-24 14:52:01.823 | 
2026-07-24 14:52:01.823 | 2026-07-24 21:52:01,823 INFO 172.19.0.3 - "GET /metrics?target=hris-card-db HTTP/1.1" 200 -
2026-07-24 14:52:11.278 | 2026-07-24 21:52:11,278 ERROR query 'query_duration' failed for target 'hris-hims-db'
2026-07-24 14:52:11.278 | Traceback (most recent call last):
2026-07-24 14:52:11.278 |   File "/app/src/collectors/base.py", line 52, in safe_collect_family
2026-07-24 14:52:11.278 |     result = builder()
2026-07-24 14:52:11.278 |              ^^^^^^^^^
2026-07-24 14:52:11.278 |   File "/app/src/collectors/oracle.py", line 103, in <lambda>
2026-07-24 14:52:11.278 |     ("query_duration", lambda: self._query_duration_family(conn)),
2026-07-24 14:52:11.278 |                                ^^^^^^^^^^^^^^^^^^^^^^^^^^^^^^^^^
2026-07-24 14:52:11.278 |   File "/app/src/collectors/oracle.py", line 119, in _query_duration_family
2026-07-24 14:52:11.278 |     cur.execute(_QUERY_STATS_SQL)
2026-07-24 14:52:11.278 |   File "/usr/local/lib/python3.12/site-packages/oracledb/cursor.py", line 710, in execute
2026-07-24 14:52:11.278 |     impl.execute(self)
2026-07-24 14:52:11.278 |   File "src/oracledb/impl/thin/cursor.pyx", line 196, in oracledb.thin_impl.ThinCursorImpl.execute
2026-07-24 14:52:11.278 |   File "src/oracledb/impl/thin/protocol.pyx", line 440, in oracledb.thin_impl.Protocol._process_single_message
2026-07-24 14:52:11.279 |   File "src/oracledb/impl/thin/protocol.pyx", line 441, in oracledb.thin_impl.Protocol._process_single_message
2026-07-24 14:52:11.279 |   File "src/oracledb/impl/thin/protocol.pyx", line 433, in oracledb.thin_impl.Protocol._process_message
2026-07-24 14:52:11.279 |   File "src/oracledb/impl/thin/messages.pyx", line 74, in oracledb.thin_impl.Message._check_and_raise_exception
2026-07-24 14:52:11.279 | oracledb.exceptions.DatabaseError: ORA-00942: table or view does not exist
2026-07-24 14:52:11.279 | Help: https://docs.oracle.com/error-help/db/ora-00942/
2026-07-24 14:52:11.366 | 2026-07-24 21:52:11,366 INFO 172.19.0.3 - "GET /metrics?target=hris-hims-db HTTP/1.1" 200 -
2026-07-24 14:52:12.596 | 2026-07-24 21:52:12,595 ERROR scrape of target 'hris-scl-engineering-db' failed
2026-07-24 14:52:12.596 | Traceback (most recent call last):
2026-07-24 14:52:12.596 |   File "src/pymssql/_pymssql.pyx", line 650, in pymssql._pymssql.connect
2026-07-24 14:52:12.596 |   File "src/pymssql/_mssql.pyx", line 2158, in pymssql._mssql.connect
2026-07-24 14:52:12.596 |   File "src/pymssql/_mssql.pyx", line 712, in pymssql._mssql.MSSQLConnection.__init__
2026-07-24 14:52:12.596 |   File "src/pymssql/_mssql.pyx", line 1884, in pymssql._mssql.maybe_raise_MSSQLDatabaseException
2026-07-24 14:52:12.596 |   File "src/pymssql/_mssql.pyx", line 1901, in pymssql._mssql.raise_MSSQLDatabaseException
2026-07-24 14:52:12.596 | pymssql._mssql.MSSQLDatabaseException: (20009, b'DB-Lib error message 20009, severity 9:\nUnable to connect: Adaptive Server is unavailable or does not exist (COSWINDE516D1)\n')
2026-07-24 14:52:12.596 | 
2026-07-24 14:52:12.596 | During handling of the above exception, another exception occurred:
2026-07-24 14:52:12.596 | 
2026-07-24 14:52:12.596 | Traceback (most recent call last):
2026-07-24 14:52:12.596 |   File "/app/src/registry.py", line 74, in scrape
2026-07-24 14:52:12.596 |     families, had_partial_error = future.result(timeout=target.scrape_timeout_seconds)
2026-07-24 14:52:12.596 |                                   ^^^^^^^^^^^^^^^^^^^^^^^^^^^^^^^^^^^^^^^^^^^^^^^^^^^^
2026-07-24 14:52:12.596 |   File "/usr/local/lib/python3.12/concurrent/futures/_base.py", line 456, in result
2026-07-24 14:52:12.596 |     return self.__get_result()
2026-07-24 14:52:12.596 |            ^^^^^^^^^^^^^^^^^^^
2026-07-24 14:52:12.596 |   File "/usr/local/lib/python3.12/concurrent/futures/_base.py", line 401, in __get_result
2026-07-24 14:52:12.596 |     raise self._exception
2026-07-24 14:52:12.596 |   File "/usr/local/lib/python3.12/concurrent/futures/thread.py", line 59, in run
2026-07-24 14:52:12.596 |     result = self.fn(*self.args, **self.kwargs)
2026-07-24 14:52:12.596 |              ^^^^^^^^^^^^^^^^^^^^^^^^^^^^^^^^^^
2026-07-24 14:52:12.596 |   File "/app/src/registry.py", line 69, in _do_scrape
2026-07-24 14:52:12.596 |     conn = adapter.get_connection()
2026-07-24 14:52:12.596 |            ^^^^^^^^^^^^^^^^^^^^^^^^
2026-07-24 14:52:12.596 |   File "/app/src/collectors/base.py", line 65, in get_connection
2026-07-24 14:52:12.596 |     self._conn = self.connect()
2026-07-24 14:52:12.596 |                  ^^^^^^^^^^^^^^
2026-07-24 14:52:12.596 |   File "/app/src/collectors/sqlserver.py", line 70, in connect
2026-07-24 14:52:12.596 |     conn = pymssql.connect(
2026-07-24 14:52:12.596 |            ^^^^^^^^^^^^^^^^
2026-07-24 14:52:12.596 |   File "src/pymssql/_pymssql.pyx", line 659, in pymssql._pymssql.connect
2026-07-24 14:52:12.596 | pymssql.exceptions.OperationalError: (20009, b'DB-Lib error message 20009, severity 9:\nUnable to connect: Adaptive Server is unavailable or does not exist (COSWINDE516D1)\n')
2026-07-24 14:52:12.596 | 2026-07-24 21:52:12,596 INFO 172.19.0.3 - "GET /metrics?target=hris-scl-engineering-db HTTP/1.1" 200 -
2026-07-24 14:52:16.784 | 2026-07-24 21:52:16,784 ERROR query 'size' failed for target 'hris-card-db'
2026-07-24 14:52:16.784 | Traceback (most recent call last):
2026-07-24 14:52:16.784 |   File "/app/src/collectors/base.py", line 52, in safe_collect_family
2026-07-24 14:52:16.784 |     result = builder()
2026-07-24 14:52:16.784 |              ^^^^^^^^^
2026-07-24 14:52:16.784 |   File "/app/src/collectors/postgres.py", line 94, in <lambda>
2026-07-24 14:52:16.784 |     ("size", lambda: self._size_family(cur)),
2026-07-24 14:52:16.784 |                      ^^^^^^^^^^^^^^^^^^^^^^
2026-07-24 14:52:16.784 |   File "/app/src/collectors/postgres.py", line 168, in _size_family
2026-07-24 14:52:16.784 |     cur.execute(_SIZE_SQL)
2026-07-24 14:52:16.784 |   File "/usr/local/lib/python3.12/site-packages/psycopg2/extras.py", line 146, in execute
2026-07-24 14:52:16.784 |     return super().execute(query, vars)
2026-07-24 14:52:16.784 |            ^^^^^^^^^^^^^^^^^^^^^^^^^^^^
2026-07-24 14:52:16.784 | psycopg2.errors.InsufficientPrivilege: permission denied for database rdsadmin
2026-07-24 14:52:16.784 | 
2026-07-24 14:52:16.785 | 2026-07-24 21:52:16,784 INFO 172.19.0.3 - "GET /metrics?target=hris-card-db HTTP/1.1" 200 -
2026-07-24 14:52:17.181 | 2026-07-24 21:52:17,181 INFO 127.0.0.1 - "GET /health HTTP/1.1" 200 -
2026-07-24 14:52:26.278 | 2026-07-24 21:52:26,277 ERROR query 'query_duration' failed for target 'hris-hims-db'
2026-07-24 14:52:26.278 | Traceback (most recent call last):
2026-07-24 14:52:26.278 |   File "/app/src/collectors/base.py", line 52, in safe_collect_family
2026-07-24 14:52:26.278 |     result = builder()
2026-07-24 14:52:26.278 |              ^^^^^^^^^
2026-07-24 14:52:26.278 |   File "/app/src/collectors/oracle.py", line 103, in <lambda>
2026-07-24 14:52:26.278 |     ("query_duration", lambda: self._query_duration_family(conn)),
2026-07-24 14:52:26.278 |                                ^^^^^^^^^^^^^^^^^^^^^^^^^^^^^^^^^
2026-07-24 14:52:26.278 |   File "/app/src/collectors/oracle.py", line 119, in _query_duration_family
2026-07-24 14:52:26.278 |     cur.execute(_QUERY_STATS_SQL)
2026-07-24 14:52:26.278 |   File "/usr/local/lib/python3.12/site-packages/oracledb/cursor.py", line 710, in execute
2026-07-24 14:52:26.278 |     impl.execute(self)
2026-07-24 14:52:26.278 |   File "src/oracledb/impl/thin/cursor.pyx", line 196, in oracledb.thin_impl.ThinCursorImpl.execute
2026-07-24 14:52:26.278 |   File "src/oracledb/impl/thin/protocol.pyx", line 440, in oracledb.thin_impl.Protocol._process_single_message
2026-07-24 14:52:26.278 |   File "src/oracledb/impl/thin/protocol.pyx", line 441, in oracledb.thin_impl.Protocol._process_single_message
2026-07-24 14:52:26.278 |   File "src/oracledb/impl/thin/protocol.pyx", line 433, in oracledb.thin_impl.Protocol._process_message
2026-07-24 14:52:26.278 |   File "src/oracledb/impl/thin/messages.pyx", line 74, in oracledb.thin_impl.Message._check_and_raise_exception
2026-07-24 14:52:26.278 | oracledb.exceptions.DatabaseError: ORA-00942: table or view does not exist
2026-07-24 14:52:26.278 | Help: https://docs.oracle.com/error-help/db/ora-00942/
2026-07-24 14:52:26.360 | 2026-07-24 21:52:26,359 INFO 172.19.0.3 - "GET /metrics?target=hris-hims-db HTTP/1.1" 200 -
2026-07-24 14:52:27.598 | 2026-07-24 21:52:27,597 ERROR scrape of target 'hris-scl-engineering-db' failed
2026-07-24 14:52:27.598 | Traceback (most recent call last):
2026-07-24 14:52:27.598 |   File "src/pymssql/_pymssql.pyx", line 650, in pymssql._pymssql.connect
2026-07-24 14:52:27.598 |   File "src/pymssql/_mssql.pyx", line 2158, in pymssql._mssql.connect
2026-07-24 14:52:27.598 |   File "src/pymssql/_mssql.pyx", line 712, in pymssql._mssql.MSSQLConnection.__init__
2026-07-24 14:52:27.598 |   File "src/pymssql/_mssql.pyx", line 1884, in pymssql._mssql.maybe_raise_MSSQLDatabaseException
2026-07-24 14:52:27.598 |   File "src/pymssql/_mssql.pyx", line 1901, in pymssql._mssql.raise_MSSQLDatabaseException
2026-07-24 14:52:27.598 | pymssql._mssql.MSSQLDatabaseException: (20009, b'DB-Lib error message 20009, severity 9:\nUnable to connect: Adaptive Server is unavailable or does not exist (COSWINDE516D1)\n')
2026-07-24 14:52:27.598 | 
2026-07-24 14:52:27.598 | During handling of the above exception, another exception occurred:
2026-07-24 14:52:27.598 | 
2026-07-24 14:52:27.598 | Traceback (most recent call last):
2026-07-24 14:52:27.598 |   File "/app/src/registry.py", line 74, in scrape
2026-07-24 14:52:27.598 |     families, had_partial_error = future.result(timeout=target.scrape_timeout_seconds)
2026-07-24 14:52:27.598 |                                   ^^^^^^^^^^^^^^^^^^^^^^^^^^^^^^^^^^^^^^^^^^^^^^^^^^^^
2026-07-24 14:52:27.598 |   File "/usr/local/lib/python3.12/concurrent/futures/_base.py", line 456, in result
2026-07-24 14:52:27.598 |     return self.__get_result()
2026-07-24 14:52:27.598 |            ^^^^^^^^^^^^^^^^^^^
2026-07-24 14:52:27.598 |   File "/usr/local/lib/python3.12/concurrent/futures/_base.py", line 401, in __get_result
2026-07-24 14:52:27.598 |     raise self._exception
2026-07-24 14:52:27.598 |   File "/usr/local/lib/python3.12/concurrent/futures/thread.py", line 59, in run
2026-07-24 14:52:27.598 |     result = self.fn(*self.args, **self.kwargs)
2026-07-24 14:52:27.598 |              ^^^^^^^^^^^^^^^^^^^^^^^^^^^^^^^^^^
2026-07-24 14:52:27.598 |   File "/app/src/registry.py", line 69, in _do_scrape
2026-07-24 14:52:27.598 |     conn = adapter.get_connection()
2026-07-24 14:52:27.598 |            ^^^^^^^^^^^^^^^^^^^^^^^^
2026-07-24 14:52:27.598 |   File "/app/src/collectors/base.py", line 65, in get_connection
2026-07-24 14:52:27.598 |     self._conn = self.connect()
2026-07-24 14:52:27.598 |                  ^^^^^^^^^^^^^^
2026-07-24 14:52:27.598 |   File "/app/src/collectors/sqlserver.py", line 70, in connect
2026-07-24 14:52:27.598 |     conn = pymssql.connect(
2026-07-24 14:52:27.598 |            ^^^^^^^^^^^^^^^^
2026-07-24 14:52:27.598 |   File "src/pymssql/_pymssql.pyx", line 659, in pymssql._pymssql.connect
2026-07-24 14:52:27.598 | pymssql.exceptions.OperationalError: (20009, b'DB-Lib error message 20009, severity 9:\nUnable to connect: Adaptive Server is unavailable or does not exist (COSWINDE516D1)\n')
2026-07-24 14:52:27.598 | 2026-07-24 21:52:27,598 INFO 172.19.0.3 - "GET /metrics?target=hris-scl-engineering-db HTTP/1.1" 200 -
2026-07-24 14:52:31.782 | 2026-07-24 21:52:31,781 ERROR query 'size' failed for target 'hris-card-db'
2026-07-24 14:52:31.782 | Traceback (most recent call last):
2026-07-24 14:52:31.782 |   File "/app/src/collectors/base.py", line 52, in safe_collect_family
2026-07-24 14:52:31.782 |     result = builder()
2026-07-24 14:52:31.782 |              ^^^^^^^^^
2026-07-24 14:52:31.782 |   File "/app/src/collectors/postgres.py", line 94, in <lambda>
2026-07-24 14:52:31.782 |     ("size", lambda: self._size_family(cur)),
2026-07-24 14:52:31.782 |                      ^^^^^^^^^^^^^^^^^^^^^^
2026-07-24 14:52:31.782 |   File "/app/src/collectors/postgres.py", line 168, in _size_family
2026-07-24 14:52:31.782 |     cur.execute(_SIZE_SQL)
2026-07-24 14:52:31.782 |   File "/usr/local/lib/python3.12/site-packages/psycopg2/extras.py", line 146, in execute
2026-07-24 14:52:31.782 |     return super().execute(query, vars)
2026-07-24 14:52:31.782 |            ^^^^^^^^^^^^^^^^^^^^^^^^^^^^
2026-07-24 14:52:31.782 | psycopg2.errors.InsufficientPrivilege: permission denied for database rdsadmin
2026-07-24 14:52:31.782 | 
2026-07-24 14:52:31.782 | 2026-07-24 21:52:31,782 INFO 172.19.0.3 - "GET /metrics?target=hris-card-db HTTP/1.1" 200 -
2026-07-24 14:52:41.277 | 2026-07-24 21:52:41,277 ERROR query 'query_duration' failed for target 'hris-hims-db'
2026-07-24 14:52:41.277 | Traceback (most recent call last):
2026-07-24 14:52:41.277 |   File "/app/src/collectors/base.py", line 52, in safe_collect_family
2026-07-24 14:52:41.277 |     result = builder()
2026-07-24 14:52:41.277 |              ^^^^^^^^^
2026-07-24 14:52:41.277 |   File "/app/src/collectors/oracle.py", line 103, in <lambda>
2026-07-24 14:52:41.277 |     ("query_duration", lambda: self._query_duration_family(conn)),
2026-07-24 14:52:41.277 |                                ^^^^^^^^^^^^^^^^^^^^^^^^^^^^^^^^^
2026-07-24 14:52:41.277 |   File "/app/src/collectors/oracle.py", line 119, in _query_duration_family
2026-07-24 14:52:41.277 |     cur.execute(_QUERY_STATS_SQL)
2026-07-24 14:52:41.277 |   File "/usr/local/lib/python3.12/site-packages/oracledb/cursor.py", line 710, in execute
2026-07-24 14:52:41.277 |     impl.execute(self)
2026-07-24 14:52:41.277 |   File "src/oracledb/impl/thin/cursor.pyx", line 196, in oracledb.thin_impl.ThinCursorImpl.execute
2026-07-24 14:52:41.277 |   File "src/oracledb/impl/thin/protocol.pyx", line 440, in oracledb.thin_impl.Protocol._process_single_message
2026-07-24 14:52:41.277 |   File "src/oracledb/impl/thin/protocol.pyx", line 441, in oracledb.thin_impl.Protocol._process_single_message
2026-07-24 14:52:41.277 |   File "src/oracledb/impl/thin/protocol.pyx", line 433, in oracledb.thin_impl.Protocol._process_message
2026-07-24 14:52:41.277 |   File "src/oracledb/impl/thin/messages.pyx", line 74, in oracledb.thin_impl.Message._check_and_raise_exception
2026-07-24 14:52:41.277 | oracledb.exceptions.DatabaseError: ORA-00942: table or view does not exist
2026-07-24 14:52:41.277 | Help: https://docs.oracle.com/error-help/db/ora-00942/
2026-07-24 14:52:41.352 | 2026-07-24 21:52:41,352 INFO 172.19.0.3 - "GET /metrics?target=hris-hims-db HTTP/1.1" 200 -
2026-07-24 14:52:42.579 | 2026-07-24 21:52:42,578 ERROR scrape of target 'hris-scl-engineering-db' failed
2026-07-24 14:52:42.579 | Traceback (most recent call last):
2026-07-24 14:52:42.579 |   File "src/pymssql/_pymssql.pyx", line 650, in pymssql._pymssql.connect
2026-07-24 14:52:42.579 |   File "src/pymssql/_mssql.pyx", line 2158, in pymssql._mssql.connect
2026-07-24 14:52:42.579 |   File "src/pymssql/_mssql.pyx", line 712, in pymssql._mssql.MSSQLConnection.__init__
2026-07-24 14:52:42.579 |   File "src/pymssql/_mssql.pyx", line 1884, in pymssql._mssql.maybe_raise_MSSQLDatabaseException
2026-07-24 14:52:42.579 |   File "src/pymssql/_mssql.pyx", line 1901, in pymssql._mssql.raise_MSSQLDatabaseException
2026-07-24 14:52:42.579 | pymssql._mssql.MSSQLDatabaseException: (20009, b'DB-Lib error message 20009, severity 9:\nUnable to connect: Adaptive Server is unavailable or does not exist (COSWINDE516D1)\n')
2026-07-24 14:52:42.579 | 
2026-07-24 14:52:42.579 | During handling of the above exception, another exception occurred:
2026-07-24 14:52:42.579 | 
2026-07-24 14:52:42.579 | Traceback (most recent call last):
2026-07-24 14:52:42.579 |   File "/app/src/registry.py", line 74, in scrape
2026-07-24 14:52:42.579 |     families, had_partial_error = future.result(timeout=target.scrape_timeout_seconds)
2026-07-24 14:52:42.579 |                                   ^^^^^^^^^^^^^^^^^^^^^^^^^^^^^^^^^^^^^^^^^^^^^^^^^^^^
2026-07-24 14:52:42.579 |   File "/usr/local/lib/python3.12/concurrent/futures/_base.py", line 456, in result
2026-07-24 14:52:42.579 |     return self.__get_result()
2026-07-24 14:52:42.579 |            ^^^^^^^^^^^^^^^^^^^
2026-07-24 14:52:42.579 |   File "/usr/local/lib/python3.12/concurrent/futures/_base.py", line 401, in __get_result
2026-07-24 14:52:42.579 |     raise self._exception
2026-07-24 14:52:42.579 |   File "/usr/local/lib/python3.12/concurrent/futures/thread.py", line 59, in run
2026-07-24 14:52:42.579 |     result = self.fn(*self.args, **self.kwargs)
2026-07-24 14:52:42.579 |              ^^^^^^^^^^^^^^^^^^^^^^^^^^^^^^^^^^
2026-07-24 14:52:42.579 |   File "/app/src/registry.py", line 69, in _do_scrape
2026-07-24 14:52:42.579 |     conn = adapter.get_connection()
2026-07-24 14:52:42.579 |            ^^^^^^^^^^^^^^^^^^^^^^^^
2026-07-24 14:52:42.579 |   File "/app/src/collectors/base.py", line 65, in get_connection
2026-07-24 14:52:42.579 |     self._conn = self.connect()
2026-07-24 14:52:42.579 |                  ^^^^^^^^^^^^^^
2026-07-24 14:52:42.579 |   File "/app/src/collectors/sqlserver.py", line 70, in connect
2026-07-24 14:52:42.579 |     conn = pymssql.connect(
2026-07-24 14:52:42.579 |            ^^^^^^^^^^^^^^^^
2026-07-24 14:52:42.579 |   File "src/pymssql/_pymssql.pyx", line 659, in pymssql._pymssql.connect
2026-07-24 14:52:42.579 | pymssql.exceptions.OperationalError: (20009, b'DB-Lib error message 20009, severity 9:\nUnable to connect: Adaptive Server is unavailable or does not exist (COSWINDE516D1)\n')
2026-07-24 14:52:42.579 | 2026-07-24 21:52:42,579 INFO 172.19.0.3 - "GET /metrics?target=hris-scl-engineering-db HTTP/1.1" 200 -
2026-07-24 14:52:46.782 | 2026-07-24 21:52:46,781 ERROR query 'size' failed for target 'hris-card-db'
2026-07-24 14:52:46.782 | Traceback (most recent call last):
2026-07-24 14:52:46.782 |   File "/app/src/collectors/base.py", line 52, in safe_collect_family
2026-07-24 14:52:46.782 |     result = builder()
2026-07-24 14:52:46.782 |              ^^^^^^^^^
2026-07-24 14:52:46.782 |   File "/app/src/collectors/postgres.py", line 94, in <lambda>
2026-07-24 14:52:46.782 |     ("size", lambda: self._size_family(cur)),
2026-07-24 14:52:46.782 |                      ^^^^^^^^^^^^^^^^^^^^^^
2026-07-24 14:52:46.782 |   File "/app/src/collectors/postgres.py", line 168, in _size_family
2026-07-24 14:52:46.782 |     cur.execute(_SIZE_SQL)
2026-07-24 14:52:46.782 |   File "/usr/local/lib/python3.12/site-packages/psycopg2/extras.py", line 146, in execute
2026-07-24 14:52:46.782 |     return super().execute(query, vars)
2026-07-24 14:52:46.782 |            ^^^^^^^^^^^^^^^^^^^^^^^^^^^^
2026-07-24 14:52:46.782 | psycopg2.errors.InsufficientPrivilege: permission denied for database rdsadmin
2026-07-24 14:52:46.782 | 
2026-07-24 14:52:46.782 | 2026-07-24 21:52:46,782 INFO 172.19.0.3 - "GET /metrics?target=hris-card-db HTTP/1.1" 200 -
2026-07-24 14:52:47.297 | 2026-07-24 21:52:47,296 INFO 127.0.0.1 - "GET /health HTTP/1.1" 200 -
2026-07-24 14:52:56.277 | 2026-07-24 21:52:56,276 ERROR query 'query_duration' failed for target 'hris-hims-db'
2026-07-24 14:52:56.277 | Traceback (most recent call last):
2026-07-24 14:52:56.277 |   File "/app/src/collectors/base.py", line 52, in safe_collect_family
2026-07-24 14:52:56.277 |     result = builder()
2026-07-24 14:52:56.277 |              ^^^^^^^^^
2026-07-24 14:52:56.277 |   File "/app/src/collectors/oracle.py", line 103, in <lambda>
2026-07-24 14:52:56.277 |     ("query_duration", lambda: self._query_duration_family(conn)),
2026-07-24 14:52:56.277 |                                ^^^^^^^^^^^^^^^^^^^^^^^^^^^^^^^^^
2026-07-24 14:52:56.277 |   File "/app/src/collectors/oracle.py", line 119, in _query_duration_family
2026-07-24 14:52:56.277 |     cur.execute(_QUERY_STATS_SQL)
2026-07-24 14:52:56.277 |   File "/usr/local/lib/python3.12/site-packages/oracledb/cursor.py", line 710, in execute
2026-07-24 14:52:56.277 |     impl.execute(self)
2026-07-24 14:52:56.277 |   File "src/oracledb/impl/thin/cursor.pyx", line 196, in oracledb.thin_impl.ThinCursorImpl.execute
2026-07-24 14:52:56.277 |   File "src/oracledb/impl/thin/protocol.pyx", line 440, in oracledb.thin_impl.Protocol._process_single_message
2026-07-24 14:52:56.277 |   File "src/oracledb/impl/thin/protocol.pyx", line 441, in oracledb.thin_impl.Protocol._process_single_message
2026-07-24 14:52:56.277 |   File "src/oracledb/impl/thin/protocol.pyx", line 433, in oracledb.thin_impl.Protocol._process_message
2026-07-24 14:52:56.277 |   File "src/oracledb/impl/thin/messages.pyx", line 74, in oracledb.thin_impl.Message._check_and_raise_exception
2026-07-24 14:52:56.277 | oracledb.exceptions.DatabaseError: ORA-00942: table or view does not exist
2026-07-24 14:52:56.277 | Help: https://docs.oracle.com/error-help/db/ora-00942/
2026-07-24 14:52:56.352 | 2026-07-24 21:52:56,352 INFO 172.19.0.3 - "GET /metrics?target=hris-hims-db HTTP/1.1" 200 -
2026-07-24 14:52:57.597 | 2026-07-24 21:52:57,596 ERROR scrape of target 'hris-scl-engineering-db' failed
2026-07-24 14:52:57.597 | Traceback (most recent call last):
2026-07-24 14:52:57.597 |   File "src/pymssql/_pymssql.pyx", line 650, in pymssql._pymssql.connect
2026-07-24 14:52:57.597 |   File "src/pymssql/_mssql.pyx", line 2158, in pymssql._mssql.connect
2026-07-24 14:52:57.597 |   File "src/pymssql/_mssql.pyx", line 712, in pymssql._mssql.MSSQLConnection.__init__
2026-07-24 14:52:57.597 |   File "src/pymssql/_mssql.pyx", line 1884, in pymssql._mssql.maybe_raise_MSSQLDatabaseException
2026-07-24 14:52:57.597 |   File "src/pymssql/_mssql.pyx", line 1901, in pymssql._mssql.raise_MSSQLDatabaseException
2026-07-24 14:52:57.597 | pymssql._mssql.MSSQLDatabaseException: (20009, b'DB-Lib error message 20009, severity 9:\nUnable to connect: Adaptive Server is unavailable or does not exist (COSWINDE516D1)\n')
2026-07-24 14:52:57.597 | 
2026-07-24 14:52:57.597 | During handling of the above exception, another exception occurred:
2026-07-24 14:52:57.597 | 
2026-07-24 14:52:57.597 | Traceback (most recent call last):
2026-07-24 14:52:57.597 |   File "/app/src/registry.py", line 74, in scrape
2026-07-24 14:52:57.597 |     families, had_partial_error = future.result(timeout=target.scrape_timeout_seconds)
2026-07-24 14:52:57.597 |                                   ^^^^^^^^^^^^^^^^^^^^^^^^^^^^^^^^^^^^^^^^^^^^^^^^^^^^
2026-07-24 14:52:57.597 |   File "/usr/local/lib/python3.12/concurrent/futures/_base.py", line 456, in result
2026-07-24 14:52:57.597 |     return self.__get_result()
2026-07-24 14:52:57.597 |            ^^^^^^^^^^^^^^^^^^^
2026-07-24 14:52:57.597 |   File "/usr/local/lib/python3.12/concurrent/futures/_base.py", line 401, in __get_result
2026-07-24 14:52:57.597 |     raise self._exception
2026-07-24 14:52:57.597 |   File "/usr/local/lib/python3.12/concurrent/futures/thread.py", line 59, in run
2026-07-24 14:52:57.597 |     result = self.fn(*self.args, **self.kwargs)
2026-07-24 14:52:57.597 |              ^^^^^^^^^^^^^^^^^^^^^^^^^^^^^^^^^^
2026-07-24 14:52:57.597 |   File "/app/src/registry.py", line 69, in _do_scrape
2026-07-24 14:52:57.597 |     conn = adapter.get_connection()
2026-07-24 14:52:57.597 |            ^^^^^^^^^^^^^^^^^^^^^^^^
2026-07-24 14:52:57.597 |   File "/app/src/collectors/base.py", line 65, in get_connection
2026-07-24 14:52:57.597 |     self._conn = self.connect()
2026-07-24 14:52:57.597 |                  ^^^^^^^^^^^^^^
2026-07-24 14:52:57.597 |   File "/app/src/collectors/sqlserver.py", line 70, in connect
2026-07-24 14:52:57.597 |     conn = pymssql.connect(
2026-07-24 14:52:57.597 |            ^^^^^^^^^^^^^^^^
2026-07-24 14:52:57.597 |   File "src/pymssql/_pymssql.pyx", line 659, in pymssql._pymssql.connect
2026-07-24 14:52:57.597 | pymssql.exceptions.OperationalError: (20009, b'DB-Lib error message 20009, severity 9:\nUnable to connect: Adaptive Server is unavailable or does not exist (COSWINDE516D1)\n')
2026-07-24 14:52:57.597 | 2026-07-24 21:52:57,597 INFO 172.19.0.3 - "GET /metrics?target=hris-scl-engineering-db HTTP/1.1" 200 -
2026-07-24 14:53:01.809 | 2026-07-24 21:53:01,808 ERROR query 'size' failed for target 'hris-card-db'
2026-07-24 14:53:01.809 | Traceback (most recent call last):
2026-07-24 14:53:01.809 |   File "/app/src/collectors/base.py", line 52, in safe_collect_family
2026-07-24 14:53:01.809 |     result = builder()
2026-07-24 14:53:01.809 |              ^^^^^^^^^
2026-07-24 14:53:01.809 |   File "/app/src/collectors/postgres.py", line 94, in <lambda>
2026-07-24 14:53:01.809 |     ("size", lambda: self._size_family(cur)),
2026-07-24 14:53:01.809 |                      ^^^^^^^^^^^^^^^^^^^^^^
2026-07-24 14:53:01.809 |   File "/app/src/collectors/postgres.py", line 168, in _size_family
2026-07-24 14:53:01.809 |     cur.execute(_SIZE_SQL)
2026-07-24 14:53:01.809 |   File "/usr/local/lib/python3.12/site-packages/psycopg2/extras.py", line 146, in execute
2026-07-24 14:53:01.809 |     return super().execute(query, vars)
2026-07-24 14:53:01.809 |            ^^^^^^^^^^^^^^^^^^^^^^^^^^^^
2026-07-24 14:53:01.809 | psycopg2.errors.InsufficientPrivilege: permission denied for database rdsadmin
2026-07-24 14:53:01.809 | 
2026-07-24 14:53:01.809 | 2026-07-24 21:53:01,809 INFO 172.19.0.3 - "GET /metrics?target=hris-card-db HTTP/1.1" 200 -
2026-07-24 14:53:11.275 | 2026-07-24 21:53:11,275 ERROR query 'query_duration' failed for target 'hris-hims-db'
2026-07-24 14:53:11.275 | Traceback (most recent call last):
2026-07-24 14:53:11.275 |   File "/app/src/collectors/base.py", line 52, in safe_collect_family
2026-07-24 14:53:11.275 |     result = builder()
2026-07-24 14:53:11.275 |              ^^^^^^^^^
2026-07-24 14:53:11.275 |   File "/app/src/collectors/oracle.py", line 103, in <lambda>
2026-07-24 14:53:11.275 |     ("query_duration", lambda: self._query_duration_family(conn)),
2026-07-24 14:53:11.275 |                                ^^^^^^^^^^^^^^^^^^^^^^^^^^^^^^^^^
2026-07-24 14:53:11.275 |   File "/app/src/collectors/oracle.py", line 119, in _query_duration_family
2026-07-24 14:53:11.275 |     cur.execute(_QUERY_STATS_SQL)
2026-07-24 14:53:11.275 |   File "/usr/local/lib/python3.12/site-packages/oracledb/cursor.py", line 710, in execute
2026-07-24 14:53:11.275 |     impl.execute(self)
2026-07-24 14:53:11.275 |   File "src/oracledb/impl/thin/cursor.pyx", line 196, in oracledb.thin_impl.ThinCursorImpl.execute
2026-07-24 14:53:11.275 |   File "src/oracledb/impl/thin/protocol.pyx", line 440, in oracledb.thin_impl.Protocol._process_single_message
2026-07-24 14:53:11.275 |   File "src/oracledb/impl/thin/protocol.pyx", line 441, in oracledb.thin_impl.Protocol._process_single_message
2026-07-24 14:53:11.275 |   File "src/oracledb/impl/thin/protocol.pyx", line 433, in oracledb.thin_impl.Protocol._process_message
2026-07-24 14:53:11.275 |   File "src/oracledb/impl/thin/messages.pyx", line 74, in oracledb.thin_impl.Message._check_and_raise_exception
2026-07-24 14:53:11.275 | oracledb.exceptions.DatabaseError: ORA-00942: table or view does not exist
2026-07-24 14:53:11.275 | Help: https://docs.oracle.com/error-help/db/ora-00942/
2026-07-24 14:53:11.349 | 2026-07-24 21:53:11,349 INFO 172.19.0.3 - "GET /metrics?target=hris-hims-db HTTP/1.1" 200 -
2026-07-24 14:53:12.598 | 2026-07-24 21:53:12,597 ERROR scrape of target 'hris-scl-engineering-db' failed
2026-07-24 14:53:12.598 | Traceback (most recent call last):
2026-07-24 14:53:12.598 |   File "src/pymssql/_pymssql.pyx", line 650, in pymssql._pymssql.connect
2026-07-24 14:53:12.598 |   File "src/pymssql/_mssql.pyx", line 2158, in pymssql._mssql.connect
2026-07-24 14:53:12.598 |   File "src/pymssql/_mssql.pyx", line 712, in pymssql._mssql.MSSQLConnection.__init__
2026-07-24 14:53:12.598 |   File "src/pymssql/_mssql.pyx", line 1884, in pymssql._mssql.maybe_raise_MSSQLDatabaseException
2026-07-24 14:53:12.598 |   File "src/pymssql/_mssql.pyx", line 1901, in pymssql._mssql.raise_MSSQLDatabaseException
2026-07-24 14:53:12.598 | pymssql._mssql.MSSQLDatabaseException: (20009, b'DB-Lib error message 20009, severity 9:\nUnable to connect: Adaptive Server is unavailable or does not exist (COSWINDE516D1)\n')
2026-07-24 14:53:12.598 | 
2026-07-24 14:53:12.598 | During handling of the above exception, another exception occurred:
2026-07-24 14:53:12.598 | 
2026-07-24 14:53:12.598 | Traceback (most recent call last):
2026-07-24 14:53:12.598 |   File "/app/src/registry.py", line 74, in scrape
2026-07-24 14:53:12.598 |     families, had_partial_error = future.result(timeout=target.scrape_timeout_seconds)
2026-07-24 14:53:12.598 |                                   ^^^^^^^^^^^^^^^^^^^^^^^^^^^^^^^^^^^^^^^^^^^^^^^^^^^^
2026-07-24 14:53:12.598 |   File "/usr/local/lib/python3.12/concurrent/futures/_base.py", line 456, in result
2026-07-24 14:53:12.598 |     return self.__get_result()
2026-07-24 14:53:12.598 |            ^^^^^^^^^^^^^^^^^^^
2026-07-24 14:53:12.598 |   File "/usr/local/lib/python3.12/concurrent/futures/_base.py", line 401, in __get_result
2026-07-24 14:53:12.598 |     raise self._exception
2026-07-24 14:53:12.598 |   File "/usr/local/lib/python3.12/concurrent/futures/thread.py", line 59, in run
2026-07-24 14:53:12.598 |     result = self.fn(*self.args, **self.kwargs)
2026-07-24 14:53:12.598 |              ^^^^^^^^^^^^^^^^^^^^^^^^^^^^^^^^^^
2026-07-24 14:53:12.598 |   File "/app/src/registry.py", line 69, in _do_scrape
2026-07-24 14:53:12.598 |     conn = adapter.get_connection()
2026-07-24 14:53:12.598 |            ^^^^^^^^^^^^^^^^^^^^^^^^
2026-07-24 14:53:12.598 |   File "/app/src/collectors/base.py", line 65, in get_connection
2026-07-24 14:53:12.598 |     self._conn = self.connect()
2026-07-24 14:53:12.598 |                  ^^^^^^^^^^^^^^
2026-07-24 14:53:12.598 |   File "/app/src/collectors/sqlserver.py", line 70, in connect
2026-07-24 14:53:12.598 |     conn = pymssql.connect(
2026-07-24 14:53:12.598 |            ^^^^^^^^^^^^^^^^
2026-07-24 14:53:12.598 |   File "src/pymssql/_pymssql.pyx", line 659, in pymssql._pymssql.connect
2026-07-24 14:53:12.598 | pymssql.exceptions.OperationalError: (20009, b'DB-Lib error message 20009, severity 9:\nUnable to connect: Adaptive Server is unavailable or does not exist (COSWINDE516D1)\n')
2026-07-24 14:53:12.598 | 2026-07-24 21:53:12,598 INFO 172.19.0.3 - "GET /metrics?target=hris-scl-engineering-db HTTP/1.1" 200 -
2026-07-24 14:53:16.782 | 2026-07-24 21:53:16,782 ERROR query 'size' failed for target 'hris-card-db'
2026-07-24 14:53:16.782 | Traceback (most recent call last):
2026-07-24 14:53:16.782 |   File "/app/src/collectors/base.py", line 52, in safe_collect_family
2026-07-24 14:53:16.782 |     result = builder()
2026-07-24 14:53:16.782 |              ^^^^^^^^^
2026-07-24 14:53:16.782 |   File "/app/src/collectors/postgres.py", line 94, in <lambda>
2026-07-24 14:53:16.782 |     ("size", lambda: self._size_family(cur)),
2026-07-24 14:53:16.782 |                      ^^^^^^^^^^^^^^^^^^^^^^
2026-07-24 14:53:16.782 |   File "/app/src/collectors/postgres.py", line 168, in _size_family
2026-07-24 14:53:16.782 |     cur.execute(_SIZE_SQL)
2026-07-24 14:53:16.782 |   File "/usr/local/lib/python3.12/site-packages/psycopg2/extras.py", line 146, in execute
2026-07-24 14:53:16.782 |     return super().execute(query, vars)
2026-07-24 14:53:16.782 |            ^^^^^^^^^^^^^^^^^^^^^^^^^^^^
2026-07-24 14:53:16.782 | psycopg2.errors.InsufficientPrivilege: permission denied for database rdsadmin
2026-07-24 14:53:16.782 | 
2026-07-24 14:53:16.783 | 2026-07-24 21:53:16,782 INFO 172.19.0.3 - "GET /metrics?target=hris-card-db HTTP/1.1" 200 -
2026-07-24 14:53:17.411 | 2026-07-24 21:53:17,411 INFO 127.0.0.1 - "GET /health HTTP/1.1" 200 -
2026-07-24 14:53:26.276 | 2026-07-24 21:53:26,276 ERROR query 'query_duration' failed for target 'hris-hims-db'
2026-07-24 14:53:26.276 | Traceback (most recent call last):
2026-07-24 14:53:26.276 |   File "/app/src/collectors/base.py", line 52, in safe_collect_family
2026-07-24 14:53:26.276 |     result = builder()
2026-07-24 14:53:26.276 |              ^^^^^^^^^
2026-07-24 14:53:26.276 |   File "/app/src/collectors/oracle.py", line 103, in <lambda>
2026-07-24 14:53:26.276 |     ("query_duration", lambda: self._query_duration_family(conn)),
2026-07-24 14:53:26.276 |                                ^^^^^^^^^^^^^^^^^^^^^^^^^^^^^^^^^
2026-07-24 14:53:26.276 |   File "/app/src/collectors/oracle.py", line 119, in _query_duration_family
2026-07-24 14:53:26.276 |     cur.execute(_QUERY_STATS_SQL)
2026-07-24 14:53:26.276 |   File "/usr/local/lib/python3.12/site-packages/oracledb/cursor.py", line 710, in execute
2026-07-24 14:53:26.276 |     impl.execute(self)
2026-07-24 14:53:26.276 |   File "src/oracledb/impl/thin/cursor.pyx", line 196, in oracledb.thin_impl.ThinCursorImpl.execute
2026-07-24 14:53:26.276 |   File "src/oracledb/impl/thin/protocol.pyx", line 440, in oracledb.thin_impl.Protocol._process_single_message
2026-07-24 14:53:26.276 |   File "src/oracledb/impl/thin/protocol.pyx", line 441, in oracledb.thin_impl.Protocol._process_single_message
2026-07-24 14:53:26.276 |   File "src/oracledb/impl/thin/protocol.pyx", line 433, in oracledb.thin_impl.Protocol._process_message
2026-07-24 14:53:26.276 |   File "src/oracledb/impl/thin/messages.pyx", line 74, in oracledb.thin_impl.Message._check_and_raise_exception
2026-07-24 14:53:26.276 | oracledb.exceptions.DatabaseError: ORA-00942: table or view does not exist
2026-07-24 14:53:26.276 | Help: https://docs.oracle.com/error-help/db/ora-00942/
2026-07-24 14:53:26.346 | 2026-07-24 21:53:26,346 INFO 172.19.0.3 - "GET /metrics?target=hris-hims-db HTTP/1.1" 200 -
2026-07-24 14:53:27.598 | 2026-07-24 21:53:27,598 ERROR scrape of target 'hris-scl-engineering-db' failed
2026-07-24 14:53:27.598 | Traceback (most recent call last):
2026-07-24 14:53:27.598 |   File "src/pymssql/_pymssql.pyx", line 650, in pymssql._pymssql.connect
2026-07-24 14:53:27.598 |   File "src/pymssql/_mssql.pyx", line 2158, in pymssql._mssql.connect
2026-07-24 14:53:27.599 |   File "src/pymssql/_mssql.pyx", line 712, in pymssql._mssql.MSSQLConnection.__init__
2026-07-24 14:53:27.599 |   File "src/pymssql/_mssql.pyx", line 1884, in pymssql._mssql.maybe_raise_MSSQLDatabaseException
2026-07-24 14:53:27.599 |   File "src/pymssql/_mssql.pyx", line 1901, in pymssql._mssql.raise_MSSQLDatabaseException
2026-07-24 14:53:27.599 | pymssql._mssql.MSSQLDatabaseException: (20009, b'DB-Lib error message 20009, severity 9:\nUnable to connect: Adaptive Server is unavailable or does not exist (COSWINDE516D1)\n')
2026-07-24 14:53:27.599 | 
2026-07-24 14:53:27.599 | During handling of the above exception, another exception occurred:
2026-07-24 14:53:27.599 | 
2026-07-24 14:53:27.599 | Traceback (most recent call last):
2026-07-24 14:53:27.599 |   File "/app/src/registry.py", line 74, in scrape
2026-07-24 14:53:27.599 |     families, had_partial_error = future.result(timeout=target.scrape_timeout_seconds)
2026-07-24 14:53:27.599 |                                   ^^^^^^^^^^^^^^^^^^^^^^^^^^^^^^^^^^^^^^^^^^^^^^^^^^^^
2026-07-24 14:53:27.599 |   File "/usr/local/lib/python3.12/concurrent/futures/_base.py", line 456, in result
2026-07-24 14:53:27.599 |     return self.__get_result()
2026-07-24 14:53:27.599 |            ^^^^^^^^^^^^^^^^^^^
2026-07-24 14:53:27.599 |   File "/usr/local/lib/python3.12/concurrent/futures/_base.py", line 401, in __get_result
2026-07-24 14:53:27.599 |     raise self._exception
2026-07-24 14:53:27.599 |   File "/usr/local/lib/python3.12/concurrent/futures/thread.py", line 59, in run
2026-07-24 14:53:27.599 |     result = self.fn(*self.args, **self.kwargs)
2026-07-24 14:53:27.599 |              ^^^^^^^^^^^^^^^^^^^^^^^^^^^^^^^^^^
2026-07-24 14:53:27.599 |   File "/app/src/registry.py", line 69, in _do_scrape
2026-07-24 14:53:27.599 |     conn = adapter.get_connection()
2026-07-24 14:53:27.599 |            ^^^^^^^^^^^^^^^^^^^^^^^^
2026-07-24 14:53:27.599 |   File "/app/src/collectors/base.py", line 65, in get_connection
2026-07-24 14:53:27.599 |     self._conn = self.connect()
2026-07-24 14:53:27.599 |                  ^^^^^^^^^^^^^^
2026-07-24 14:53:27.599 |   File "/app/src/collectors/sqlserver.py", line 70, in connect
2026-07-24 14:53:27.599 |     conn = pymssql.connect(
2026-07-24 14:53:27.599 |            ^^^^^^^^^^^^^^^^
2026-07-24 14:53:27.599 |   File "src/pymssql/_pymssql.pyx", line 659, in pymssql._pymssql.connect
2026-07-24 14:53:27.599 | pymssql.exceptions.OperationalError: (20009, b'DB-Lib error message 20009, severity 9:\nUnable to connect: Adaptive Server is unavailable or does not exist (COSWINDE516D1)\n')
2026-07-24 14:53:27.599 | 2026-07-24 21:53:27,598 INFO 172.19.0.3 - "GET /metrics?target=hris-scl-engineering-db HTTP/1.1" 200 -
2026-07-24 14:53:31.791 | 2026-07-24 21:53:31,791 ERROR query 'size' failed for target 'hris-card-db'
2026-07-24 14:53:31.792 | Traceback (most recent call last):
2026-07-24 14:53:31.792 |   File "/app/src/collectors/base.py", line 52, in safe_collect_family
2026-07-24 14:53:31.792 |     result = builder()
2026-07-24 14:53:31.792 |              ^^^^^^^^^
2026-07-24 14:53:31.792 |   File "/app/src/collectors/postgres.py", line 94, in <lambda>
2026-07-24 14:53:31.792 |     ("size", lambda: self._size_family(cur)),
2026-07-24 14:53:31.792 |                      ^^^^^^^^^^^^^^^^^^^^^^
2026-07-24 14:53:31.792 |   File "/app/src/collectors/postgres.py", line 168, in _size_family
2026-07-24 14:53:31.792 |     cur.execute(_SIZE_SQL)
2026-07-24 14:53:31.792 |   File "/usr/local/lib/python3.12/site-packages/psycopg2/extras.py", line 146, in execute
2026-07-24 14:53:31.792 |     return super().execute(query, vars)
2026-07-24 14:53:31.792 |            ^^^^^^^^^^^^^^^^^^^^^^^^^^^^
2026-07-24 14:53:31.792 | psycopg2.errors.InsufficientPrivilege: permission denied for database rdsadmin
2026-07-24 14:53:31.792 | 
2026-07-24 14:53:31.792 | 2026-07-24 21:53:31,792 INFO 172.19.0.3 - "GET /metrics?target=hris-card-db HTTP/1.1" 200 -
2026-07-24 14:53:41.280 | 2026-07-24 21:53:41,279 ERROR query 'query_duration' failed for target 'hris-hims-db'
2026-07-24 14:53:41.280 | Traceback (most recent call last):
2026-07-24 14:53:41.280 |   File "/app/src/collectors/base.py", line 52, in safe_collect_family
2026-07-24 14:53:41.280 |     result = builder()
2026-07-24 14:53:41.280 |              ^^^^^^^^^
2026-07-24 14:53:41.280 |   File "/app/src/collectors/oracle.py", line 103, in <lambda>
2026-07-24 14:53:41.280 |     ("query_duration", lambda: self._query_duration_family(conn)),
2026-07-24 14:53:41.280 |                                ^^^^^^^^^^^^^^^^^^^^^^^^^^^^^^^^^
2026-07-24 14:53:41.280 |   File "/app/src/collectors/oracle.py", line 119, in _query_duration_family
2026-07-24 14:53:41.280 |     cur.execute(_QUERY_STATS_SQL)
2026-07-24 14:53:41.280 |   File "/usr/local/lib/python3.12/site-packages/oracledb/cursor.py", line 710, in execute
2026-07-24 14:53:41.280 |     impl.execute(self)
2026-07-24 14:53:41.280 |   File "src/oracledb/impl/thin/cursor.pyx", line 196, in oracledb.thin_impl.ThinCursorImpl.execute
2026-07-24 14:53:41.280 |   File "src/oracledb/impl/thin/protocol.pyx", line 440, in oracledb.thin_impl.Protocol._process_single_message
2026-07-24 14:53:41.280 |   File "src/oracledb/impl/thin/protocol.pyx", line 441, in oracledb.thin_impl.Protocol._process_single_message
2026-07-24 14:53:41.280 |   File "src/oracledb/impl/thin/protocol.pyx", line 433, in oracledb.thin_impl.Protocol._process_message
2026-07-24 14:53:41.280 |   File "src/oracledb/impl/thin/messages.pyx", line 74, in oracledb.thin_impl.Message._check_and_raise_exception
2026-07-24 14:53:41.280 | oracledb.exceptions.DatabaseError: ORA-00942: table or view does not exist
2026-07-24 14:53:41.280 | Help: https://docs.oracle.com/error-help/db/ora-00942/
2026-07-24 14:53:41.387 | 2026-07-24 21:53:41,387 INFO 172.19.0.3 - "GET /metrics?target=hris-hims-db HTTP/1.1" 200 -
2026-07-24 14:53:42.596 | 2026-07-24 21:53:42,595 ERROR scrape of target 'hris-scl-engineering-db' failed
2026-07-24 14:53:42.596 | Traceback (most recent call last):
2026-07-24 14:53:42.596 |   File "src/pymssql/_pymssql.pyx", line 650, in pymssql._pymssql.connect
2026-07-24 14:53:42.596 |   File "src/pymssql/_mssql.pyx", line 2158, in pymssql._mssql.connect
2026-07-24 14:53:42.596 |   File "src/pymssql/_mssql.pyx", line 712, in pymssql._mssql.MSSQLConnection.__init__
2026-07-24 14:53:42.596 |   File "src/pymssql/_mssql.pyx", line 1884, in pymssql._mssql.maybe_raise_MSSQLDatabaseException
2026-07-24 14:53:42.596 |   File "src/pymssql/_mssql.pyx", line 1901, in pymssql._mssql.raise_MSSQLDatabaseException
2026-07-24 14:53:42.596 | pymssql._mssql.MSSQLDatabaseException: (20009, b'DB-Lib error message 20009, severity 9:\nUnable to connect: Adaptive Server is unavailable or does not exist (COSWINDE516D1)\n')
2026-07-24 14:53:42.596 | 
2026-07-24 14:53:42.596 | During handling of the above exception, another exception occurred:
2026-07-24 14:53:42.596 | 
2026-07-24 14:53:42.596 | Traceback (most recent call last):
2026-07-24 14:53:42.596 |   File "/app/src/registry.py", line 74, in scrape
2026-07-24 14:53:42.596 |     families, had_partial_error = future.result(timeout=target.scrape_timeout_seconds)
2026-07-24 14:53:42.596 |                                   ^^^^^^^^^^^^^^^^^^^^^^^^^^^^^^^^^^^^^^^^^^^^^^^^^^^^
2026-07-24 14:53:42.596 |   File "/usr/local/lib/python3.12/concurrent/futures/_base.py", line 456, in result
2026-07-24 14:53:42.596 |     return self.__get_result()
2026-07-24 14:53:42.596 |            ^^^^^^^^^^^^^^^^^^^
2026-07-24 14:53:42.596 |   File "/usr/local/lib/python3.12/concurrent/futures/_base.py", line 401, in __get_result
2026-07-24 14:53:42.596 |     raise self._exception
2026-07-24 14:53:42.596 |   File "/usr/local/lib/python3.12/concurrent/futures/thread.py", line 59, in run
2026-07-24 14:53:42.596 |     result = self.fn(*self.args, **self.kwargs)
2026-07-24 14:53:42.596 |              ^^^^^^^^^^^^^^^^^^^^^^^^^^^^^^^^^^
2026-07-24 14:53:42.596 |   File "/app/src/registry.py", line 69, in _do_scrape
2026-07-24 14:53:42.596 |     conn = adapter.get_connection()
2026-07-24 14:53:42.596 |            ^^^^^^^^^^^^^^^^^^^^^^^^
2026-07-24 14:53:42.596 |   File "/app/src/collectors/base.py", line 65, in get_connection
2026-07-24 14:53:42.596 |     self._conn = self.connect()
2026-07-24 14:53:42.596 |                  ^^^^^^^^^^^^^^
2026-07-24 14:53:42.596 |   File "/app/src/collectors/sqlserver.py", line 70, in connect
2026-07-24 14:53:42.596 |     conn = pymssql.connect(
2026-07-24 14:53:42.596 |            ^^^^^^^^^^^^^^^^
2026-07-24 14:53:42.596 |   File "src/pymssql/_pymssql.pyx", line 659, in pymssql._pymssql.connect
2026-07-24 14:53:42.596 | pymssql.exceptions.OperationalError: (20009, b'DB-Lib error message 20009, severity 9:\nUnable to connect: Adaptive Server is unavailable or does not exist (COSWINDE516D1)\n')
2026-07-24 14:53:42.596 | 2026-07-24 21:53:42,596 INFO 172.19.0.3 - "GET /metrics?target=hris-scl-engineering-db HTTP/1.1" 200 -
2026-07-24 14:53:46.792 | 2026-07-24 21:53:46,792 ERROR query 'size' failed for target 'hris-card-db'
2026-07-24 14:53:46.792 | Traceback (most recent call last):
2026-07-24 14:53:46.792 |   File "/app/src/collectors/base.py", line 52, in safe_collect_family
2026-07-24 14:53:46.792 |     result = builder()
2026-07-24 14:53:46.792 |              ^^^^^^^^^
2026-07-24 14:53:46.792 |   File "/app/src/collectors/postgres.py", line 94, in <lambda>
2026-07-24 14:53:46.792 |     ("size", lambda: self._size_family(cur)),
2026-07-24 14:53:46.792 |                      ^^^^^^^^^^^^^^^^^^^^^^
2026-07-24 14:53:46.792 |   File "/app/src/collectors/postgres.py", line 168, in _size_family
2026-07-24 14:53:46.792 |     cur.execute(_SIZE_SQL)
2026-07-24 14:53:46.792 |   File "/usr/local/lib/python3.12/site-packages/psycopg2/extras.py", line 146, in execute
2026-07-24 14:53:46.792 |     return super().execute(query, vars)
2026-07-24 14:53:46.792 |            ^^^^^^^^^^^^^^^^^^^^^^^^^^^^
2026-07-24 14:53:46.792 | psycopg2.errors.InsufficientPrivilege: permission denied for database rdsadmin
2026-07-24 14:53:46.792 | 
2026-07-24 14:53:46.792 | 2026-07-24 21:53:46,792 INFO 172.19.0.3 - "GET /metrics?target=hris-card-db HTTP/1.1" 200 -
2026-07-24 14:53:47.524 | 2026-07-24 21:53:47,524 INFO 127.0.0.1 - "GET /health HTTP/1.1" 200 -
2026-07-24 14:53:56.279 | 2026-07-24 21:53:56,279 ERROR query 'query_duration' failed for target 'hris-hims-db'
2026-07-24 14:53:56.279 | Traceback (most recent call last):
2026-07-24 14:53:56.279 |   File "/app/src/collectors/base.py", line 52, in safe_collect_family
2026-07-24 14:53:56.279 |     result = builder()
2026-07-24 14:53:56.279 |              ^^^^^^^^^
2026-07-24 14:53:56.279 |   File "/app/src/collectors/oracle.py", line 103, in <lambda>
2026-07-24 14:53:56.279 |     ("query_duration", lambda: self._query_duration_family(conn)),
2026-07-24 14:53:56.279 |                                ^^^^^^^^^^^^^^^^^^^^^^^^^^^^^^^^^
2026-07-24 14:53:56.279 |   File "/app/src/collectors/oracle.py", line 119, in _query_duration_family
2026-07-24 14:53:56.279 |     cur.execute(_QUERY_STATS_SQL)
2026-07-24 14:53:56.279 |   File "/usr/local/lib/python3.12/site-packages/oracledb/cursor.py", line 710, in execute
2026-07-24 14:53:56.279 |     impl.execute(self)
2026-07-24 14:53:56.279 |   File "src/oracledb/impl/thin/cursor.pyx", line 196, in oracledb.thin_impl.ThinCursorImpl.execute
2026-07-24 14:53:56.279 |   File "src/oracledb/impl/thin/protocol.pyx", line 440, in oracledb.thin_impl.Protocol._process_single_message
2026-07-24 14:53:56.279 |   File "src/oracledb/impl/thin/protocol.pyx", line 441, in oracledb.thin_impl.Protocol._process_single_message
2026-07-24 14:53:56.279 |   File "src/oracledb/impl/thin/protocol.pyx", line 433, in oracledb.thin_impl.Protocol._process_message
2026-07-24 14:53:56.279 |   File "src/oracledb/impl/thin/messages.pyx", line 74, in oracledb.thin_impl.Message._check_and_raise_exception
2026-07-24 14:53:56.279 | oracledb.exceptions.DatabaseError: ORA-00942: table or view does not exist
2026-07-24 14:53:56.279 | Help: https://docs.oracle.com/error-help/db/ora-00942/
2026-07-24 14:53:56.369 | 2026-07-24 21:53:56,369 INFO 172.19.0.3 - "GET /metrics?target=hris-hims-db HTTP/1.1" 200 -
2026-07-24 14:53:57.599 | 2026-07-24 21:53:57,598 ERROR scrape of target 'hris-scl-engineering-db' failed
2026-07-24 14:53:57.599 | Traceback (most recent call last):
2026-07-24 14:53:57.599 |   File "src/pymssql/_pymssql.pyx", line 650, in pymssql._pymssql.connect
2026-07-24 14:53:57.599 |   File "src/pymssql/_mssql.pyx", line 2158, in pymssql._mssql.connect
2026-07-24 14:53:57.599 |   File "src/pymssql/_mssql.pyx", line 712, in pymssql._mssql.MSSQLConnection.__init__
2026-07-24 14:53:57.599 |   File "src/pymssql/_mssql.pyx", line 1884, in pymssql._mssql.maybe_raise_MSSQLDatabaseException
2026-07-24 14:53:57.599 |   File "src/pymssql/_mssql.pyx", line 1901, in pymssql._mssql.raise_MSSQLDatabaseException
2026-07-24 14:53:57.599 | pymssql._mssql.MSSQLDatabaseException: (20009, b'DB-Lib error message 20009, severity 9:\nUnable to connect: Adaptive Server is unavailable or does not exist (COSWINDE516D1)\n')
2026-07-24 14:53:57.599 | 
2026-07-24 14:53:57.599 | During handling of the above exception, another exception occurred:
2026-07-24 14:53:57.599 | 
2026-07-24 14:53:57.599 | Traceback (most recent call last):
2026-07-24 14:53:57.599 |   File "/app/src/registry.py", line 74, in scrape
2026-07-24 14:53:57.599 |     families, had_partial_error = future.result(timeout=target.scrape_timeout_seconds)
2026-07-24 14:53:57.599 |                                   ^^^^^^^^^^^^^^^^^^^^^^^^^^^^^^^^^^^^^^^^^^^^^^^^^^^^
2026-07-24 14:53:57.599 |   File "/usr/local/lib/python3.12/concurrent/futures/_base.py", line 456, in result
2026-07-24 14:53:57.599 |     return self.__get_result()
2026-07-24 14:53:57.599 |            ^^^^^^^^^^^^^^^^^^^
2026-07-24 14:53:57.599 |   File "/usr/local/lib/python3.12/concurrent/futures/_base.py", line 401, in __get_result
2026-07-24 14:53:57.599 |     raise self._exception
2026-07-24 14:53:57.599 |   File "/usr/local/lib/python3.12/concurrent/futures/thread.py", line 59, in run
2026-07-24 14:53:57.599 |     result = self.fn(*self.args, **self.kwargs)
2026-07-24 14:53:57.599 |              ^^^^^^^^^^^^^^^^^^^^^^^^^^^^^^^^^^
2026-07-24 14:53:57.599 |   File "/app/src/registry.py", line 69, in _do_scrape
2026-07-24 14:53:57.599 |     conn = adapter.get_connection()
2026-07-24 14:53:57.599 |            ^^^^^^^^^^^^^^^^^^^^^^^^
2026-07-24 14:53:57.599 |   File "/app/src/collectors/base.py", line 65, in get_connection
2026-07-24 14:53:57.599 |     self._conn = self.connect()
2026-07-24 14:53:57.599 |                  ^^^^^^^^^^^^^^
2026-07-24 14:53:57.599 |   File "/app/src/collectors/sqlserver.py", line 70, in connect
2026-07-24 14:53:57.599 |     conn = pymssql.connect(
2026-07-24 14:53:57.599 |            ^^^^^^^^^^^^^^^^
2026-07-24 14:53:57.599 |   File "src/pymssql/_pymssql.pyx", line 659, in pymssql._pymssql.connect
2026-07-24 14:53:57.599 | pymssql.exceptions.OperationalError: (20009, b'DB-Lib error message 20009, severity 9:\nUnable to connect: Adaptive Server is unavailable or does not exist (COSWINDE516D1)\n')
2026-07-24 14:53:57.599 | 2026-07-24 21:53:57,599 INFO 172.19.0.3 - "GET /metrics?target=hris-scl-engineering-db HTTP/1.1" 200 -
2026-07-24 14:54:01.844 | 2026-07-24 21:54:01,843 ERROR query 'size' failed for target 'hris-card-db'
2026-07-24 14:54:01.844 | Traceback (most recent call last):
2026-07-24 14:54:01.844 |   File "/app/src/collectors/base.py", line 52, in safe_collect_family
2026-07-24 14:54:01.844 |     result = builder()
2026-07-24 14:54:01.844 |              ^^^^^^^^^
2026-07-24 14:54:01.844 |   File "/app/src/collectors/postgres.py", line 94, in <lambda>
2026-07-24 14:54:01.844 |     ("size", lambda: self._size_family(cur)),
2026-07-24 14:54:01.844 |                      ^^^^^^^^^^^^^^^^^^^^^^
2026-07-24 14:54:01.844 |   File "/app/src/collectors/postgres.py", line 168, in _size_family
2026-07-24 14:54:01.844 |     cur.execute(_SIZE_SQL)
2026-07-24 14:54:01.844 |   File "/usr/local/lib/python3.12/site-packages/psycopg2/extras.py", line 146, in execute
2026-07-24 14:54:01.844 |     return super().execute(query, vars)
2026-07-24 14:54:01.844 |            ^^^^^^^^^^^^^^^^^^^^^^^^^^^^
2026-07-24 14:54:01.844 | psycopg2.errors.InsufficientPrivilege: permission denied for database rdsadmin
2026-07-24 14:54:01.844 | 
2026-07-24 14:54:01.844 | 2026-07-24 21:54:01,844 INFO 172.19.0.3 - "GET /metrics?target=hris-card-db HTTP/1.1" 200 -
2026-07-24 14:54:11.275 | 2026-07-24 21:54:11,274 ERROR query 'query_duration' failed for target 'hris-hims-db'
2026-07-24 14:54:11.275 | Traceback (most recent call last):
2026-07-24 14:54:11.275 |   File "/app/src/collectors/base.py", line 52, in safe_collect_family
2026-07-24 14:54:11.275 |     result = builder()
2026-07-24 14:54:11.275 |              ^^^^^^^^^
2026-07-24 14:54:11.275 |   File "/app/src/collectors/oracle.py", line 103, in <lambda>
2026-07-24 14:54:11.275 |     ("query_duration", lambda: self._query_duration_family(conn)),
2026-07-24 14:54:11.275 |                                ^^^^^^^^^^^^^^^^^^^^^^^^^^^^^^^^^
2026-07-24 14:54:11.275 |   File "/app/src/collectors/oracle.py", line 119, in _query_duration_family
2026-07-24 14:54:11.275 |     cur.execute(_QUERY_STATS_SQL)
2026-07-24 14:54:11.275 |   File "/usr/local/lib/python3.12/site-packages/oracledb/cursor.py", line 710, in execute
2026-07-24 14:54:11.275 |     impl.execute(self)
2026-07-24 14:54:11.275 |   File "src/oracledb/impl/thin/cursor.pyx", line 196, in oracledb.thin_impl.ThinCursorImpl.execute
2026-07-24 14:54:11.275 |   File "src/oracledb/impl/thin/protocol.pyx", line 440, in oracledb.thin_impl.Protocol._process_single_message
2026-07-24 14:54:11.275 |   File "src/oracledb/impl/thin/protocol.pyx", line 441, in oracledb.thin_impl.Protocol._process_single_message
2026-07-24 14:54:11.275 |   File "src/oracledb/impl/thin/protocol.pyx", line 433, in oracledb.thin_impl.Protocol._process_message
2026-07-24 14:54:11.275 |   File "src/oracledb/impl/thin/messages.pyx", line 74, in oracledb.thin_impl.Message._check_and_raise_exception
2026-07-24 14:54:11.275 | oracledb.exceptions.DatabaseError: ORA-00942: table or view does not exist
2026-07-24 14:54:11.275 | Help: https://docs.oracle.com/error-help/db/ora-00942/
2026-07-24 14:54:11.346 | 2026-07-24 21:54:11,345 INFO 172.19.0.3 - "GET /metrics?target=hris-hims-db HTTP/1.1" 200 -
2026-07-24 14:54:12.596 | 2026-07-24 21:54:12,596 ERROR scrape of target 'hris-scl-engineering-db' failed
2026-07-24 14:54:12.596 | Traceback (most recent call last):
2026-07-24 14:54:12.596 |   File "src/pymssql/_pymssql.pyx", line 650, in pymssql._pymssql.connect
2026-07-24 14:54:12.596 |   File "src/pymssql/_mssql.pyx", line 2158, in pymssql._mssql.connect
2026-07-24 14:54:12.596 |   File "src/pymssql/_mssql.pyx", line 712, in pymssql._mssql.MSSQLConnection.__init__
2026-07-24 14:54:12.596 |   File "src/pymssql/_mssql.pyx", line 1884, in pymssql._mssql.maybe_raise_MSSQLDatabaseException
2026-07-24 14:54:12.596 |   File "src/pymssql/_mssql.pyx", line 1901, in pymssql._mssql.raise_MSSQLDatabaseException
2026-07-24 14:54:12.596 | pymssql._mssql.MSSQLDatabaseException: (20009, b'DB-Lib error message 20009, severity 9:\nUnable to connect: Adaptive Server is unavailable or does not exist (COSWINDE516D1)\n')
2026-07-24 14:54:12.596 | 
2026-07-24 14:54:12.596 | During handling of the above exception, another exception occurred:
2026-07-24 14:54:12.596 | 
2026-07-24 14:54:12.596 | Traceback (most recent call last):
2026-07-24 14:54:12.596 |   File "/app/src/registry.py", line 74, in scrape
2026-07-24 14:54:12.596 |     families, had_partial_error = future.result(timeout=target.scrape_timeout_seconds)
2026-07-24 14:54:12.596 |                                   ^^^^^^^^^^^^^^^^^^^^^^^^^^^^^^^^^^^^^^^^^^^^^^^^^^^^
2026-07-24 14:54:12.596 |   File "/usr/local/lib/python3.12/concurrent/futures/_base.py", line 456, in result
2026-07-24 14:54:12.596 |     return self.__get_result()
2026-07-24 14:54:12.596 |            ^^^^^^^^^^^^^^^^^^^
2026-07-24 14:54:12.596 |   File "/usr/local/lib/python3.12/concurrent/futures/_base.py", line 401, in __get_result
2026-07-24 14:54:12.596 |     raise self._exception
2026-07-24 14:54:12.596 |   File "/usr/local/lib/python3.12/concurrent/futures/thread.py", line 59, in run
2026-07-24 14:54:12.596 |     result = self.fn(*self.args, **self.kwargs)
2026-07-24 14:54:12.596 |              ^^^^^^^^^^^^^^^^^^^^^^^^^^^^^^^^^^
2026-07-24 14:54:12.596 |   File "/app/src/registry.py", line 69, in _do_scrape
2026-07-24 14:54:12.596 |     conn = adapter.get_connection()
2026-07-24 14:54:12.596 |            ^^^^^^^^^^^^^^^^^^^^^^^^
2026-07-24 14:54:12.596 |   File "/app/src/collectors/base.py", line 65, in get_connection
2026-07-24 14:54:12.596 |     self._conn = self.connect()
2026-07-24 14:54:12.596 |                  ^^^^^^^^^^^^^^
2026-07-24 14:54:12.596 |   File "/app/src/collectors/sqlserver.py", line 70, in connect
2026-07-24 14:54:12.596 |     conn = pymssql.connect(
2026-07-24 14:54:12.596 |            ^^^^^^^^^^^^^^^^
2026-07-24 14:54:12.596 |   File "src/pymssql/_pymssql.pyx", line 659, in pymssql._pymssql.connect
2026-07-24 14:54:12.596 | pymssql.exceptions.OperationalError: (20009, b'DB-Lib error message 20009, severity 9:\nUnable to connect: Adaptive Server is unavailable or does not exist (COSWINDE516D1)\n')
2026-07-24 14:54:12.596 | 2026-07-24 21:54:12,596 INFO 172.19.0.3 - "GET /metrics?target=hris-scl-engineering-db HTTP/1.1" 200 -
2026-07-24 14:54:16.796 | 2026-07-24 21:54:16,795 ERROR query 'size' failed for target 'hris-card-db'
2026-07-24 14:54:16.796 | Traceback (most recent call last):
2026-07-24 14:54:16.796 |   File "/app/src/collectors/base.py", line 52, in safe_collect_family
2026-07-24 14:54:16.796 |     result = builder()
2026-07-24 14:54:16.796 |              ^^^^^^^^^
2026-07-24 14:54:16.796 |   File "/app/src/collectors/postgres.py", line 94, in <lambda>
2026-07-24 14:54:16.796 |     ("size", lambda: self._size_family(cur)),
2026-07-24 14:54:16.796 |                      ^^^^^^^^^^^^^^^^^^^^^^
2026-07-24 14:54:16.796 |   File "/app/src/collectors/postgres.py", line 168, in _size_family
2026-07-24 14:54:16.796 |     cur.execute(_SIZE_SQL)
2026-07-24 14:54:16.796 |   File "/usr/local/lib/python3.12/site-packages/psycopg2/extras.py", line 146, in execute
2026-07-24 14:54:16.796 |     return super().execute(query, vars)
2026-07-24 14:54:16.796 |            ^^^^^^^^^^^^^^^^^^^^^^^^^^^^
2026-07-24 14:54:16.796 | psycopg2.errors.InsufficientPrivilege: permission denied for database rdsadmin
2026-07-24 14:54:16.796 | 
2026-07-24 14:54:16.796 | 2026-07-24 21:54:16,796 INFO 172.19.0.3 - "GET /metrics?target=hris-card-db HTTP/1.1" 200 -
2026-07-24 14:54:17.626 | 2026-07-24 21:54:17,626 INFO 127.0.0.1 - "GET /health HTTP/1.1" 200 -
2026-07-24 14:54:26.275 | 2026-07-24 21:54:26,275 ERROR query 'query_duration' failed for target 'hris-hims-db'
2026-07-24 14:54:26.275 | Traceback (most recent call last):
2026-07-24 14:54:26.275 |   File "/app/src/collectors/base.py", line 52, in safe_collect_family
2026-07-24 14:54:26.275 |     result = builder()
2026-07-24 14:54:26.275 |              ^^^^^^^^^
2026-07-24 14:54:26.275 |   File "/app/src/collectors/oracle.py", line 103, in <lambda>
2026-07-24 14:54:26.275 |     ("query_duration", lambda: self._query_duration_family(conn)),
2026-07-24 14:54:26.275 |                                ^^^^^^^^^^^^^^^^^^^^^^^^^^^^^^^^^
2026-07-24 14:54:26.275 |   File "/app/src/collectors/oracle.py", line 119, in _query_duration_family
2026-07-24 14:54:26.275 |     cur.execute(_QUERY_STATS_SQL)
2026-07-24 14:54:26.275 |   File "/usr/local/lib/python3.12/site-packages/oracledb/cursor.py", line 710, in execute
2026-07-24 14:54:26.275 |     impl.execute(self)
2026-07-24 14:54:26.275 |   File "src/oracledb/impl/thin/cursor.pyx", line 196, in oracledb.thin_impl.ThinCursorImpl.execute
2026-07-24 14:54:26.275 |   File "src/oracledb/impl/thin/protocol.pyx", line 440, in oracledb.thin_impl.Protocol._process_single_message
2026-07-24 14:54:26.275 |   File "src/oracledb/impl/thin/protocol.pyx", line 441, in oracledb.thin_impl.Protocol._process_single_message
2026-07-24 14:54:26.275 |   File "src/oracledb/impl/thin/protocol.pyx", line 433, in oracledb.thin_impl.Protocol._process_message
2026-07-24 14:54:26.275 |   File "src/oracledb/impl/thin/messages.pyx", line 74, in oracledb.thin_impl.Message._check_and_raise_exception
2026-07-24 14:54:26.275 | oracledb.exceptions.DatabaseError: ORA-00942: table or view does not exist
2026-07-24 14:54:26.275 | Help: https://docs.oracle.com/error-help/db/ora-00942/
2026-07-24 14:54:26.349 | 2026-07-24 21:54:26,348 INFO 172.19.0.3 - "GET /metrics?target=hris-hims-db HTTP/1.1" 200 -
2026-07-24 14:54:27.596 | 2026-07-24 21:54:27,595 ERROR scrape of target 'hris-scl-engineering-db' failed
2026-07-24 14:54:27.596 | Traceback (most recent call last):
2026-07-24 14:54:27.596 |   File "src/pymssql/_pymssql.pyx", line 650, in pymssql._pymssql.connect
2026-07-24 14:54:27.596 |   File "src/pymssql/_mssql.pyx", line 2158, in pymssql._mssql.connect
2026-07-24 14:54:27.596 |   File "src/pymssql/_mssql.pyx", line 712, in pymssql._mssql.MSSQLConnection.__init__
2026-07-24 14:54:27.596 |   File "src/pymssql/_mssql.pyx", line 1884, in pymssql._mssql.maybe_raise_MSSQLDatabaseException
2026-07-24 14:54:27.596 |   File "src/pymssql/_mssql.pyx", line 1901, in pymssql._mssql.raise_MSSQLDatabaseException
2026-07-24 14:54:27.596 | pymssql._mssql.MSSQLDatabaseException: (20009, b'DB-Lib error message 20009, severity 9:\nUnable to connect: Adaptive Server is unavailable or does not exist (COSWINDE516D1)\n')
2026-07-24 14:54:27.596 | 
2026-07-24 14:54:27.596 | During handling of the above exception, another exception occurred:
2026-07-24 14:54:27.596 | 
2026-07-24 14:54:27.596 | Traceback (most recent call last):
2026-07-24 14:54:27.596 |   File "/app/src/registry.py", line 74, in scrape
2026-07-24 14:54:27.596 |     families, had_partial_error = future.result(timeout=target.scrape_timeout_seconds)
2026-07-24 14:54:27.596 |                                   ^^^^^^^^^^^^^^^^^^^^^^^^^^^^^^^^^^^^^^^^^^^^^^^^^^^^
2026-07-24 14:54:27.596 |   File "/usr/local/lib/python3.12/concurrent/futures/_base.py", line 456, in result
2026-07-24 14:54:27.596 |     return self.__get_result()
2026-07-24 14:54:27.596 |            ^^^^^^^^^^^^^^^^^^^
2026-07-24 14:54:27.596 |   File "/usr/local/lib/python3.12/concurrent/futures/_base.py", line 401, in __get_result
2026-07-24 14:54:27.596 |     raise self._exception
2026-07-24 14:54:27.596 |   File "/usr/local/lib/python3.12/concurrent/futures/thread.py", line 59, in run
2026-07-24 14:54:27.596 |     result = self.fn(*self.args, **self.kwargs)
2026-07-24 14:54:27.596 |              ^^^^^^^^^^^^^^^^^^^^^^^^^^^^^^^^^^
2026-07-24 14:54:27.596 |   File "/app/src/registry.py", line 69, in _do_scrape
2026-07-24 14:54:27.596 |     conn = adapter.get_connection()
2026-07-24 14:54:27.596 |            ^^^^^^^^^^^^^^^^^^^^^^^^
2026-07-24 14:54:27.596 |   File "/app/src/collectors/base.py", line 65, in get_connection
2026-07-24 14:54:27.596 |     self._conn = self.connect()
2026-07-24 14:54:27.596 |                  ^^^^^^^^^^^^^^
2026-07-24 14:54:27.596 |   File "/app/src/collectors/sqlserver.py", line 70, in connect
2026-07-24 14:54:27.596 |     conn = pymssql.connect(
2026-07-24 14:54:27.596 |            ^^^^^^^^^^^^^^^^
2026-07-24 14:54:27.596 |   File "src/pymssql/_pymssql.pyx", line 659, in pymssql._pymssql.connect
2026-07-24 14:54:27.596 | pymssql.exceptions.OperationalError: (20009, b'DB-Lib error message 20009, severity 9:\nUnable to connect: Adaptive Server is unavailable or does not exist (COSWINDE516D1)\n')
2026-07-24 14:54:27.596 | 2026-07-24 21:54:27,596 INFO 172.19.0.3 - "GET /metrics?target=hris-scl-engineering-db HTTP/1.1" 200 -
2026-07-24 14:54:31.791 | 2026-07-24 21:54:31,791 ERROR query 'size' failed for target 'hris-card-db'
2026-07-24 14:54:31.791 | Traceback (most recent call last):
2026-07-24 14:54:31.791 |   File "/app/src/collectors/base.py", line 52, in safe_collect_family
2026-07-24 14:54:31.791 |     result = builder()
2026-07-24 14:54:31.791 |              ^^^^^^^^^
2026-07-24 14:54:31.791 |   File "/app/src/collectors/postgres.py", line 94, in <lambda>
2026-07-24 14:54:31.791 |     ("size", lambda: self._size_family(cur)),
2026-07-24 14:54:31.791 |                      ^^^^^^^^^^^^^^^^^^^^^^
2026-07-24 14:54:31.791 |   File "/app/src/collectors/postgres.py", line 168, in _size_family
2026-07-24 14:54:31.791 |     cur.execute(_SIZE_SQL)
2026-07-24 14:54:31.791 |   File "/usr/local/lib/python3.12/site-packages/psycopg2/extras.py", line 146, in execute
2026-07-24 14:54:31.791 |     return super().execute(query, vars)
2026-07-24 14:54:31.791 |            ^^^^^^^^^^^^^^^^^^^^^^^^^^^^
2026-07-24 14:54:31.791 | psycopg2.errors.InsufficientPrivilege: permission denied for database rdsadmin
2026-07-24 14:54:31.791 | 
2026-07-24 14:54:31.791 | 2026-07-24 21:54:31,791 INFO 172.19.0.3 - "GET /metrics?target=hris-card-db HTTP/1.1" 200 -
2026-07-24 14:54:41.275 | 2026-07-24 21:54:41,275 ERROR query 'query_duration' failed for target 'hris-hims-db'
2026-07-24 14:54:41.275 | Traceback (most recent call last):
2026-07-24 14:54:41.275 |   File "/app/src/collectors/base.py", line 52, in safe_collect_family
2026-07-24 14:54:41.275 |     result = builder()
2026-07-24 14:54:41.275 |              ^^^^^^^^^
2026-07-24 14:54:41.275 |   File "/app/src/collectors/oracle.py", line 103, in <lambda>
2026-07-24 14:54:41.275 |     ("query_duration", lambda: self._query_duration_family(conn)),
2026-07-24 14:54:41.275 |                                ^^^^^^^^^^^^^^^^^^^^^^^^^^^^^^^^^
2026-07-24 14:54:41.275 |   File "/app/src/collectors/oracle.py", line 119, in _query_duration_family
2026-07-24 14:54:41.275 |     cur.execute(_QUERY_STATS_SQL)
2026-07-24 14:54:41.275 |   File "/usr/local/lib/python3.12/site-packages/oracledb/cursor.py", line 710, in execute
2026-07-24 14:54:41.275 |     impl.execute(self)
2026-07-24 14:54:41.275 |   File "src/oracledb/impl/thin/cursor.pyx", line 196, in oracledb.thin_impl.ThinCursorImpl.execute
2026-07-24 14:54:41.275 |   File "src/oracledb/impl/thin/protocol.pyx", line 440, in oracledb.thin_impl.Protocol._process_single_message
2026-07-24 14:54:41.275 |   File "src/oracledb/impl/thin/protocol.pyx", line 441, in oracledb.thin_impl.Protocol._process_single_message
2026-07-24 14:54:41.275 |   File "src/oracledb/impl/thin/protocol.pyx", line 433, in oracledb.thin_impl.Protocol._process_message
2026-07-24 14:54:41.275 |   File "src/oracledb/impl/thin/messages.pyx", line 74, in oracledb.thin_impl.Message._check_and_raise_exception
2026-07-24 14:54:41.275 | oracledb.exceptions.DatabaseError: ORA-00942: table or view does not exist
2026-07-24 14:54:41.275 | Help: https://docs.oracle.com/error-help/db/ora-00942/
2026-07-24 14:54:41.358 | 2026-07-24 21:54:41,358 INFO 172.19.0.3 - "GET /metrics?target=hris-hims-db HTTP/1.1" 200 -
2026-07-24 14:54:42.596 | 2026-07-24 21:54:42,596 ERROR scrape of target 'hris-scl-engineering-db' failed
2026-07-24 14:54:42.596 | Traceback (most recent call last):
2026-07-24 14:54:42.596 |   File "src/pymssql/_pymssql.pyx", line 650, in pymssql._pymssql.connect
2026-07-24 14:54:42.596 |   File "src/pymssql/_mssql.pyx", line 2158, in pymssql._mssql.connect
2026-07-24 14:54:42.596 |   File "src/pymssql/_mssql.pyx", line 712, in pymssql._mssql.MSSQLConnection.__init__
2026-07-24 14:54:42.596 |   File "src/pymssql/_mssql.pyx", line 1884, in pymssql._mssql.maybe_raise_MSSQLDatabaseException
2026-07-24 14:54:42.596 |   File "src/pymssql/_mssql.pyx", line 1901, in pymssql._mssql.raise_MSSQLDatabaseException
2026-07-24 14:54:42.596 | pymssql._mssql.MSSQLDatabaseException: (20009, b'DB-Lib error message 20009, severity 9:\nUnable to connect: Adaptive Server is unavailable or does not exist (COSWINDE516D1)\n')
2026-07-24 14:54:42.596 | 
2026-07-24 14:54:42.596 | During handling of the above exception, another exception occurred:
2026-07-24 14:54:42.596 | 
2026-07-24 14:54:42.596 | Traceback (most recent call last):
2026-07-24 14:54:42.596 |   File "/app/src/registry.py", line 74, in scrape
2026-07-24 14:54:42.596 |     families, had_partial_error = future.result(timeout=target.scrape_timeout_seconds)
2026-07-24 14:54:42.596 |                                   ^^^^^^^^^^^^^^^^^^^^^^^^^^^^^^^^^^^^^^^^^^^^^^^^^^^^
2026-07-24 14:54:42.596 |   File "/usr/local/lib/python3.12/concurrent/futures/_base.py", line 456, in result
2026-07-24 14:54:42.596 |     return self.__get_result()
2026-07-24 14:54:42.596 |            ^^^^^^^^^^^^^^^^^^^
2026-07-24 14:54:42.596 |   File "/usr/local/lib/python3.12/concurrent/futures/_base.py", line 401, in __get_result
2026-07-24 14:54:42.596 |     raise self._exception
2026-07-24 14:54:42.596 |   File "/usr/local/lib/python3.12/concurrent/futures/thread.py", line 59, in run
2026-07-24 14:54:42.596 |     result = self.fn(*self.args, **self.kwargs)
2026-07-24 14:54:42.596 |              ^^^^^^^^^^^^^^^^^^^^^^^^^^^^^^^^^^
2026-07-24 14:54:42.596 |   File "/app/src/registry.py", line 69, in _do_scrape
2026-07-24 14:54:42.596 |     conn = adapter.get_connection()
2026-07-24 14:54:42.596 |            ^^^^^^^^^^^^^^^^^^^^^^^^
2026-07-24 14:54:42.596 |   File "/app/src/collectors/base.py", line 65, in get_connection
2026-07-24 14:54:42.596 |     self._conn = self.connect()
2026-07-24 14:54:42.596 |                  ^^^^^^^^^^^^^^
2026-07-24 14:54:42.596 |   File "/app/src/collectors/sqlserver.py", line 70, in connect
2026-07-24 14:54:42.596 |     conn = pymssql.connect(
2026-07-24 14:54:42.596 |            ^^^^^^^^^^^^^^^^
2026-07-24 14:54:42.596 |   File "src/pymssql/_pymssql.pyx", line 659, in pymssql._pymssql.connect
2026-07-24 14:54:42.596 | pymssql.exceptions.OperationalError: (20009, b'DB-Lib error message 20009, severity 9:\nUnable to connect: Adaptive Server is unavailable or does not exist (COSWINDE516D1)\n')
2026-07-24 14:54:42.596 | 2026-07-24 21:54:42,596 INFO 172.19.0.3 - "GET /metrics?target=hris-scl-engineering-db HTTP/1.1" 200 -
2026-07-24 14:54:46.794 | 2026-07-24 21:54:46,794 ERROR query 'size' failed for target 'hris-card-db'
2026-07-24 14:54:46.794 | Traceback (most recent call last):
2026-07-24 14:54:46.794 |   File "/app/src/collectors/base.py", line 52, in safe_collect_family
2026-07-24 14:54:46.794 |     result = builder()
2026-07-24 14:54:46.794 |              ^^^^^^^^^
2026-07-24 14:54:46.794 |   File "/app/src/collectors/postgres.py", line 94, in <lambda>
2026-07-24 14:54:46.795 |     ("size", lambda: self._size_family(cur)),
2026-07-24 14:54:46.795 |                      ^^^^^^^^^^^^^^^^^^^^^^
2026-07-24 14:54:46.795 |   File "/app/src/collectors/postgres.py", line 168, in _size_family
2026-07-24 14:54:46.795 |     cur.execute(_SIZE_SQL)
2026-07-24 14:54:46.795 |   File "/usr/local/lib/python3.12/site-packages/psycopg2/extras.py", line 146, in execute
2026-07-24 14:54:46.795 |     return super().execute(query, vars)
2026-07-24 14:54:46.795 |            ^^^^^^^^^^^^^^^^^^^^^^^^^^^^
2026-07-24 14:54:46.795 | psycopg2.errors.InsufficientPrivilege: permission denied for database rdsadmin
2026-07-24 14:54:46.795 | 
2026-07-24 14:54:46.795 | 2026-07-24 21:54:46,795 INFO 172.19.0.3 - "GET /metrics?target=hris-card-db HTTP/1.1" 200 -
2026-07-24 14:54:47.737 | 2026-07-24 21:54:47,737 INFO 127.0.0.1 - "GET /health HTTP/1.1" 200 -
2026-07-24 14:54:56.277 | 2026-07-24 21:54:56,277 ERROR query 'query_duration' failed for target 'hris-hims-db'
2026-07-24 14:54:56.277 | Traceback (most recent call last):
2026-07-24 14:54:56.277 |   File "/app/src/collectors/base.py", line 52, in safe_collect_family
2026-07-24 14:54:56.277 |     result = builder()
2026-07-24 14:54:56.277 |              ^^^^^^^^^
2026-07-24 14:54:56.277 |   File "/app/src/collectors/oracle.py", line 103, in <lambda>
2026-07-24 14:54:56.277 |     ("query_duration", lambda: self._query_duration_family(conn)),
2026-07-24 14:54:56.277 |                                ^^^^^^^^^^^^^^^^^^^^^^^^^^^^^^^^^
2026-07-24 14:54:56.277 |   File "/app/src/collectors/oracle.py", line 119, in _query_duration_family
2026-07-24 14:54:56.277 |     cur.execute(_QUERY_STATS_SQL)
2026-07-24 14:54:56.277 |   File "/usr/local/lib/python3.12/site-packages/oracledb/cursor.py", line 710, in execute
2026-07-24 14:54:56.277 |     impl.execute(self)
2026-07-24 14:54:56.277 |   File "src/oracledb/impl/thin/cursor.pyx", line 196, in oracledb.thin_impl.ThinCursorImpl.execute
2026-07-24 14:54:56.277 |   File "src/oracledb/impl/thin/protocol.pyx", line 440, in oracledb.thin_impl.Protocol._process_single_message
2026-07-24 14:54:56.277 |   File "src/oracledb/impl/thin/protocol.pyx", line 441, in oracledb.thin_impl.Protocol._process_single_message
2026-07-24 14:54:56.277 |   File "src/oracledb/impl/thin/protocol.pyx", line 433, in oracledb.thin_impl.Protocol._process_message
2026-07-24 14:54:56.277 |   File "src/oracledb/impl/thin/messages.pyx", line 74, in oracledb.thin_impl.Message._check_and_raise_exception
2026-07-24 14:54:56.277 | oracledb.exceptions.DatabaseError: ORA-00942: table or view does not exist
2026-07-24 14:54:56.277 | Help: https://docs.oracle.com/error-help/db/ora-00942/
2026-07-24 14:54:56.358 | 2026-07-24 21:54:56,357 INFO 172.19.0.3 - "GET /metrics?target=hris-hims-db HTTP/1.1" 200 -
2026-07-24 14:54:57.598 | 2026-07-24 21:54:57,598 ERROR scrape of target 'hris-scl-engineering-db' failed
2026-07-24 14:54:57.598 | Traceback (most recent call last):
2026-07-24 14:54:57.599 |   File "src/pymssql/_pymssql.pyx", line 650, in pymssql._pymssql.connect
2026-07-24 14:54:57.599 |   File "src/pymssql/_mssql.pyx", line 2158, in pymssql._mssql.connect
2026-07-24 14:54:57.599 |   File "src/pymssql/_mssql.pyx", line 712, in pymssql._mssql.MSSQLConnection.__init__
2026-07-24 14:54:57.599 |   File "src/pymssql/_mssql.pyx", line 1884, in pymssql._mssql.maybe_raise_MSSQLDatabaseException
2026-07-24 14:54:57.599 |   File "src/pymssql/_mssql.pyx", line 1901, in pymssql._mssql.raise_MSSQLDatabaseException
2026-07-24 14:54:57.599 | pymssql._mssql.MSSQLDatabaseException: (20009, b'DB-Lib error message 20009, severity 9:\nUnable to connect: Adaptive Server is unavailable or does not exist (COSWINDE516D1)\n')
2026-07-24 14:54:57.599 | 
2026-07-24 14:54:57.599 | During handling of the above exception, another exception occurred:
2026-07-24 14:54:57.599 | 
2026-07-24 14:54:57.599 | Traceback (most recent call last):
2026-07-24 14:54:57.599 |   File "/app/src/registry.py", line 74, in scrape
2026-07-24 14:54:57.599 |     families, had_partial_error = future.result(timeout=target.scrape_timeout_seconds)
2026-07-24 14:54:57.599 |                                   ^^^^^^^^^^^^^^^^^^^^^^^^^^^^^^^^^^^^^^^^^^^^^^^^^^^^
2026-07-24 14:54:57.599 |   File "/usr/local/lib/python3.12/concurrent/futures/_base.py", line 456, in result
2026-07-24 14:54:57.599 |     return self.__get_result()
2026-07-24 14:54:57.599 |            ^^^^^^^^^^^^^^^^^^^
2026-07-24 14:54:57.599 |   File "/usr/local/lib/python3.12/concurrent/futures/_base.py", line 401, in __get_result
2026-07-24 14:54:57.599 |     raise self._exception
2026-07-24 14:54:57.599 |   File "/usr/local/lib/python3.12/concurrent/futures/thread.py", line 59, in run
2026-07-24 14:54:57.599 |     result = self.fn(*self.args, **self.kwargs)
2026-07-24 14:54:57.599 |              ^^^^^^^^^^^^^^^^^^^^^^^^^^^^^^^^^^
2026-07-24 14:54:57.599 |   File "/app/src/registry.py", line 69, in _do_scrape
2026-07-24 14:54:57.599 |     conn = adapter.get_connection()
2026-07-24 14:54:57.599 |            ^^^^^^^^^^^^^^^^^^^^^^^^
2026-07-24 14:54:57.599 |   File "/app/src/collectors/base.py", line 65, in get_connection
2026-07-24 14:54:57.599 |     self._conn = self.connect()
2026-07-24 14:54:57.599 |                  ^^^^^^^^^^^^^^
2026-07-24 14:54:57.599 |   File "/app/src/collectors/sqlserver.py", line 70, in connect
2026-07-24 14:54:57.599 |     conn = pymssql.connect(
2026-07-24 14:54:57.599 |            ^^^^^^^^^^^^^^^^
2026-07-24 14:54:57.599 |   File "src/pymssql/_pymssql.pyx", line 659, in pymssql._pymssql.connect
2026-07-24 14:54:57.599 | pymssql.exceptions.OperationalError: (20009, b'DB-Lib error message 20009, severity 9:\nUnable to connect: Adaptive Server is unavailable or does not exist (COSWINDE516D1)\n')
2026-07-24 14:54:57.599 | 2026-07-24 21:54:57,598 INFO 172.19.0.3 - "GET /metrics?target=hris-scl-engineering-db HTTP/1.1" 200 -
2026-07-24 14:55:01.815 | 2026-07-24 21:55:01,814 ERROR query 'size' failed for target 'hris-card-db'
2026-07-24 14:55:01.815 | Traceback (most recent call last):
2026-07-24 14:55:01.815 |   File "/app/src/collectors/base.py", line 52, in safe_collect_family
2026-07-24 14:55:01.815 |     result = builder()
2026-07-24 14:55:01.815 |              ^^^^^^^^^
2026-07-24 14:55:01.815 |   File "/app/src/collectors/postgres.py", line 94, in <lambda>
2026-07-24 14:55:01.815 |     ("size", lambda: self._size_family(cur)),
2026-07-24 14:55:01.815 |                      ^^^^^^^^^^^^^^^^^^^^^^
2026-07-24 14:55:01.815 |   File "/app/src/collectors/postgres.py", line 168, in _size_family
2026-07-24 14:55:01.815 |     cur.execute(_SIZE_SQL)
2026-07-24 14:55:01.815 |   File "/usr/local/lib/python3.12/site-packages/psycopg2/extras.py", line 146, in execute
2026-07-24 14:55:01.815 |     return super().execute(query, vars)
2026-07-24 14:55:01.815 |            ^^^^^^^^^^^^^^^^^^^^^^^^^^^^
2026-07-24 14:55:01.815 | psycopg2.errors.InsufficientPrivilege: permission denied for database rdsadmin
2026-07-24 14:55:01.815 | 
2026-07-24 14:55:01.815 | 2026-07-24 21:55:01,815 INFO 172.19.0.3 - "GET /metrics?target=hris-card-db HTTP/1.1" 200 -
2026-07-24 14:55:11.275 | 2026-07-24 21:55:11,275 ERROR query 'query_duration' failed for target 'hris-hims-db'
2026-07-24 14:55:11.275 | Traceback (most recent call last):
2026-07-24 14:55:11.275 |   File "/app/src/collectors/base.py", line 52, in safe_collect_family
2026-07-24 14:55:11.275 |     result = builder()
2026-07-24 14:55:11.275 |              ^^^^^^^^^
2026-07-24 14:55:11.275 |   File "/app/src/collectors/oracle.py", line 103, in <lambda>
2026-07-24 14:55:11.275 |     ("query_duration", lambda: self._query_duration_family(conn)),
2026-07-24 14:55:11.275 |                                ^^^^^^^^^^^^^^^^^^^^^^^^^^^^^^^^^
2026-07-24 14:55:11.275 |   File "/app/src/collectors/oracle.py", line 119, in _query_duration_family
2026-07-24 14:55:11.275 |     cur.execute(_QUERY_STATS_SQL)
2026-07-24 14:55:11.275 |   File "/usr/local/lib/python3.12/site-packages/oracledb/cursor.py", line 710, in execute
2026-07-24 14:55:11.275 |     impl.execute(self)
2026-07-24 14:55:11.275 |   File "src/oracledb/impl/thin/cursor.pyx", line 196, in oracledb.thin_impl.ThinCursorImpl.execute
2026-07-24 14:55:11.275 |   File "src/oracledb/impl/thin/protocol.pyx", line 440, in oracledb.thin_impl.Protocol._process_single_message
2026-07-24 14:55:11.275 |   File "src/oracledb/impl/thin/protocol.pyx", line 441, in oracledb.thin_impl.Protocol._process_single_message
2026-07-24 14:55:11.275 |   File "src/oracledb/impl/thin/protocol.pyx", line 433, in oracledb.thin_impl.Protocol._process_message
2026-07-24 14:55:11.275 |   File "src/oracledb/impl/thin/messages.pyx", line 74, in oracledb.thin_impl.Message._check_and_raise_exception
2026-07-24 14:55:11.275 | oracledb.exceptions.DatabaseError: ORA-00942: table or view does not exist
2026-07-24 14:55:11.276 | Help: https://docs.oracle.com/error-help/db/ora-00942/
2026-07-24 14:55:11.348 | 2026-07-24 21:55:11,348 INFO 172.19.0.3 - "GET /metrics?target=hris-hims-db HTTP/1.1" 200 -
2026-07-24 14:55:12.597 | 2026-07-24 21:55:12,596 ERROR scrape of target 'hris-scl-engineering-db' failed
2026-07-24 14:55:12.597 | Traceback (most recent call last):
2026-07-24 14:55:12.597 |   File "src/pymssql/_pymssql.pyx", line 650, in pymssql._pymssql.connect
2026-07-24 14:55:12.597 |   File "src/pymssql/_mssql.pyx", line 2158, in pymssql._mssql.connect
2026-07-24 14:55:12.597 |   File "src/pymssql/_mssql.pyx", line 712, in pymssql._mssql.MSSQLConnection.__init__
2026-07-24 14:55:12.597 |   File "src/pymssql/_mssql.pyx", line 1884, in pymssql._mssql.maybe_raise_MSSQLDatabaseException
2026-07-24 14:55:12.597 |   File "src/pymssql/_mssql.pyx", line 1901, in pymssql._mssql.raise_MSSQLDatabaseException
2026-07-24 14:55:12.597 | pymssql._mssql.MSSQLDatabaseException: (20009, b'DB-Lib error message 20009, severity 9:\nUnable to connect: Adaptive Server is unavailable or does not exist (COSWINDE516D1)\n')
2026-07-24 14:55:12.597 | 
2026-07-24 14:55:12.597 | During handling of the above exception, another exception occurred:
2026-07-24 14:55:12.597 | 
2026-07-24 14:55:12.597 | Traceback (most recent call last):
2026-07-24 14:55:12.597 |   File "/app/src/registry.py", line 74, in scrape
2026-07-24 14:55:12.597 |     families, had_partial_error = future.result(timeout=target.scrape_timeout_seconds)
2026-07-24 14:55:12.597 |                                   ^^^^^^^^^^^^^^^^^^^^^^^^^^^^^^^^^^^^^^^^^^^^^^^^^^^^
2026-07-24 14:55:12.597 |   File "/usr/local/lib/python3.12/concurrent/futures/_base.py", line 456, in result
2026-07-24 14:55:12.597 |     return self.__get_result()
2026-07-24 14:55:12.597 |            ^^^^^^^^^^^^^^^^^^^
2026-07-24 14:55:12.597 |   File "/usr/local/lib/python3.12/concurrent/futures/_base.py", line 401, in __get_result
2026-07-24 14:55:12.597 |     raise self._exception
2026-07-24 14:55:12.597 |   File "/usr/local/lib/python3.12/concurrent/futures/thread.py", line 59, in run
2026-07-24 14:55:12.597 |     result = self.fn(*self.args, **self.kwargs)
2026-07-24 14:55:12.597 |              ^^^^^^^^^^^^^^^^^^^^^^^^^^^^^^^^^^
2026-07-24 14:55:12.597 |   File "/app/src/registry.py", line 69, in _do_scrape
2026-07-24 14:55:12.597 |     conn = adapter.get_connection()
2026-07-24 14:55:12.597 |            ^^^^^^^^^^^^^^^^^^^^^^^^
2026-07-24 14:55:12.597 |   File "/app/src/collectors/base.py", line 65, in get_connection
2026-07-24 14:55:12.597 |     self._conn = self.connect()
2026-07-24 14:55:12.597 |                  ^^^^^^^^^^^^^^
2026-07-24 14:55:12.597 |   File "/app/src/collectors/sqlserver.py", line 70, in connect
2026-07-24 14:55:12.597 |     conn = pymssql.connect(
2026-07-24 14:55:12.597 |            ^^^^^^^^^^^^^^^^
2026-07-24 14:55:12.597 |   File "src/pymssql/_pymssql.pyx", line 659, in pymssql._pymssql.connect
2026-07-24 14:55:12.597 | pymssql.exceptions.OperationalError: (20009, b'DB-Lib error message 20009, severity 9:\nUnable to connect: Adaptive Server is unavailable or does not exist (COSWINDE516D1)\n')
2026-07-24 14:55:12.597 | 2026-07-24 21:55:12,597 INFO 172.19.0.3 - "GET /metrics?target=hris-scl-engineering-db HTTP/1.1" 200 -
2026-07-24 14:55:16.791 | 2026-07-24 21:55:16,791 ERROR query 'size' failed for target 'hris-card-db'
2026-07-24 14:55:16.791 | Traceback (most recent call last):
2026-07-24 14:55:16.791 |   File "/app/src/collectors/base.py", line 52, in safe_collect_family
2026-07-24 14:55:16.791 |     result = builder()
2026-07-24 14:55:16.791 |              ^^^^^^^^^
2026-07-24 14:55:16.791 |   File "/app/src/collectors/postgres.py", line 94, in <lambda>
2026-07-24 14:55:16.791 |     ("size", lambda: self._size_family(cur)),
2026-07-24 14:55:16.791 |                      ^^^^^^^^^^^^^^^^^^^^^^
2026-07-24 14:55:16.791 |   File "/app/src/collectors/postgres.py", line 168, in _size_family
2026-07-24 14:55:16.791 |     cur.execute(_SIZE_SQL)
2026-07-24 14:55:16.791 |   File "/usr/local/lib/python3.12/site-packages/psycopg2/extras.py", line 146, in execute
2026-07-24 14:55:16.791 |     return super().execute(query, vars)
2026-07-24 14:55:16.791 |            ^^^^^^^^^^^^^^^^^^^^^^^^^^^^
2026-07-24 14:55:16.791 | psycopg2.errors.InsufficientPrivilege: permission denied for database rdsadmin
2026-07-24 14:55:16.791 | 
2026-07-24 14:55:16.792 | 2026-07-24 21:55:16,792 INFO 172.19.0.3 - "GET /metrics?target=hris-card-db HTTP/1.1" 200 -
2026-07-24 14:55:17.860 | 2026-07-24 21:55:17,859 INFO 127.0.0.1 - "GET /health HTTP/1.1" 200 -
2026-07-24 14:55:26.279 | 2026-07-24 21:55:26,279 ERROR query 'query_duration' failed for target 'hris-hims-db'
2026-07-24 14:55:26.279 | Traceback (most recent call last):
2026-07-24 14:55:26.279 |   File "/app/src/collectors/base.py", line 52, in safe_collect_family
2026-07-24 14:55:26.279 |     result = builder()
2026-07-24 14:55:26.279 |              ^^^^^^^^^
2026-07-24 14:55:26.279 |   File "/app/src/collectors/oracle.py", line 103, in <lambda>
2026-07-24 14:55:26.279 |     ("query_duration", lambda: self._query_duration_family(conn)),
2026-07-24 14:55:26.279 |                                ^^^^^^^^^^^^^^^^^^^^^^^^^^^^^^^^^
2026-07-24 14:55:26.279 |   File "/app/src/collectors/oracle.py", line 119, in _query_duration_family
2026-07-24 14:55:26.279 |     cur.execute(_QUERY_STATS_SQL)
2026-07-24 14:55:26.279 |   File "/usr/local/lib/python3.12/site-packages/oracledb/cursor.py", line 710, in execute
2026-07-24 14:55:26.279 |     impl.execute(self)
2026-07-24 14:55:26.279 |   File "src/oracledb/impl/thin/cursor.pyx", line 196, in oracledb.thin_impl.ThinCursorImpl.execute
2026-07-24 14:55:26.279 |   File "src/oracledb/impl/thin/protocol.pyx", line 440, in oracledb.thin_impl.Protocol._process_single_message
2026-07-24 14:55:26.279 |   File "src/oracledb/impl/thin/protocol.pyx", line 441, in oracledb.thin_impl.Protocol._process_single_message
2026-07-24 14:55:26.279 |   File "src/oracledb/impl/thin/protocol.pyx", line 433, in oracledb.thin_impl.Protocol._process_message
2026-07-24 14:55:26.279 |   File "src/oracledb/impl/thin/messages.pyx", line 74, in oracledb.thin_impl.Message._check_and_raise_exception
2026-07-24 14:55:26.279 | oracledb.exceptions.DatabaseError: ORA-00942: table or view does not exist
2026-07-24 14:55:26.279 | Help: https://docs.oracle.com/error-help/db/ora-00942/
2026-07-24 14:55:26.352 | 2026-07-24 21:55:26,352 INFO 172.19.0.3 - "GET /metrics?target=hris-hims-db HTTP/1.1" 200 -
2026-07-24 14:55:27.596 | 2026-07-24 21:55:27,595 ERROR scrape of target 'hris-scl-engineering-db' failed
2026-07-24 14:55:27.596 | Traceback (most recent call last):
2026-07-24 14:55:27.596 |   File "src/pymssql/_pymssql.pyx", line 650, in pymssql._pymssql.connect
2026-07-24 14:55:27.596 |   File "src/pymssql/_mssql.pyx", line 2158, in pymssql._mssql.connect
2026-07-24 14:55:27.596 |   File "src/pymssql/_mssql.pyx", line 712, in pymssql._mssql.MSSQLConnection.__init__
2026-07-24 14:55:27.596 |   File "src/pymssql/_mssql.pyx", line 1884, in pymssql._mssql.maybe_raise_MSSQLDatabaseException
2026-07-24 14:55:27.596 |   File "src/pymssql/_mssql.pyx", line 1901, in pymssql._mssql.raise_MSSQLDatabaseException
2026-07-24 14:55:27.596 | pymssql._mssql.MSSQLDatabaseException: (20009, b'DB-Lib error message 20009, severity 9:\nUnable to connect: Adaptive Server is unavailable or does not exist (COSWINDE516D1)\n')
2026-07-24 14:55:27.596 | 
2026-07-24 14:55:27.596 | During handling of the above exception, another exception occurred:
2026-07-24 14:55:27.596 | 
2026-07-24 14:55:27.596 | Traceback (most recent call last):
2026-07-24 14:55:27.596 |   File "/app/src/registry.py", line 74, in scrape
2026-07-24 14:55:27.596 |     families, had_partial_error = future.result(timeout=target.scrape_timeout_seconds)
2026-07-24 14:55:27.596 |                                   ^^^^^^^^^^^^^^^^^^^^^^^^^^^^^^^^^^^^^^^^^^^^^^^^^^^^
2026-07-24 14:55:27.596 |   File "/usr/local/lib/python3.12/concurrent/futures/_base.py", line 456, in result
2026-07-24 14:55:27.596 |     return self.__get_result()
2026-07-24 14:55:27.596 |            ^^^^^^^^^^^^^^^^^^^
2026-07-24 14:55:27.596 |   File "/usr/local/lib/python3.12/concurrent/futures/_base.py", line 401, in __get_result
2026-07-24 14:55:27.596 |     raise self._exception
2026-07-24 14:55:27.596 |   File "/usr/local/lib/python3.12/concurrent/futures/thread.py", line 59, in run
2026-07-24 14:55:27.596 |     result = self.fn(*self.args, **self.kwargs)
2026-07-24 14:55:27.596 |              ^^^^^^^^^^^^^^^^^^^^^^^^^^^^^^^^^^
2026-07-24 14:55:27.596 |   File "/app/src/registry.py", line 69, in _do_scrape
2026-07-24 14:55:27.596 |     conn = adapter.get_connection()
2026-07-24 14:55:27.596 |            ^^^^^^^^^^^^^^^^^^^^^^^^
2026-07-24 14:55:27.596 |   File "/app/src/collectors/base.py", line 65, in get_connection
2026-07-24 14:55:27.596 |     self._conn = self.connect()
2026-07-24 14:55:27.596 |                  ^^^^^^^^^^^^^^
2026-07-24 14:55:27.596 |   File "/app/src/collectors/sqlserver.py", line 70, in connect
2026-07-24 14:55:27.596 |     conn = pymssql.connect(
2026-07-24 14:55:27.596 |            ^^^^^^^^^^^^^^^^
2026-07-24 14:55:27.596 |   File "src/pymssql/_pymssql.pyx", line 659, in pymssql._pymssql.connect
2026-07-24 14:55:27.596 | pymssql.exceptions.OperationalError: (20009, b'DB-Lib error message 20009, severity 9:\nUnable to connect: Adaptive Server is unavailable or does not exist (COSWINDE516D1)\n')
2026-07-24 14:55:27.596 | 2026-07-24 21:55:27,596 INFO 172.19.0.3 - "GET /metrics?target=hris-scl-engineering-db HTTP/1.1" 200 -
2026-07-24 14:55:31.790 | 2026-07-24 21:55:31,790 ERROR query 'size' failed for target 'hris-card-db'
2026-07-24 14:55:31.790 | Traceback (most recent call last):
2026-07-24 14:55:31.790 |   File "/app/src/collectors/base.py", line 52, in safe_collect_family
2026-07-24 14:55:31.790 |     result = builder()
2026-07-24 14:55:31.790 |              ^^^^^^^^^
2026-07-24 14:55:31.790 |   File "/app/src/collectors/postgres.py", line 94, in <lambda>
2026-07-24 14:55:31.790 |     ("size", lambda: self._size_family(cur)),
2026-07-24 14:55:31.790 |                      ^^^^^^^^^^^^^^^^^^^^^^
2026-07-24 14:55:31.790 |   File "/app/src/collectors/postgres.py", line 168, in _size_family
2026-07-24 14:55:31.790 |     cur.execute(_SIZE_SQL)
2026-07-24 14:55:31.790 |   File "/usr/local/lib/python3.12/site-packages/psycopg2/extras.py", line 146, in execute
2026-07-24 14:55:31.790 |     return super().execute(query, vars)
2026-07-24 14:55:31.790 |            ^^^^^^^^^^^^^^^^^^^^^^^^^^^^
2026-07-24 14:55:31.790 | psycopg2.errors.InsufficientPrivilege: permission denied for database rdsadmin
2026-07-24 14:55:31.790 | 
2026-07-24 14:55:31.791 | 2026-07-24 21:55:31,790 INFO 172.19.0.3 - "GET /metrics?target=hris-card-db HTTP/1.1" 200 -
2026-07-24 14:55:41.279 | 2026-07-24 21:55:41,278 ERROR query 'query_duration' failed for target 'hris-hims-db'
2026-07-24 14:55:41.279 | Traceback (most recent call last):
2026-07-24 14:55:41.279 |   File "/app/src/collectors/base.py", line 52, in safe_collect_family
2026-07-24 14:55:41.279 |     result = builder()
2026-07-24 14:55:41.279 |              ^^^^^^^^^
2026-07-24 14:55:41.279 |   File "/app/src/collectors/oracle.py", line 103, in <lambda>
2026-07-24 14:55:41.279 |     ("query_duration", lambda: self._query_duration_family(conn)),
2026-07-24 14:55:41.279 |                                ^^^^^^^^^^^^^^^^^^^^^^^^^^^^^^^^^
2026-07-24 14:55:41.279 |   File "/app/src/collectors/oracle.py", line 119, in _query_duration_family
2026-07-24 14:55:41.279 |     cur.execute(_QUERY_STATS_SQL)
2026-07-24 14:55:41.279 |   File "/usr/local/lib/python3.12/site-packages/oracledb/cursor.py", line 710, in execute
2026-07-24 14:55:41.279 |     impl.execute(self)
2026-07-24 14:55:41.279 |   File "src/oracledb/impl/thin/cursor.pyx", line 196, in oracledb.thin_impl.ThinCursorImpl.execute
2026-07-24 14:55:41.279 |   File "src/oracledb/impl/thin/protocol.pyx", line 440, in oracledb.thin_impl.Protocol._process_single_message
2026-07-24 14:55:41.279 |   File "src/oracledb/impl/thin/protocol.pyx", line 441, in oracledb.thin_impl.Protocol._process_single_message
2026-07-24 14:55:41.279 |   File "src/oracledb/impl/thin/protocol.pyx", line 433, in oracledb.thin_impl.Protocol._process_message
2026-07-24 14:55:41.279 |   File "src/oracledb/impl/thin/messages.pyx", line 74, in oracledb.thin_impl.Message._check_and_raise_exception
2026-07-24 14:55:41.279 | oracledb.exceptions.DatabaseError: ORA-00942: table or view does not exist
2026-07-24 14:55:41.279 | Help: https://docs.oracle.com/error-help/db/ora-00942/
2026-07-24 14:55:41.379 | 2026-07-24 21:55:41,378 INFO 172.19.0.3 - "GET /metrics?target=hris-hims-db HTTP/1.1" 200 -
2026-07-24 14:55:42.598 | 2026-07-24 21:55:42,597 ERROR scrape of target 'hris-scl-engineering-db' failed
2026-07-24 14:55:42.598 | Traceback (most recent call last):
2026-07-24 14:55:42.598 |   File "src/pymssql/_pymssql.pyx", line 650, in pymssql._pymssql.connect
2026-07-24 14:55:42.598 |   File "src/pymssql/_mssql.pyx", line 2158, in pymssql._mssql.connect
2026-07-24 14:55:42.598 |   File "src/pymssql/_mssql.pyx", line 712, in pymssql._mssql.MSSQLConnection.__init__
2026-07-24 14:55:42.598 |   File "src/pymssql/_mssql.pyx", line 1884, in pymssql._mssql.maybe_raise_MSSQLDatabaseException
2026-07-24 14:55:42.598 |   File "src/pymssql/_mssql.pyx", line 1901, in pymssql._mssql.raise_MSSQLDatabaseException
2026-07-24 14:55:42.598 | pymssql._mssql.MSSQLDatabaseException: (20009, b'DB-Lib error message 20009, severity 9:\nUnable to connect: Adaptive Server is unavailable or does not exist (COSWINDE516D1)\n')
2026-07-24 14:55:42.598 | 
2026-07-24 14:55:42.598 | During handling of the above exception, another exception occurred:
2026-07-24 14:55:42.598 | 
2026-07-24 14:55:42.598 | Traceback (most recent call last):
2026-07-24 14:55:42.598 |   File "/app/src/registry.py", line 74, in scrape
2026-07-24 14:55:42.598 |     families, had_partial_error = future.result(timeout=target.scrape_timeout_seconds)
2026-07-24 14:55:42.598 |                                   ^^^^^^^^^^^^^^^^^^^^^^^^^^^^^^^^^^^^^^^^^^^^^^^^^^^^
2026-07-24 14:55:42.598 |   File "/usr/local/lib/python3.12/concurrent/futures/_base.py", line 456, in result
2026-07-24 14:55:42.598 |     return self.__get_result()
2026-07-24 14:55:42.598 |            ^^^^^^^^^^^^^^^^^^^
2026-07-24 14:55:42.598 |   File "/usr/local/lib/python3.12/concurrent/futures/_base.py", line 401, in __get_result
2026-07-24 14:55:42.598 |     raise self._exception
2026-07-24 14:55:42.598 |   File "/usr/local/lib/python3.12/concurrent/futures/thread.py", line 59, in run
2026-07-24 14:55:42.598 |     result = self.fn(*self.args, **self.kwargs)
2026-07-24 14:55:42.598 |              ^^^^^^^^^^^^^^^^^^^^^^^^^^^^^^^^^^
2026-07-24 14:55:42.598 |   File "/app/src/registry.py", line 69, in _do_scrape
2026-07-24 14:55:42.598 |     conn = adapter.get_connection()
2026-07-24 14:55:42.598 |            ^^^^^^^^^^^^^^^^^^^^^^^^
2026-07-24 14:55:42.598 |   File "/app/src/collectors/base.py", line 65, in get_connection
2026-07-24 14:55:42.598 |     self._conn = self.connect()
2026-07-24 14:55:42.598 |                  ^^^^^^^^^^^^^^
2026-07-24 14:55:42.598 |   File "/app/src/collectors/sqlserver.py", line 70, in connect
2026-07-24 14:55:42.598 |     conn = pymssql.connect(
2026-07-24 14:55:42.598 |            ^^^^^^^^^^^^^^^^
2026-07-24 14:55:42.598 |   File "src/pymssql/_pymssql.pyx", line 659, in pymssql._pymssql.connect
2026-07-24 14:55:42.598 | pymssql.exceptions.OperationalError: (20009, b'DB-Lib error message 20009, severity 9:\nUnable to connect: Adaptive Server is unavailable or does not exist (COSWINDE516D1)\n')
2026-07-24 14:55:42.598 | 2026-07-24 21:55:42,598 INFO 172.19.0.3 - "GET /metrics?target=hris-scl-engineering-db HTTP/1.1" 200 -
2026-07-24 14:55:46.783 | 2026-07-24 21:55:46,782 ERROR query 'size' failed for target 'hris-card-db'
2026-07-24 14:55:46.783 | Traceback (most recent call last):
2026-07-24 14:55:46.783 |   File "/app/src/collectors/base.py", line 52, in safe_collect_family
2026-07-24 14:55:46.783 |     result = builder()
2026-07-24 14:55:46.783 |              ^^^^^^^^^
2026-07-24 14:55:46.783 |   File "/app/src/collectors/postgres.py", line 94, in <lambda>
2026-07-24 14:55:46.783 |     ("size", lambda: self._size_family(cur)),
2026-07-24 14:55:46.783 |                      ^^^^^^^^^^^^^^^^^^^^^^
2026-07-24 14:55:46.783 |   File "/app/src/collectors/postgres.py", line 168, in _size_family
2026-07-24 14:55:46.783 |     cur.execute(_SIZE_SQL)
2026-07-24 14:55:46.783 |   File "/usr/local/lib/python3.12/site-packages/psycopg2/extras.py", line 146, in execute
2026-07-24 14:55:46.783 |     return super().execute(query, vars)
2026-07-24 14:55:46.783 |            ^^^^^^^^^^^^^^^^^^^^^^^^^^^^
2026-07-24 14:55:46.783 | psycopg2.errors.InsufficientPrivilege: permission denied for database rdsadmin
2026-07-24 14:55:46.783 | 
2026-07-24 14:55:46.783 | 2026-07-24 21:55:46,783 INFO 172.19.0.3 - "GET /metrics?target=hris-card-db HTTP/1.1" 200 -
2026-07-24 14:55:47.978 | 2026-07-24 21:55:47,978 INFO 127.0.0.1 - "GET /health HTTP/1.1" 200 -
2026-07-24 14:55:56.278 | 2026-07-24 21:55:56,277 ERROR query 'query_duration' failed for target 'hris-hims-db'
2026-07-24 14:55:56.278 | Traceback (most recent call last):
2026-07-24 14:55:56.278 |   File "/app/src/collectors/base.py", line 52, in safe_collect_family
2026-07-24 14:55:56.278 |     result = builder()
2026-07-24 14:55:56.278 |              ^^^^^^^^^
2026-07-24 14:55:56.278 |   File "/app/src/collectors/oracle.py", line 103, in <lambda>
2026-07-24 14:55:56.278 |     ("query_duration", lambda: self._query_duration_family(conn)),
2026-07-24 14:55:56.278 |                                ^^^^^^^^^^^^^^^^^^^^^^^^^^^^^^^^^
2026-07-24 14:55:56.278 |   File "/app/src/collectors/oracle.py", line 119, in _query_duration_family
2026-07-24 14:55:56.278 |     cur.execute(_QUERY_STATS_SQL)
2026-07-24 14:55:56.278 |   File "/usr/local/lib/python3.12/site-packages/oracledb/cursor.py", line 710, in execute
2026-07-24 14:55:56.278 |     impl.execute(self)
2026-07-24 14:55:56.278 |   File "src/oracledb/impl/thin/cursor.pyx", line 196, in oracledb.thin_impl.ThinCursorImpl.execute
2026-07-24 14:55:56.278 |   File "src/oracledb/impl/thin/protocol.pyx", line 440, in oracledb.thin_impl.Protocol._process_single_message
2026-07-24 14:55:56.278 |   File "src/oracledb/impl/thin/protocol.pyx", line 441, in oracledb.thin_impl.Protocol._process_single_message
2026-07-24 14:55:56.278 |   File "src/oracledb/impl/thin/protocol.pyx", line 433, in oracledb.thin_impl.Protocol._process_message
2026-07-24 14:55:56.278 |   File "src/oracledb/impl/thin/messages.pyx", line 74, in oracledb.thin_impl.Message._check_and_raise_exception
2026-07-24 14:55:56.278 | oracledb.exceptions.DatabaseError: ORA-00942: table or view does not exist
2026-07-24 14:55:56.278 | Help: https://docs.oracle.com/error-help/db/ora-00942/
2026-07-24 14:55:56.355 | 2026-07-24 21:55:56,355 INFO 172.19.0.3 - "GET /metrics?target=hris-hims-db HTTP/1.1" 200 -
2026-07-24 14:55:57.596 | 2026-07-24 21:55:57,595 ERROR scrape of target 'hris-scl-engineering-db' failed
2026-07-24 14:55:57.596 | Traceback (most recent call last):
2026-07-24 14:55:57.596 |   File "src/pymssql/_pymssql.pyx", line 650, in pymssql._pymssql.connect
2026-07-24 14:55:57.596 |   File "src/pymssql/_mssql.pyx", line 2158, in pymssql._mssql.connect
2026-07-24 14:55:57.596 |   File "src/pymssql/_mssql.pyx", line 712, in pymssql._mssql.MSSQLConnection.__init__
2026-07-24 14:55:57.596 |   File "src/pymssql/_mssql.pyx", line 1884, in pymssql._mssql.maybe_raise_MSSQLDatabaseException
2026-07-24 14:55:57.596 |   File "src/pymssql/_mssql.pyx", line 1901, in pymssql._mssql.raise_MSSQLDatabaseException
2026-07-24 14:55:57.596 | pymssql._mssql.MSSQLDatabaseException: (20009, b'DB-Lib error message 20009, severity 9:\nUnable to connect: Adaptive Server is unavailable or does not exist (COSWINDE516D1)\n')
2026-07-24 14:55:57.596 | 
2026-07-24 14:55:57.596 | During handling of the above exception, another exception occurred:
2026-07-24 14:55:57.596 | 
2026-07-24 14:55:57.596 | Traceback (most recent call last):
2026-07-24 14:55:57.596 |   File "/app/src/registry.py", line 74, in scrape
2026-07-24 14:55:57.596 |     families, had_partial_error = future.result(timeout=target.scrape_timeout_seconds)
2026-07-24 14:55:57.596 |                                   ^^^^^^^^^^^^^^^^^^^^^^^^^^^^^^^^^^^^^^^^^^^^^^^^^^^^
2026-07-24 14:55:57.596 |   File "/usr/local/lib/python3.12/concurrent/futures/_base.py", line 456, in result
2026-07-24 14:55:57.596 |     return self.__get_result()
2026-07-24 14:55:57.596 |            ^^^^^^^^^^^^^^^^^^^
2026-07-24 14:55:57.596 |   File "/usr/local/lib/python3.12/concurrent/futures/_base.py", line 401, in __get_result
2026-07-24 14:55:57.596 |     raise self._exception
2026-07-24 14:55:57.596 |   File "/usr/local/lib/python3.12/concurrent/futures/thread.py", line 59, in run
2026-07-24 14:55:57.596 |     result = self.fn(*self.args, **self.kwargs)
2026-07-24 14:55:57.596 |              ^^^^^^^^^^^^^^^^^^^^^^^^^^^^^^^^^^
2026-07-24 14:55:57.596 |   File "/app/src/registry.py", line 69, in _do_scrape
2026-07-24 14:55:57.596 |     conn = adapter.get_connection()
2026-07-24 14:55:57.596 |            ^^^^^^^^^^^^^^^^^^^^^^^^
2026-07-24 14:55:57.596 |   File "/app/src/collectors/base.py", line 65, in get_connection
2026-07-24 14:55:57.596 |     self._conn = self.connect()
2026-07-24 14:55:57.596 |                  ^^^^^^^^^^^^^^
2026-07-24 14:55:57.596 |   File "/app/src/collectors/sqlserver.py", line 70, in connect
2026-07-24 14:55:57.596 |     conn = pymssql.connect(
2026-07-24 14:55:57.596 |            ^^^^^^^^^^^^^^^^
2026-07-24 14:55:57.596 |   File "src/pymssql/_pymssql.pyx", line 659, in pymssql._pymssql.connect
2026-07-24 14:55:57.596 | pymssql.exceptions.OperationalError: (20009, b'DB-Lib error message 20009, severity 9:\nUnable to connect: Adaptive Server is unavailable or does not exist (COSWINDE516D1)\n')
2026-07-24 14:55:57.596 | 2026-07-24 21:55:57,596 INFO 172.19.0.3 - "GET /metrics?target=hris-scl-engineering-db HTTP/1.1" 200 -
2026-07-24 14:56:01.877 | 2026-07-24 21:56:01,877 ERROR query 'size' failed for target 'hris-card-db'
2026-07-24 14:56:01.877 | Traceback (most recent call last):
2026-07-24 14:56:01.877 |   File "/app/src/collectors/base.py", line 52, in safe_collect_family
2026-07-24 14:56:01.877 |     result = builder()
2026-07-24 14:56:01.877 |              ^^^^^^^^^
2026-07-24 14:56:01.877 |   File "/app/src/collectors/postgres.py", line 94, in <lambda>
2026-07-24 14:56:01.877 |     ("size", lambda: self._size_family(cur)),
2026-07-24 14:56:01.877 |                      ^^^^^^^^^^^^^^^^^^^^^^
2026-07-24 14:56:01.877 |   File "/app/src/collectors/postgres.py", line 168, in _size_family
2026-07-24 14:56:01.877 |     cur.execute(_SIZE_SQL)
2026-07-24 14:56:01.877 |   File "/usr/local/lib/python3.12/site-packages/psycopg2/extras.py", line 146, in execute
2026-07-24 14:56:01.877 |     return super().execute(query, vars)
2026-07-24 14:56:01.877 |            ^^^^^^^^^^^^^^^^^^^^^^^^^^^^
2026-07-24 14:56:01.877 | psycopg2.errors.InsufficientPrivilege: permission denied for database rdsadmin
2026-07-24 14:56:01.877 | 
2026-07-24 14:56:01.878 | 2026-07-24 21:56:01,877 INFO 172.19.0.3 - "GET /metrics?target=hris-card-db HTTP/1.1" 200 -
2026-07-24 14:56:11.277 | 2026-07-24 21:56:11,276 ERROR query 'query_duration' failed for target 'hris-hims-db'
2026-07-24 14:56:11.277 | Traceback (most recent call last):
2026-07-24 14:56:11.277 |   File "/app/src/collectors/base.py", line 52, in safe_collect_family
2026-07-24 14:56:11.277 |     result = builder()
2026-07-24 14:56:11.277 |              ^^^^^^^^^
2026-07-24 14:56:11.277 |   File "/app/src/collectors/oracle.py", line 103, in <lambda>
2026-07-24 14:56:11.277 |     ("query_duration", lambda: self._query_duration_family(conn)),
2026-07-24 14:56:11.277 |                                ^^^^^^^^^^^^^^^^^^^^^^^^^^^^^^^^^
2026-07-24 14:56:11.277 |   File "/app/src/collectors/oracle.py", line 119, in _query_duration_family
2026-07-24 14:56:11.277 |     cur.execute(_QUERY_STATS_SQL)
2026-07-24 14:56:11.277 |   File "/usr/local/lib/python3.12/site-packages/oracledb/cursor.py", line 710, in execute
2026-07-24 14:56:11.277 |     impl.execute(self)
2026-07-24 14:56:11.277 |   File "src/oracledb/impl/thin/cursor.pyx", line 196, in oracledb.thin_impl.ThinCursorImpl.execute
2026-07-24 14:56:11.277 |   File "src/oracledb/impl/thin/protocol.pyx", line 440, in oracledb.thin_impl.Protocol._process_single_message
2026-07-24 14:56:11.277 |   File "src/oracledb/impl/thin/protocol.pyx", line 441, in oracledb.thin_impl.Protocol._process_single_message
2026-07-24 14:56:11.277 |   File "src/oracledb/impl/thin/protocol.pyx", line 433, in oracledb.thin_impl.Protocol._process_message
2026-07-24 14:56:11.277 |   File "src/oracledb/impl/thin/messages.pyx", line 74, in oracledb.thin_impl.Message._check_and_raise_exception
2026-07-24 14:56:11.277 | oracledb.exceptions.DatabaseError: ORA-00942: table or view does not exist
2026-07-24 14:56:11.277 | Help: https://docs.oracle.com/error-help/db/ora-00942/
2026-07-24 14:56:11.351 | 2026-07-24 21:56:11,351 INFO 172.19.0.3 - "GET /metrics?target=hris-hims-db HTTP/1.1" 200 -
2026-07-24 14:56:12.578 | 2026-07-24 21:56:12,577 ERROR scrape of target 'hris-scl-engineering-db' failed
2026-07-24 14:56:12.578 | Traceback (most recent call last):
2026-07-24 14:56:12.578 |   File "src/pymssql/_pymssql.pyx", line 650, in pymssql._pymssql.connect
2026-07-24 14:56:12.578 |   File "src/pymssql/_mssql.pyx", line 2158, in pymssql._mssql.connect
2026-07-24 14:56:12.578 |   File "src/pymssql/_mssql.pyx", line 712, in pymssql._mssql.MSSQLConnection.__init__
2026-07-24 14:56:12.578 |   File "src/pymssql/_mssql.pyx", line 1884, in pymssql._mssql.maybe_raise_MSSQLDatabaseException
2026-07-24 14:56:12.578 |   File "src/pymssql/_mssql.pyx", line 1901, in pymssql._mssql.raise_MSSQLDatabaseException
2026-07-24 14:56:12.578 | pymssql._mssql.MSSQLDatabaseException: (20009, b'DB-Lib error message 20009, severity 9:\nUnable to connect: Adaptive Server is unavailable or does not exist (COSWINDE516D1)\n')
2026-07-24 14:56:12.578 | 
2026-07-24 14:56:12.578 | During handling of the above exception, another exception occurred:
2026-07-24 14:56:12.578 | 
2026-07-24 14:56:12.578 | Traceback (most recent call last):
2026-07-24 14:56:12.578 |   File "/app/src/registry.py", line 74, in scrape
2026-07-24 14:56:12.578 |     families, had_partial_error = future.result(timeout=target.scrape_timeout_seconds)
2026-07-24 14:56:12.578 |                                   ^^^^^^^^^^^^^^^^^^^^^^^^^^^^^^^^^^^^^^^^^^^^^^^^^^^^
2026-07-24 14:56:12.578 |   File "/usr/local/lib/python3.12/concurrent/futures/_base.py", line 456, in result
2026-07-24 14:56:12.578 |     return self.__get_result()
2026-07-24 14:56:12.578 |            ^^^^^^^^^^^^^^^^^^^
2026-07-24 14:56:12.578 |   File "/usr/local/lib/python3.12/concurrent/futures/_base.py", line 401, in __get_result
2026-07-24 14:56:12.578 |     raise self._exception
2026-07-24 14:56:12.578 |   File "/usr/local/lib/python3.12/concurrent/futures/thread.py", line 59, in run
2026-07-24 14:56:12.578 |     result = self.fn(*self.args, **self.kwargs)
2026-07-24 14:56:12.578 |              ^^^^^^^^^^^^^^^^^^^^^^^^^^^^^^^^^^
2026-07-24 14:56:12.578 |   File "/app/src/registry.py", line 69, in _do_scrape
2026-07-24 14:56:12.578 |     conn = adapter.get_connection()
2026-07-24 14:56:12.578 |            ^^^^^^^^^^^^^^^^^^^^^^^^
2026-07-24 14:56:12.578 |   File "/app/src/collectors/base.py", line 65, in get_connection
2026-07-24 14:56:12.578 |     self._conn = self.connect()
2026-07-24 14:56:12.578 |                  ^^^^^^^^^^^^^^
2026-07-24 14:56:12.578 |   File "/app/src/collectors/sqlserver.py", line 70, in connect
2026-07-24 14:56:12.578 |     conn = pymssql.connect(
2026-07-24 14:56:12.578 |            ^^^^^^^^^^^^^^^^
2026-07-24 14:56:12.578 |   File "src/pymssql/_pymssql.pyx", line 659, in pymssql._pymssql.connect
2026-07-24 14:56:12.578 | pymssql.exceptions.OperationalError: (20009, b'DB-Lib error message 20009, severity 9:\nUnable to connect: Adaptive Server is unavailable or does not exist (COSWINDE516D1)\n')
2026-07-24 14:56:12.578 | 2026-07-24 21:56:12,578 INFO 172.19.0.3 - "GET /metrics?target=hris-scl-engineering-db HTTP/1.1" 200 -
2026-07-24 14:56:16.780 | 2026-07-24 21:56:16,779 ERROR query 'size' failed for target 'hris-card-db'
2026-07-24 14:56:16.780 | Traceback (most recent call last):
2026-07-24 14:56:16.780 |   File "/app/src/collectors/base.py", line 52, in safe_collect_family
2026-07-24 14:56:16.780 |     result = builder()
2026-07-24 14:56:16.780 |              ^^^^^^^^^
2026-07-24 14:56:16.780 |   File "/app/src/collectors/postgres.py", line 94, in <lambda>
2026-07-24 14:56:16.780 |     ("size", lambda: self._size_family(cur)),
2026-07-24 14:56:16.780 |                      ^^^^^^^^^^^^^^^^^^^^^^
2026-07-24 14:56:16.780 |   File "/app/src/collectors/postgres.py", line 168, in _size_family
2026-07-24 14:56:16.780 |     cur.execute(_SIZE_SQL)
2026-07-24 14:56:16.780 |   File "/usr/local/lib/python3.12/site-packages/psycopg2/extras.py", line 146, in execute
2026-07-24 14:56:16.780 |     return super().execute(query, vars)
2026-07-24 14:56:16.780 |            ^^^^^^^^^^^^^^^^^^^^^^^^^^^^
2026-07-24 14:56:16.780 | psycopg2.errors.InsufficientPrivilege: permission denied for database rdsadmin
2026-07-24 14:56:16.780 | 
2026-07-24 14:56:16.780 | 2026-07-24 21:56:16,780 INFO 172.19.0.3 - "GET /metrics?target=hris-card-db HTTP/1.1" 200 -
2026-07-24 14:56:18.084 | 2026-07-24 21:56:18,084 INFO 127.0.0.1 - "GET /health HTTP/1.1" 200 -
2026-07-24 14:56:26.278 | 2026-07-24 21:56:26,277 ERROR query 'query_duration' failed for target 'hris-hims-db'
2026-07-24 14:56:26.278 | Traceback (most recent call last):
2026-07-24 14:56:26.278 |   File "/app/src/collectors/base.py", line 52, in safe_collect_family
2026-07-24 14:56:26.278 |     result = builder()
2026-07-24 14:56:26.278 |              ^^^^^^^^^
2026-07-24 14:56:26.278 |   File "/app/src/collectors/oracle.py", line 103, in <lambda>
2026-07-24 14:56:26.278 |     ("query_duration", lambda: self._query_duration_family(conn)),
2026-07-24 14:56:26.278 |                                ^^^^^^^^^^^^^^^^^^^^^^^^^^^^^^^^^
2026-07-24 14:56:26.278 |   File "/app/src/collectors/oracle.py", line 119, in _query_duration_family
2026-07-24 14:56:26.278 |     cur.execute(_QUERY_STATS_SQL)
2026-07-24 14:56:26.278 |   File "/usr/local/lib/python3.12/site-packages/oracledb/cursor.py", line 710, in execute
2026-07-24 14:56:26.278 |     impl.execute(self)
2026-07-24 14:56:26.278 |   File "src/oracledb/impl/thin/cursor.pyx", line 196, in oracledb.thin_impl.ThinCursorImpl.execute
2026-07-24 14:56:26.278 |   File "src/oracledb/impl/thin/protocol.pyx", line 440, in oracledb.thin_impl.Protocol._process_single_message
2026-07-24 14:56:26.278 |   File "src/oracledb/impl/thin/protocol.pyx", line 441, in oracledb.thin_impl.Protocol._process_single_message
2026-07-24 14:56:26.278 |   File "src/oracledb/impl/thin/protocol.pyx", line 433, in oracledb.thin_impl.Protocol._process_message
2026-07-24 14:56:26.278 |   File "src/oracledb/impl/thin/messages.pyx", line 74, in oracledb.thin_impl.Message._check_and_raise_exception
2026-07-24 14:56:26.278 | oracledb.exceptions.DatabaseError: ORA-00942: table or view does not exist
2026-07-24 14:56:26.278 | Help: https://docs.oracle.com/error-help/db/ora-00942/
2026-07-24 14:56:26.349 | 2026-07-24 21:56:26,349 INFO 172.19.0.3 - "GET /metrics?target=hris-hims-db HTTP/1.1" 200 -
2026-07-24 14:56:27.596 | 2026-07-24 21:56:27,595 ERROR scrape of target 'hris-scl-engineering-db' failed
2026-07-24 14:56:27.596 | Traceback (most recent call last):
2026-07-24 14:56:27.596 |   File "src/pymssql/_pymssql.pyx", line 650, in pymssql._pymssql.connect
2026-07-24 14:56:27.596 |   File "src/pymssql/_mssql.pyx", line 2158, in pymssql._mssql.connect
2026-07-24 14:56:27.596 |   File "src/pymssql/_mssql.pyx", line 712, in pymssql._mssql.MSSQLConnection.__init__
2026-07-24 14:56:27.596 |   File "src/pymssql/_mssql.pyx", line 1884, in pymssql._mssql.maybe_raise_MSSQLDatabaseException
2026-07-24 14:56:27.596 |   File "src/pymssql/_mssql.pyx", line 1901, in pymssql._mssql.raise_MSSQLDatabaseException
2026-07-24 14:56:27.596 | pymssql._mssql.MSSQLDatabaseException: (20009, b'DB-Lib error message 20009, severity 9:\nUnable to connect: Adaptive Server is unavailable or does not exist (COSWINDE516D1)\n')
2026-07-24 14:56:27.596 | 
2026-07-24 14:56:27.596 | During handling of the above exception, another exception occurred:
2026-07-24 14:56:27.596 | 
2026-07-24 14:56:27.596 | Traceback (most recent call last):
2026-07-24 14:56:27.596 |   File "/app/src/registry.py", line 74, in scrape
2026-07-24 14:56:27.596 |     families, had_partial_error = future.result(timeout=target.scrape_timeout_seconds)
2026-07-24 14:56:27.596 |                                   ^^^^^^^^^^^^^^^^^^^^^^^^^^^^^^^^^^^^^^^^^^^^^^^^^^^^
2026-07-24 14:56:27.596 |   File "/usr/local/lib/python3.12/concurrent/futures/_base.py", line 456, in result
2026-07-24 14:56:27.596 |     return self.__get_result()
2026-07-24 14:56:27.596 |            ^^^^^^^^^^^^^^^^^^^
2026-07-24 14:56:27.596 |   File "/usr/local/lib/python3.12/concurrent/futures/_base.py", line 401, in __get_result
2026-07-24 14:56:27.596 |     raise self._exception
2026-07-24 14:56:27.596 |   File "/usr/local/lib/python3.12/concurrent/futures/thread.py", line 59, in run
2026-07-24 14:56:27.596 |     result = self.fn(*self.args, **self.kwargs)
2026-07-24 14:56:27.596 |              ^^^^^^^^^^^^^^^^^^^^^^^^^^^^^^^^^^
2026-07-24 14:56:27.596 |   File "/app/src/registry.py", line 69, in _do_scrape
2026-07-24 14:56:27.596 |     conn = adapter.get_connection()
2026-07-24 14:56:27.596 |            ^^^^^^^^^^^^^^^^^^^^^^^^
2026-07-24 14:56:27.596 |   File "/app/src/collectors/base.py", line 65, in get_connection
2026-07-24 14:56:27.596 |     self._conn = self.connect()
2026-07-24 14:56:27.596 |                  ^^^^^^^^^^^^^^
2026-07-24 14:56:27.596 |   File "/app/src/collectors/sqlserver.py", line 70, in connect
2026-07-24 14:56:27.596 |     conn = pymssql.connect(
2026-07-24 14:56:27.596 |            ^^^^^^^^^^^^^^^^
2026-07-24 14:56:27.596 |   File "src/pymssql/_pymssql.pyx", line 659, in pymssql._pymssql.connect
2026-07-24 14:56:27.596 | pymssql.exceptions.OperationalError: (20009, b'DB-Lib error message 20009, severity 9:\nUnable to connect: Adaptive Server is unavailable or does not exist (COSWINDE516D1)\n')
2026-07-24 14:56:27.596 | 2026-07-24 21:56:27,595 INFO 172.19.0.3 - "GET /metrics?target=hris-scl-engineering-db HTTP/1.1" 200 -
2026-07-24 14:56:31.801 | 2026-07-24 21:56:31,800 ERROR query 'size' failed for target 'hris-card-db'
2026-07-24 14:56:31.801 | Traceback (most recent call last):
2026-07-24 14:56:31.801 |   File "/app/src/collectors/base.py", line 52, in safe_collect_family
2026-07-24 14:56:31.801 |     result = builder()
2026-07-24 14:56:31.801 |              ^^^^^^^^^
2026-07-24 14:56:31.801 |   File "/app/src/collectors/postgres.py", line 94, in <lambda>
2026-07-24 14:56:31.801 |     ("size", lambda: self._size_family(cur)),
2026-07-24 14:56:31.801 |                      ^^^^^^^^^^^^^^^^^^^^^^
2026-07-24 14:56:31.801 |   File "/app/src/collectors/postgres.py", line 168, in _size_family
2026-07-24 14:56:31.801 |     cur.execute(_SIZE_SQL)
2026-07-24 14:56:31.801 |   File "/usr/local/lib/python3.12/site-packages/psycopg2/extras.py", line 146, in execute
2026-07-24 14:56:31.801 |     return super().execute(query, vars)
2026-07-24 14:56:31.801 |            ^^^^^^^^^^^^^^^^^^^^^^^^^^^^
2026-07-24 14:56:31.801 | psycopg2.errors.InsufficientPrivilege: permission denied for database rdsadmin
2026-07-24 14:56:31.801 | 
2026-07-24 14:56:31.801 | 2026-07-24 21:56:31,801 INFO 172.19.0.3 - "GET /metrics?target=hris-card-db HTTP/1.1" 200 -
2026-07-24 14:56:41.275 | 2026-07-24 21:56:41,275 ERROR query 'query_duration' failed for target 'hris-hims-db'
2026-07-24 14:56:41.275 | Traceback (most recent call last):
2026-07-24 14:56:41.275 |   File "/app/src/collectors/base.py", line 52, in safe_collect_family
2026-07-24 14:56:41.275 |     result = builder()
2026-07-24 14:56:41.275 |              ^^^^^^^^^
2026-07-24 14:56:41.275 |   File "/app/src/collectors/oracle.py", line 103, in <lambda>
2026-07-24 14:56:41.275 |     ("query_duration", lambda: self._query_duration_family(conn)),
2026-07-24 14:56:41.275 |                                ^^^^^^^^^^^^^^^^^^^^^^^^^^^^^^^^^
2026-07-24 14:56:41.275 |   File "/app/src/collectors/oracle.py", line 119, in _query_duration_family
2026-07-24 14:56:41.275 |     cur.execute(_QUERY_STATS_SQL)
2026-07-24 14:56:41.275 |   File "/usr/local/lib/python3.12/site-packages/oracledb/cursor.py", line 710, in execute
2026-07-24 14:56:41.275 |     impl.execute(self)
2026-07-24 14:56:41.275 |   File "src/oracledb/impl/thin/cursor.pyx", line 196, in oracledb.thin_impl.ThinCursorImpl.execute
2026-07-24 14:56:41.275 |   File "src/oracledb/impl/thin/protocol.pyx", line 440, in oracledb.thin_impl.Protocol._process_single_message
2026-07-24 14:56:41.275 |   File "src/oracledb/impl/thin/protocol.pyx", line 441, in oracledb.thin_impl.Protocol._process_single_message
2026-07-24 14:56:41.275 |   File "src/oracledb/impl/thin/protocol.pyx", line 433, in oracledb.thin_impl.Protocol._process_message
2026-07-24 14:56:41.275 |   File "src/oracledb/impl/thin/messages.pyx", line 74, in oracledb.thin_impl.Message._check_and_raise_exception
2026-07-24 14:56:41.275 | oracledb.exceptions.DatabaseError: ORA-00942: table or view does not exist
2026-07-24 14:56:41.275 | Help: https://docs.oracle.com/error-help/db/ora-00942/
2026-07-24 14:56:41.348 | 2026-07-24 21:56:41,348 INFO 172.19.0.3 - "GET /metrics?target=hris-hims-db HTTP/1.1" 200 -
2026-07-24 14:56:42.597 | 2026-07-24 21:56:42,597 ERROR scrape of target 'hris-scl-engineering-db' failed
2026-07-24 14:56:42.597 | Traceback (most recent call last):
2026-07-24 14:56:42.597 |   File "src/pymssql/_pymssql.pyx", line 650, in pymssql._pymssql.connect
2026-07-24 14:56:42.597 |   File "src/pymssql/_mssql.pyx", line 2158, in pymssql._mssql.connect
2026-07-24 14:56:42.597 |   File "src/pymssql/_mssql.pyx", line 712, in pymssql._mssql.MSSQLConnection.__init__
2026-07-24 14:56:42.597 |   File "src/pymssql/_mssql.pyx", line 1884, in pymssql._mssql.maybe_raise_MSSQLDatabaseException
2026-07-24 14:56:42.597 |   File "src/pymssql/_mssql.pyx", line 1901, in pymssql._mssql.raise_MSSQLDatabaseException
2026-07-24 14:56:42.597 | pymssql._mssql.MSSQLDatabaseException: (20009, b'DB-Lib error message 20009, severity 9:\nUnable to connect: Adaptive Server is unavailable or does not exist (COSWINDE516D1)\n')
2026-07-24 14:56:42.597 | 
2026-07-24 14:56:42.597 | During handling of the above exception, another exception occurred:
2026-07-24 14:56:42.597 | 
2026-07-24 14:56:42.597 | Traceback (most recent call last):
2026-07-24 14:56:42.597 |   File "/app/src/registry.py", line 74, in scrape
2026-07-24 14:56:42.597 |     families, had_partial_error = future.result(timeout=target.scrape_timeout_seconds)
2026-07-24 14:56:42.597 |                                   ^^^^^^^^^^^^^^^^^^^^^^^^^^^^^^^^^^^^^^^^^^^^^^^^^^^^
2026-07-24 14:56:42.597 |   File "/usr/local/lib/python3.12/concurrent/futures/_base.py", line 456, in result
2026-07-24 14:56:42.597 |     return self.__get_result()
2026-07-24 14:56:42.597 |            ^^^^^^^^^^^^^^^^^^^
2026-07-24 14:56:42.597 |   File "/usr/local/lib/python3.12/concurrent/futures/_base.py", line 401, in __get_result
2026-07-24 14:56:42.597 |     raise self._exception
2026-07-24 14:56:42.597 |   File "/usr/local/lib/python3.12/concurrent/futures/thread.py", line 59, in run
2026-07-24 14:56:42.597 |     result = self.fn(*self.args, **self.kwargs)
2026-07-24 14:56:42.597 |              ^^^^^^^^^^^^^^^^^^^^^^^^^^^^^^^^^^
2026-07-24 14:56:42.597 |   File "/app/src/registry.py", line 69, in _do_scrape
2026-07-24 14:56:42.597 |     conn = adapter.get_connection()
2026-07-24 14:56:42.597 |            ^^^^^^^^^^^^^^^^^^^^^^^^
2026-07-24 14:56:42.597 |   File "/app/src/collectors/base.py", line 65, in get_connection
2026-07-24 14:56:42.597 |     self._conn = self.connect()
2026-07-24 14:56:42.597 |                  ^^^^^^^^^^^^^^
2026-07-24 14:56:42.597 |   File "/app/src/collectors/sqlserver.py", line 70, in connect
2026-07-24 14:56:42.597 |     conn = pymssql.connect(
2026-07-24 14:56:42.597 |            ^^^^^^^^^^^^^^^^
2026-07-24 14:56:42.597 |   File "src/pymssql/_pymssql.pyx", line 659, in pymssql._pymssql.connect
2026-07-24 14:56:42.597 | pymssql.exceptions.OperationalError: (20009, b'DB-Lib error message 20009, severity 9:\nUnable to connect: Adaptive Server is unavailable or does not exist (COSWINDE516D1)\n')
2026-07-24 14:56:42.597 | 2026-07-24 21:56:42,597 INFO 172.19.0.3 - "GET /metrics?target=hris-scl-engineering-db HTTP/1.1" 200 -
2026-07-24 14:56:46.783 | 2026-07-24 21:56:46,782 ERROR query 'size' failed for target 'hris-card-db'
2026-07-24 14:56:46.783 | Traceback (most recent call last):
2026-07-24 14:56:46.783 |   File "/app/src/collectors/base.py", line 52, in safe_collect_family
2026-07-24 14:56:46.783 |     result = builder()
2026-07-24 14:56:46.783 |              ^^^^^^^^^
2026-07-24 14:56:46.783 |   File "/app/src/collectors/postgres.py", line 94, in <lambda>
2026-07-24 14:56:46.783 |     ("size", lambda: self._size_family(cur)),
2026-07-24 14:56:46.783 |                      ^^^^^^^^^^^^^^^^^^^^^^
2026-07-24 14:56:46.783 |   File "/app/src/collectors/postgres.py", line 168, in _size_family
2026-07-24 14:56:46.783 |     cur.execute(_SIZE_SQL)
2026-07-24 14:56:46.783 |   File "/usr/local/lib/python3.12/site-packages/psycopg2/extras.py", line 146, in execute
2026-07-24 14:56:46.783 |     return super().execute(query, vars)
2026-07-24 14:56:46.783 |            ^^^^^^^^^^^^^^^^^^^^^^^^^^^^
2026-07-24 14:56:46.783 | psycopg2.errors.InsufficientPrivilege: permission denied for database rdsadmin
2026-07-24 14:56:46.783 | 
2026-07-24 14:56:46.783 | 2026-07-24 21:56:46,783 INFO 172.19.0.3 - "GET /metrics?target=hris-card-db HTTP/1.1" 200 -
2026-07-24 14:56:48.199 | 2026-07-24 21:56:48,199 INFO 127.0.0.1 - "GET /health HTTP/1.1" 200 -
2026-07-24 14:56:56.278 | 2026-07-24 21:56:56,278 ERROR query 'query_duration' failed for target 'hris-hims-db'
2026-07-24 14:56:56.278 | Traceback (most recent call last):
2026-07-24 14:56:56.278 |   File "/app/src/collectors/base.py", line 52, in safe_collect_family
2026-07-24 14:56:56.278 |     result = builder()
2026-07-24 14:56:56.278 |              ^^^^^^^^^
2026-07-24 14:56:56.278 |   File "/app/src/collectors/oracle.py", line 103, in <lambda>
2026-07-24 14:56:56.278 |     ("query_duration", lambda: self._query_duration_family(conn)),
2026-07-24 14:56:56.278 |                                ^^^^^^^^^^^^^^^^^^^^^^^^^^^^^^^^^
2026-07-24 14:56:56.278 |   File "/app/src/collectors/oracle.py", line 119, in _query_duration_family
2026-07-24 14:56:56.278 |     cur.execute(_QUERY_STATS_SQL)
2026-07-24 14:56:56.278 |   File "/usr/local/lib/python3.12/site-packages/oracledb/cursor.py", line 710, in execute
2026-07-24 14:56:56.278 |     impl.execute(self)
2026-07-24 14:56:56.278 |   File "src/oracledb/impl/thin/cursor.pyx", line 196, in oracledb.thin_impl.ThinCursorImpl.execute
2026-07-24 14:56:56.278 |   File "src/oracledb/impl/thin/protocol.pyx", line 440, in oracledb.thin_impl.Protocol._process_single_message
2026-07-24 14:56:56.278 |   File "src/oracledb/impl/thin/protocol.pyx", line 441, in oracledb.thin_impl.Protocol._process_single_message
2026-07-24 14:56:56.278 |   File "src/oracledb/impl/thin/protocol.pyx", line 433, in oracledb.thin_impl.Protocol._process_message
2026-07-24 14:56:56.278 |   File "src/oracledb/impl/thin/messages.pyx", line 74, in oracledb.thin_impl.Message._check_and_raise_exception
2026-07-24 14:56:56.278 | oracledb.exceptions.DatabaseError: ORA-00942: table or view does not exist
2026-07-24 14:56:56.278 | Help: https://docs.oracle.com/error-help/db/ora-00942/
2026-07-24 14:56:56.374 | 2026-07-24 21:56:56,374 INFO 172.19.0.3 - "GET /metrics?target=hris-hims-db HTTP/1.1" 200 -
2026-07-24 14:56:57.598 | 2026-07-24 21:56:57,597 ERROR scrape of target 'hris-scl-engineering-db' failed
2026-07-24 14:56:57.598 | Traceback (most recent call last):
2026-07-24 14:56:57.598 |   File "src/pymssql/_pymssql.pyx", line 650, in pymssql._pymssql.connect
2026-07-24 14:56:57.598 |   File "src/pymssql/_mssql.pyx", line 2158, in pymssql._mssql.connect
2026-07-24 14:56:57.598 |   File "src/pymssql/_mssql.pyx", line 712, in pymssql._mssql.MSSQLConnection.__init__
2026-07-24 14:56:57.598 |   File "src/pymssql/_mssql.pyx", line 1884, in pymssql._mssql.maybe_raise_MSSQLDatabaseException
2026-07-24 14:56:57.598 |   File "src/pymssql/_mssql.pyx", line 1901, in pymssql._mssql.raise_MSSQLDatabaseException
2026-07-24 14:56:57.598 | pymssql._mssql.MSSQLDatabaseException: (20009, b'DB-Lib error message 20009, severity 9:\nUnable to connect: Adaptive Server is unavailable or does not exist (COSWINDE516D1)\n')
2026-07-24 14:56:57.598 | 
2026-07-24 14:56:57.598 | During handling of the above exception, another exception occurred:
2026-07-24 14:56:57.598 | 
2026-07-24 14:56:57.598 | Traceback (most recent call last):
2026-07-24 14:56:57.598 |   File "/app/src/registry.py", line 74, in scrape
2026-07-24 14:56:57.598 |     families, had_partial_error = future.result(timeout=target.scrape_timeout_seconds)
2026-07-24 14:56:57.598 |                                   ^^^^^^^^^^^^^^^^^^^^^^^^^^^^^^^^^^^^^^^^^^^^^^^^^^^^
2026-07-24 14:56:57.598 |   File "/usr/local/lib/python3.12/concurrent/futures/_base.py", line 456, in result
2026-07-24 14:56:57.598 |     return self.__get_result()
2026-07-24 14:56:57.598 |            ^^^^^^^^^^^^^^^^^^^
2026-07-24 14:56:57.598 |   File "/usr/local/lib/python3.12/concurrent/futures/_base.py", line 401, in __get_result
2026-07-24 14:56:57.598 |     raise self._exception
2026-07-24 14:56:57.598 |   File "/usr/local/lib/python3.12/concurrent/futures/thread.py", line 59, in run
2026-07-24 14:56:57.598 |     result = self.fn(*self.args, **self.kwargs)
2026-07-24 14:56:57.598 |              ^^^^^^^^^^^^^^^^^^^^^^^^^^^^^^^^^^
2026-07-24 14:56:57.598 |   File "/app/src/registry.py", line 69, in _do_scrape
2026-07-24 14:56:57.598 |     conn = adapter.get_connection()
2026-07-24 14:56:57.598 |            ^^^^^^^^^^^^^^^^^^^^^^^^
2026-07-24 14:56:57.598 |   File "/app/src/collectors/base.py", line 65, in get_connection
2026-07-24 14:56:57.598 |     self._conn = self.connect()
2026-07-24 14:56:57.598 |                  ^^^^^^^^^^^^^^
2026-07-24 14:56:57.598 |   File "/app/src/collectors/sqlserver.py", line 70, in connect
2026-07-24 14:56:57.598 |     conn = pymssql.connect(
2026-07-24 14:56:57.598 |            ^^^^^^^^^^^^^^^^
2026-07-24 14:56:57.598 |   File "src/pymssql/_pymssql.pyx", line 659, in pymssql._pymssql.connect
2026-07-24 14:56:57.598 | pymssql.exceptions.OperationalError: (20009, b'DB-Lib error message 20009, severity 9:\nUnable to connect: Adaptive Server is unavailable or does not exist (COSWINDE516D1)\n')
2026-07-24 14:56:57.598 | 2026-07-24 21:56:57,598 INFO 172.19.0.3 - "GET /metrics?target=hris-scl-engineering-db HTTP/1.1" 200 -
2026-07-24 14:57:01.830 | 2026-07-24 21:57:01,829 ERROR query 'size' failed for target 'hris-card-db'
2026-07-24 14:57:01.830 | Traceback (most recent call last):
2026-07-24 14:57:01.830 |   File "/app/src/collectors/base.py", line 52, in safe_collect_family
2026-07-24 14:57:01.830 |     result = builder()
2026-07-24 14:57:01.830 |              ^^^^^^^^^
2026-07-24 14:57:01.830 |   File "/app/src/collectors/postgres.py", line 94, in <lambda>
2026-07-24 14:57:01.830 |     ("size", lambda: self._size_family(cur)),
2026-07-24 14:57:01.830 |                      ^^^^^^^^^^^^^^^^^^^^^^
2026-07-24 14:57:01.830 |   File "/app/src/collectors/postgres.py", line 168, in _size_family
2026-07-24 14:57:01.830 |     cur.execute(_SIZE_SQL)
2026-07-24 14:57:01.830 |   File "/usr/local/lib/python3.12/site-packages/psycopg2/extras.py", line 146, in execute
2026-07-24 14:57:01.830 |     return super().execute(query, vars)
2026-07-24 14:57:01.830 |            ^^^^^^^^^^^^^^^^^^^^^^^^^^^^
2026-07-24 14:57:01.830 | psycopg2.errors.InsufficientPrivilege: permission denied for database rdsadmin
2026-07-24 14:57:01.830 | 
2026-07-24 14:57:01.830 | 2026-07-24 21:57:01,830 INFO 172.19.0.3 - "GET /metrics?target=hris-card-db HTTP/1.1" 200 -
2026-07-24 14:57:11.280 | 2026-07-24 21:57:11,279 ERROR query 'query_duration' failed for target 'hris-hims-db'
2026-07-24 14:57:11.280 | Traceback (most recent call last):
2026-07-24 14:57:11.280 |   File "/app/src/collectors/base.py", line 52, in safe_collect_family
2026-07-24 14:57:11.280 |     result = builder()
2026-07-24 14:57:11.280 |              ^^^^^^^^^
2026-07-24 14:57:11.280 |   File "/app/src/collectors/oracle.py", line 103, in <lambda>
2026-07-24 14:57:11.280 |     ("query_duration", lambda: self._query_duration_family(conn)),
2026-07-24 14:57:11.280 |                                ^^^^^^^^^^^^^^^^^^^^^^^^^^^^^^^^^
2026-07-24 14:57:11.280 |   File "/app/src/collectors/oracle.py", line 119, in _query_duration_family
2026-07-24 14:57:11.280 |     cur.execute(_QUERY_STATS_SQL)
2026-07-24 14:57:11.280 |   File "/usr/local/lib/python3.12/site-packages/oracledb/cursor.py", line 710, in execute
2026-07-24 14:57:11.280 |     impl.execute(self)
2026-07-24 14:57:11.280 |   File "src/oracledb/impl/thin/cursor.pyx", line 196, in oracledb.thin_impl.ThinCursorImpl.execute
2026-07-24 14:57:11.280 |   File "src/oracledb/impl/thin/protocol.pyx", line 440, in oracledb.thin_impl.Protocol._process_single_message
2026-07-24 14:57:11.280 |   File "src/oracledb/impl/thin/protocol.pyx", line 441, in oracledb.thin_impl.Protocol._process_single_message
2026-07-24 14:57:11.280 |   File "src/oracledb/impl/thin/protocol.pyx", line 433, in oracledb.thin_impl.Protocol._process_message
2026-07-24 14:57:11.280 |   File "src/oracledb/impl/thin/messages.pyx", line 74, in oracledb.thin_impl.Message._check_and_raise_exception
2026-07-24 14:57:11.280 | oracledb.exceptions.DatabaseError: ORA-00942: table or view does not exist
2026-07-24 14:57:11.280 | Help: https://docs.oracle.com/error-help/db/ora-00942/
2026-07-24 14:57:11.373 | 2026-07-24 21:57:11,373 INFO 172.19.0.3 - "GET /metrics?target=hris-hims-db HTTP/1.1" 200 -
2026-07-24 14:57:12.596 | 2026-07-24 21:57:12,595 ERROR scrape of target 'hris-scl-engineering-db' failed
2026-07-24 14:57:12.596 | Traceback (most recent call last):
2026-07-24 14:57:12.596 |   File "src/pymssql/_pymssql.pyx", line 650, in pymssql._pymssql.connect
2026-07-24 14:57:12.596 |   File "src/pymssql/_mssql.pyx", line 2158, in pymssql._mssql.connect
2026-07-24 14:57:12.596 |   File "src/pymssql/_mssql.pyx", line 712, in pymssql._mssql.MSSQLConnection.__init__
2026-07-24 14:57:12.596 |   File "src/pymssql/_mssql.pyx", line 1884, in pymssql._mssql.maybe_raise_MSSQLDatabaseException
2026-07-24 14:57:12.596 |   File "src/pymssql/_mssql.pyx", line 1901, in pymssql._mssql.raise_MSSQLDatabaseException
2026-07-24 14:57:12.596 | pymssql._mssql.MSSQLDatabaseException: (20009, b'DB-Lib error message 20009, severity 9:\nUnable to connect: Adaptive Server is unavailable or does not exist (COSWINDE516D1)\n')
2026-07-24 14:57:12.596 | 
2026-07-24 14:57:12.596 | During handling of the above exception, another exception occurred:
2026-07-24 14:57:12.596 | 
2026-07-24 14:57:12.596 | Traceback (most recent call last):
2026-07-24 14:57:12.596 |   File "/app/src/registry.py", line 74, in scrape
2026-07-24 14:57:12.596 |     families, had_partial_error = future.result(timeout=target.scrape_timeout_seconds)
2026-07-24 14:57:12.596 |                                   ^^^^^^^^^^^^^^^^^^^^^^^^^^^^^^^^^^^^^^^^^^^^^^^^^^^^
2026-07-24 14:57:12.596 |   File "/usr/local/lib/python3.12/concurrent/futures/_base.py", line 456, in result
2026-07-24 14:57:12.596 |     return self.__get_result()
2026-07-24 14:57:12.596 |            ^^^^^^^^^^^^^^^^^^^
2026-07-24 14:57:12.596 |   File "/usr/local/lib/python3.12/concurrent/futures/_base.py", line 401, in __get_result
2026-07-24 14:57:12.596 |     raise self._exception
2026-07-24 14:57:12.596 |   File "/usr/local/lib/python3.12/concurrent/futures/thread.py", line 59, in run
2026-07-24 14:57:12.596 |     result = self.fn(*self.args, **self.kwargs)
2026-07-24 14:57:12.596 |              ^^^^^^^^^^^^^^^^^^^^^^^^^^^^^^^^^^
2026-07-24 14:57:12.596 |   File "/app/src/registry.py", line 69, in _do_scrape
2026-07-24 14:57:12.596 |     conn = adapter.get_connection()
2026-07-24 14:57:12.596 |            ^^^^^^^^^^^^^^^^^^^^^^^^
2026-07-24 14:57:12.596 |   File "/app/src/collectors/base.py", line 65, in get_connection
2026-07-24 14:57:12.596 |     self._conn = self.connect()
2026-07-24 14:57:12.596 |                  ^^^^^^^^^^^^^^
2026-07-24 14:57:12.596 |   File "/app/src/collectors/sqlserver.py", line 70, in connect
2026-07-24 14:57:12.596 |     conn = pymssql.connect(
2026-07-24 14:57:12.596 |            ^^^^^^^^^^^^^^^^
2026-07-24 14:57:12.596 |   File "src/pymssql/_pymssql.pyx", line 659, in pymssql._pymssql.connect
2026-07-24 14:57:12.596 | pymssql.exceptions.OperationalError: (20009, b'DB-Lib error message 20009, severity 9:\nUnable to connect: Adaptive Server is unavailable or does not exist (COSWINDE516D1)\n')
2026-07-24 14:57:12.596 | 2026-07-24 21:57:12,596 INFO 172.19.0.3 - "GET /metrics?target=hris-scl-engineering-db HTTP/1.1" 200 -
2026-07-24 14:57:16.779 | 2026-07-24 21:57:16,779 ERROR query 'size' failed for target 'hris-card-db'
2026-07-24 14:57:16.779 | Traceback (most recent call last):
2026-07-24 14:57:16.779 |   File "/app/src/collectors/base.py", line 52, in safe_collect_family
2026-07-24 14:57:16.779 |     result = builder()
2026-07-24 14:57:16.779 |              ^^^^^^^^^
2026-07-24 14:57:16.779 |   File "/app/src/collectors/postgres.py", line 94, in <lambda>
2026-07-24 14:57:16.779 |     ("size", lambda: self._size_family(cur)),
2026-07-24 14:57:16.779 |                      ^^^^^^^^^^^^^^^^^^^^^^
2026-07-24 14:57:16.779 |   File "/app/src/collectors/postgres.py", line 168, in _size_family
2026-07-24 14:57:16.779 |     cur.execute(_SIZE_SQL)
2026-07-24 14:57:16.779 |   File "/usr/local/lib/python3.12/site-packages/psycopg2/extras.py", line 146, in execute
2026-07-24 14:57:16.779 |     return super().execute(query, vars)
2026-07-24 14:57:16.779 |            ^^^^^^^^^^^^^^^^^^^^^^^^^^^^
2026-07-24 14:57:16.779 | psycopg2.errors.InsufficientPrivilege: permission denied for database rdsadmin
2026-07-24 14:57:16.779 | 
2026-07-24 14:57:16.780 | 2026-07-24 21:57:16,779 INFO 172.19.0.3 - "GET /metrics?target=hris-card-db HTTP/1.1" 200 -
2026-07-24 14:57:18.358 | 2026-07-24 21:57:18,358 INFO 127.0.0.1 - "GET /health HTTP/1.1" 200 -
2026-07-24 14:57:26.277 | 2026-07-24 21:57:26,277 ERROR query 'query_duration' failed for target 'hris-hims-db'
2026-07-24 14:57:26.277 | Traceback (most recent call last):
2026-07-24 14:57:26.277 |   File "/app/src/collectors/base.py", line 52, in safe_collect_family
2026-07-24 14:57:26.277 |     result = builder()
2026-07-24 14:57:26.277 |              ^^^^^^^^^
2026-07-24 14:57:26.277 |   File "/app/src/collectors/oracle.py", line 103, in <lambda>
2026-07-24 14:57:26.277 |     ("query_duration", lambda: self._query_duration_family(conn)),
2026-07-24 14:57:26.277 |                                ^^^^^^^^^^^^^^^^^^^^^^^^^^^^^^^^^
2026-07-24 14:57:26.277 |   File "/app/src/collectors/oracle.py", line 119, in _query_duration_family
2026-07-24 14:57:26.277 |     cur.execute(_QUERY_STATS_SQL)
2026-07-24 14:57:26.277 |   File "/usr/local/lib/python3.12/site-packages/oracledb/cursor.py", line 710, in execute
2026-07-24 14:57:26.277 |     impl.execute(self)
2026-07-24 14:57:26.277 |   File "src/oracledb/impl/thin/cursor.pyx", line 196, in oracledb.thin_impl.ThinCursorImpl.execute
2026-07-24 14:57:26.277 |   File "src/oracledb/impl/thin/protocol.pyx", line 440, in oracledb.thin_impl.Protocol._process_single_message
2026-07-24 14:57:26.277 |   File "src/oracledb/impl/thin/protocol.pyx", line 441, in oracledb.thin_impl.Protocol._process_single_message
2026-07-24 14:57:26.277 |   File "src/oracledb/impl/thin/protocol.pyx", line 433, in oracledb.thin_impl.Protocol._process_message
2026-07-24 14:57:26.277 |   File "src/oracledb/impl/thin/messages.pyx", line 74, in oracledb.thin_impl.Message._check_and_raise_exception
2026-07-24 14:57:26.277 | oracledb.exceptions.DatabaseError: ORA-00942: table or view does not exist
2026-07-24 14:57:26.277 | Help: https://docs.oracle.com/error-help/db/ora-00942/
2026-07-24 14:57:26.367 | 2026-07-24 21:57:26,367 INFO 172.19.0.3 - "GET /metrics?target=hris-hims-db HTTP/1.1" 200 -
2026-07-24 14:57:27.596 | 2026-07-24 21:57:27,595 ERROR scrape of target 'hris-scl-engineering-db' failed
2026-07-24 14:57:27.596 | Traceback (most recent call last):
2026-07-24 14:57:27.596 |   File "src/pymssql/_pymssql.pyx", line 650, in pymssql._pymssql.connect
2026-07-24 14:57:27.596 |   File "src/pymssql/_mssql.pyx", line 2158, in pymssql._mssql.connect
2026-07-24 14:57:27.596 |   File "src/pymssql/_mssql.pyx", line 712, in pymssql._mssql.MSSQLConnection.__init__
2026-07-24 14:57:27.596 |   File "src/pymssql/_mssql.pyx", line 1884, in pymssql._mssql.maybe_raise_MSSQLDatabaseException
2026-07-24 14:57:27.596 |   File "src/pymssql/_mssql.pyx", line 1901, in pymssql._mssql.raise_MSSQLDatabaseException
2026-07-24 14:57:27.596 | pymssql._mssql.MSSQLDatabaseException: (20009, b'DB-Lib error message 20009, severity 9:\nUnable to connect: Adaptive Server is unavailable or does not exist (COSWINDE516D1)\n')
2026-07-24 14:57:27.596 | 
2026-07-24 14:57:27.596 | During handling of the above exception, another exception occurred:
2026-07-24 14:57:27.596 | 
2026-07-24 14:57:27.596 | Traceback (most recent call last):
2026-07-24 14:57:27.596 |   File "/app/src/registry.py", line 74, in scrape
2026-07-24 14:57:27.596 |     families, had_partial_error = future.result(timeout=target.scrape_timeout_seconds)
2026-07-24 14:57:27.596 |                                   ^^^^^^^^^^^^^^^^^^^^^^^^^^^^^^^^^^^^^^^^^^^^^^^^^^^^
2026-07-24 14:57:27.596 |   File "/usr/local/lib/python3.12/concurrent/futures/_base.py", line 456, in result
2026-07-24 14:57:27.596 |     return self.__get_result()
2026-07-24 14:57:27.596 |            ^^^^^^^^^^^^^^^^^^^
2026-07-24 14:57:27.596 |   File "/usr/local/lib/python3.12/concurrent/futures/_base.py", line 401, in __get_result
2026-07-24 14:57:27.596 |     raise self._exception
2026-07-24 14:57:27.596 |   File "/usr/local/lib/python3.12/concurrent/futures/thread.py", line 59, in run
2026-07-24 14:57:27.596 |     result = self.fn(*self.args, **self.kwargs)
2026-07-24 14:57:27.596 |              ^^^^^^^^^^^^^^^^^^^^^^^^^^^^^^^^^^
2026-07-24 14:57:27.596 |   File "/app/src/registry.py", line 69, in _do_scrape
2026-07-24 14:57:27.596 |     conn = adapter.get_connection()
2026-07-24 14:57:27.596 |            ^^^^^^^^^^^^^^^^^^^^^^^^
2026-07-24 14:57:27.596 |   File "/app/src/collectors/base.py", line 65, in get_connection
2026-07-24 14:57:27.596 |     self._conn = self.connect()
2026-07-24 14:57:27.596 |                  ^^^^^^^^^^^^^^
2026-07-24 14:57:27.596 |   File "/app/src/collectors/sqlserver.py", line 70, in connect
2026-07-24 14:57:27.596 |     conn = pymssql.connect(
2026-07-24 14:57:27.596 |            ^^^^^^^^^^^^^^^^
2026-07-24 14:57:27.596 |   File "src/pymssql/_pymssql.pyx", line 659, in pymssql._pymssql.connect
2026-07-24 14:57:27.596 | pymssql.exceptions.OperationalError: (20009, b'DB-Lib error message 20009, severity 9:\nUnable to connect: Adaptive Server is unavailable or does not exist (COSWINDE516D1)\n')
2026-07-24 14:57:27.596 | 2026-07-24 21:57:27,596 INFO 172.19.0.3 - "GET /metrics?target=hris-scl-engineering-db HTTP/1.1" 200 -
2026-07-24 14:57:31.798 | 2026-07-24 21:57:31,797 ERROR query 'size' failed for target 'hris-card-db'
2026-07-24 14:57:31.798 | Traceback (most recent call last):
2026-07-24 14:57:31.798 |   File "/app/src/collectors/base.py", line 52, in safe_collect_family
2026-07-24 14:57:31.798 |     result = builder()
2026-07-24 14:57:31.798 |              ^^^^^^^^^
2026-07-24 14:57:31.798 |   File "/app/src/collectors/postgres.py", line 94, in <lambda>
2026-07-24 14:57:31.798 |     ("size", lambda: self._size_family(cur)),
2026-07-24 14:57:31.798 |                      ^^^^^^^^^^^^^^^^^^^^^^
2026-07-24 14:57:31.798 |   File "/app/src/collectors/postgres.py", line 168, in _size_family
2026-07-24 14:57:31.798 |     cur.execute(_SIZE_SQL)
2026-07-24 14:57:31.798 |   File "/usr/local/lib/python3.12/site-packages/psycopg2/extras.py", line 146, in execute
2026-07-24 14:57:31.798 |     return super().execute(query, vars)
2026-07-24 14:57:31.798 |            ^^^^^^^^^^^^^^^^^^^^^^^^^^^^
2026-07-24 14:57:31.798 | psycopg2.errors.InsufficientPrivilege: permission denied for database rdsadmin
2026-07-24 14:57:31.798 | 
2026-07-24 14:57:31.798 | 2026-07-24 21:57:31,798 INFO 172.19.0.3 - "GET /metrics?target=hris-card-db HTTP/1.1" 200 -
2026-07-24 14:57:41.276 | 2026-07-24 21:57:41,275 ERROR query 'query_duration' failed for target 'hris-hims-db'
2026-07-24 14:57:41.276 | Traceback (most recent call last):
2026-07-24 14:57:41.276 |   File "/app/src/collectors/base.py", line 52, in safe_collect_family
2026-07-24 14:57:41.276 |     result = builder()
2026-07-24 14:57:41.276 |              ^^^^^^^^^
2026-07-24 14:57:41.276 |   File "/app/src/collectors/oracle.py", line 103, in <lambda>
2026-07-24 14:57:41.276 |     ("query_duration", lambda: self._query_duration_family(conn)),
2026-07-24 14:57:41.276 |                                ^^^^^^^^^^^^^^^^^^^^^^^^^^^^^^^^^
2026-07-24 14:57:41.276 |   File "/app/src/collectors/oracle.py", line 119, in _query_duration_family
2026-07-24 14:57:41.276 |     cur.execute(_QUERY_STATS_SQL)
2026-07-24 14:57:41.276 |   File "/usr/local/lib/python3.12/site-packages/oracledb/cursor.py", line 710, in execute
2026-07-24 14:57:41.276 |     impl.execute(self)
2026-07-24 14:57:41.276 |   File "src/oracledb/impl/thin/cursor.pyx", line 196, in oracledb.thin_impl.ThinCursorImpl.execute
2026-07-24 14:57:41.276 |   File "src/oracledb/impl/thin/protocol.pyx", line 440, in oracledb.thin_impl.Protocol._process_single_message
2026-07-24 14:57:41.276 |   File "src/oracledb/impl/thin/protocol.pyx", line 441, in oracledb.thin_impl.Protocol._process_single_message
2026-07-24 14:57:41.276 |   File "src/oracledb/impl/thin/protocol.pyx", line 433, in oracledb.thin_impl.Protocol._process_message
2026-07-24 14:57:41.276 |   File "src/oracledb/impl/thin/messages.pyx", line 74, in oracledb.thin_impl.Message._check_and_raise_exception
2026-07-24 14:57:41.276 | oracledb.exceptions.DatabaseError: ORA-00942: table or view does not exist
2026-07-24 14:57:41.276 | Help: https://docs.oracle.com/error-help/db/ora-00942/
2026-07-24 14:57:41.351 | 2026-07-24 21:57:41,351 INFO 172.19.0.3 - "GET /metrics?target=hris-hims-db HTTP/1.1" 200 -
2026-07-24 14:57:42.599 | 2026-07-24 21:57:42,598 ERROR scrape of target 'hris-scl-engineering-db' failed
2026-07-24 14:57:42.599 | Traceback (most recent call last):
2026-07-24 14:57:42.599 |   File "src/pymssql/_pymssql.pyx", line 650, in pymssql._pymssql.connect
2026-07-24 14:57:42.599 |   File "src/pymssql/_mssql.pyx", line 2158, in pymssql._mssql.connect
2026-07-24 14:57:42.599 |   File "src/pymssql/_mssql.pyx", line 712, in pymssql._mssql.MSSQLConnection.__init__
2026-07-24 14:57:42.599 |   File "src/pymssql/_mssql.pyx", line 1884, in pymssql._mssql.maybe_raise_MSSQLDatabaseException
2026-07-24 14:57:42.599 |   File "src/pymssql/_mssql.pyx", line 1901, in pymssql._mssql.raise_MSSQLDatabaseException
2026-07-24 14:57:42.599 | pymssql._mssql.MSSQLDatabaseException: (20009, b'DB-Lib error message 20009, severity 9:\nUnable to connect: Adaptive Server is unavailable or does not exist (COSWINDE516D1)\n')
2026-07-24 14:57:42.599 | 
2026-07-24 14:57:42.599 | During handling of the above exception, another exception occurred:
2026-07-24 14:57:42.599 | 
2026-07-24 14:57:42.599 | Traceback (most recent call last):
2026-07-24 14:57:42.599 |   File "/app/src/registry.py", line 74, in scrape
2026-07-24 14:57:42.599 |     families, had_partial_error = future.result(timeout=target.scrape_timeout_seconds)
2026-07-24 14:57:42.599 |                                   ^^^^^^^^^^^^^^^^^^^^^^^^^^^^^^^^^^^^^^^^^^^^^^^^^^^^
2026-07-24 14:57:42.599 |   File "/usr/local/lib/python3.12/concurrent/futures/_base.py", line 456, in result
2026-07-24 14:57:42.599 |     return self.__get_result()
2026-07-24 14:57:42.599 |            ^^^^^^^^^^^^^^^^^^^
2026-07-24 14:57:42.599 |   File "/usr/local/lib/python3.12/concurrent/futures/_base.py", line 401, in __get_result
2026-07-24 14:57:42.599 |     raise self._exception
2026-07-24 14:57:42.599 |   File "/usr/local/lib/python3.12/concurrent/futures/thread.py", line 59, in run
2026-07-24 14:57:42.599 |     result = self.fn(*self.args, **self.kwargs)
2026-07-24 14:57:42.599 |              ^^^^^^^^^^^^^^^^^^^^^^^^^^^^^^^^^^
2026-07-24 14:57:42.599 |   File "/app/src/registry.py", line 69, in _do_scrape
2026-07-24 14:57:42.599 |     conn = adapter.get_connection()
2026-07-24 14:57:42.599 |            ^^^^^^^^^^^^^^^^^^^^^^^^
2026-07-24 14:57:42.599 |   File "/app/src/collectors/base.py", line 65, in get_connection
2026-07-24 14:57:42.599 |     self._conn = self.connect()
2026-07-24 14:57:42.599 |                  ^^^^^^^^^^^^^^
2026-07-24 14:57:42.599 |   File "/app/src/collectors/sqlserver.py", line 70, in connect
2026-07-24 14:57:42.599 |     conn = pymssql.connect(
2026-07-24 14:57:42.599 |            ^^^^^^^^^^^^^^^^
2026-07-24 14:57:42.599 |   File "src/pymssql/_pymssql.pyx", line 659, in pymssql._pymssql.connect
2026-07-24 14:57:42.599 | pymssql.exceptions.OperationalError: (20009, b'DB-Lib error message 20009, severity 9:\nUnable to connect: Adaptive Server is unavailable or does not exist (COSWINDE516D1)\n')
2026-07-24 14:57:42.599 | 2026-07-24 21:57:42,599 INFO 172.19.0.3 - "GET /metrics?target=hris-scl-engineering-db HTTP/1.1" 200 -
2026-07-24 14:57:46.785 | 2026-07-24 21:57:46,784 ERROR query 'size' failed for target 'hris-card-db'
2026-07-24 14:57:46.785 | Traceback (most recent call last):
2026-07-24 14:57:46.785 |   File "/app/src/collectors/base.py", line 52, in safe_collect_family
2026-07-24 14:57:46.785 |     result = builder()
2026-07-24 14:57:46.785 |              ^^^^^^^^^
2026-07-24 14:57:46.785 |   File "/app/src/collectors/postgres.py", line 94, in <lambda>
2026-07-24 14:57:46.785 |     ("size", lambda: self._size_family(cur)),
2026-07-24 14:57:46.785 |                      ^^^^^^^^^^^^^^^^^^^^^^
2026-07-24 14:57:46.785 |   File "/app/src/collectors/postgres.py", line 168, in _size_family
2026-07-24 14:57:46.785 |     cur.execute(_SIZE_SQL)
2026-07-24 14:57:46.785 |   File "/usr/local/lib/python3.12/site-packages/psycopg2/extras.py", line 146, in execute
2026-07-24 14:57:46.785 |     return super().execute(query, vars)
2026-07-24 14:57:46.785 |            ^^^^^^^^^^^^^^^^^^^^^^^^^^^^
2026-07-24 14:57:46.785 | psycopg2.errors.InsufficientPrivilege: permission denied for database rdsadmin
2026-07-24 14:57:46.785 | 
2026-07-24 14:57:46.785 | 2026-07-24 21:57:46,785 INFO 172.19.0.3 - "GET /metrics?target=hris-card-db HTTP/1.1" 200 -
2026-07-24 14:57:48.485 | 2026-07-24 21:57:48,485 INFO 127.0.0.1 - "GET /health HTTP/1.1" 200 -
2026-07-24 14:57:56.278 | 2026-07-24 21:57:56,277 ERROR query 'query_duration' failed for target 'hris-hims-db'
2026-07-24 14:57:56.278 | Traceback (most recent call last):
2026-07-24 14:57:56.278 |   File "/app/src/collectors/base.py", line 52, in safe_collect_family
2026-07-24 14:57:56.278 |     result = builder()
2026-07-24 14:57:56.278 |              ^^^^^^^^^
2026-07-24 14:57:56.278 |   File "/app/src/collectors/oracle.py", line 103, in <lambda>
2026-07-24 14:57:56.278 |     ("query_duration", lambda: self._query_duration_family(conn)),
2026-07-24 14:57:56.278 |                                ^^^^^^^^^^^^^^^^^^^^^^^^^^^^^^^^^
2026-07-24 14:57:56.278 |   File "/app/src/collectors/oracle.py", line 119, in _query_duration_family
2026-07-24 14:57:56.278 |     cur.execute(_QUERY_STATS_SQL)
2026-07-24 14:57:56.278 |   File "/usr/local/lib/python3.12/site-packages/oracledb/cursor.py", line 710, in execute
2026-07-24 14:57:56.278 |     impl.execute(self)
2026-07-24 14:57:56.278 |   File "src/oracledb/impl/thin/cursor.pyx", line 196, in oracledb.thin_impl.ThinCursorImpl.execute
2026-07-24 14:57:56.278 |   File "src/oracledb/impl/thin/protocol.pyx", line 440, in oracledb.thin_impl.Protocol._process_single_message
2026-07-24 14:57:56.278 |   File "src/oracledb/impl/thin/protocol.pyx", line 441, in oracledb.thin_impl.Protocol._process_single_message
2026-07-24 14:57:56.278 |   File "src/oracledb/impl/thin/protocol.pyx", line 433, in oracledb.thin_impl.Protocol._process_message
2026-07-24 14:57:56.278 |   File "src/oracledb/impl/thin/messages.pyx", line 74, in oracledb.thin_impl.Message._check_and_raise_exception
2026-07-24 14:57:56.278 | oracledb.exceptions.DatabaseError: ORA-00942: table or view does not exist
2026-07-24 14:57:56.278 | Help: https://docs.oracle.com/error-help/db/ora-00942/
2026-07-24 14:57:56.356 | 2026-07-24 21:57:56,356 INFO 172.19.0.3 - "GET /metrics?target=hris-hims-db HTTP/1.1" 200 -
2026-07-24 14:57:57.596 | 2026-07-24 21:57:57,595 ERROR scrape of target 'hris-scl-engineering-db' failed
2026-07-24 14:57:57.596 | Traceback (most recent call last):
2026-07-24 14:57:57.596 |   File "src/pymssql/_pymssql.pyx", line 650, in pymssql._pymssql.connect
2026-07-24 14:57:57.596 |   File "src/pymssql/_mssql.pyx", line 2158, in pymssql._mssql.connect
2026-07-24 14:57:57.596 |   File "src/pymssql/_mssql.pyx", line 712, in pymssql._mssql.MSSQLConnection.__init__
2026-07-24 14:57:57.596 |   File "src/pymssql/_mssql.pyx", line 1884, in pymssql._mssql.maybe_raise_MSSQLDatabaseException
2026-07-24 14:57:57.596 |   File "src/pymssql/_mssql.pyx", line 1901, in pymssql._mssql.raise_MSSQLDatabaseException
2026-07-24 14:57:57.596 | pymssql._mssql.MSSQLDatabaseException: (20009, b'DB-Lib error message 20009, severity 9:\nUnable to connect: Adaptive Server is unavailable or does not exist (COSWINDE516D1)\n')
2026-07-24 14:57:57.596 | 
2026-07-24 14:57:57.596 | During handling of the above exception, another exception occurred:
2026-07-24 14:57:57.596 | 
2026-07-24 14:57:57.596 | Traceback (most recent call last):
2026-07-24 14:57:57.596 |   File "/app/src/registry.py", line 74, in scrape
2026-07-24 14:57:57.596 |     families, had_partial_error = future.result(timeout=target.scrape_timeout_seconds)
2026-07-24 14:57:57.596 |                                   ^^^^^^^^^^^^^^^^^^^^^^^^^^^^^^^^^^^^^^^^^^^^^^^^^^^^
2026-07-24 14:57:57.596 |   File "/usr/local/lib/python3.12/concurrent/futures/_base.py", line 456, in result
2026-07-24 14:57:57.596 |     return self.__get_result()
2026-07-24 14:57:57.596 |            ^^^^^^^^^^^^^^^^^^^
2026-07-24 14:57:57.596 |   File "/usr/local/lib/python3.12/concurrent/futures/_base.py", line 401, in __get_result
2026-07-24 14:57:57.596 |     raise self._exception
2026-07-24 14:57:57.596 |   File "/usr/local/lib/python3.12/concurrent/futures/thread.py", line 59, in run
2026-07-24 14:57:57.596 |     result = self.fn(*self.args, **self.kwargs)
2026-07-24 14:57:57.596 |              ^^^^^^^^^^^^^^^^^^^^^^^^^^^^^^^^^^
2026-07-24 14:57:57.596 |   File "/app/src/registry.py", line 69, in _do_scrape
2026-07-24 14:57:57.596 |     conn = adapter.get_connection()
2026-07-24 14:57:57.596 |            ^^^^^^^^^^^^^^^^^^^^^^^^
2026-07-24 14:57:57.596 |   File "/app/src/collectors/base.py", line 65, in get_connection
2026-07-24 14:57:57.596 |     self._conn = self.connect()
2026-07-24 14:57:57.596 |                  ^^^^^^^^^^^^^^
2026-07-24 14:57:57.596 |   File "/app/src/collectors/sqlserver.py", line 70, in connect
2026-07-24 14:57:57.596 |     conn = pymssql.connect(
2026-07-24 14:57:57.596 |            ^^^^^^^^^^^^^^^^
2026-07-24 14:57:57.596 |   File "src/pymssql/_pymssql.pyx", line 659, in pymssql._pymssql.connect
2026-07-24 14:57:57.596 | pymssql.exceptions.OperationalError: (20009, b'DB-Lib error message 20009, severity 9:\nUnable to connect: Adaptive Server is unavailable or does not exist (COSWINDE516D1)\n')
2026-07-24 14:57:57.596 | 2026-07-24 21:57:57,596 INFO 172.19.0.3 - "GET /metrics?target=hris-scl-engineering-db HTTP/1.1" 200 -
2026-07-24 14:58:01.807 | 2026-07-24 21:58:01,806 ERROR query 'size' failed for target 'hris-card-db'
2026-07-24 14:58:01.807 | Traceback (most recent call last):
2026-07-24 14:58:01.807 |   File "/app/src/collectors/base.py", line 52, in safe_collect_family
2026-07-24 14:58:01.807 |     result = builder()
2026-07-24 14:58:01.807 |              ^^^^^^^^^
2026-07-24 14:58:01.807 |   File "/app/src/collectors/postgres.py", line 94, in <lambda>
2026-07-24 14:58:01.807 |     ("size", lambda: self._size_family(cur)),
2026-07-24 14:58:01.807 |                      ^^^^^^^^^^^^^^^^^^^^^^
2026-07-24 14:58:01.807 |   File "/app/src/collectors/postgres.py", line 168, in _size_family
2026-07-24 14:58:01.807 |     cur.execute(_SIZE_SQL)
2026-07-24 14:58:01.807 |   File "/usr/local/lib/python3.12/site-packages/psycopg2/extras.py", line 146, in execute
2026-07-24 14:58:01.807 |     return super().execute(query, vars)
2026-07-24 14:58:01.807 |            ^^^^^^^^^^^^^^^^^^^^^^^^^^^^
2026-07-24 14:58:01.807 | psycopg2.errors.InsufficientPrivilege: permission denied for database rdsadmin
2026-07-24 14:58:01.807 | 
2026-07-24 14:58:01.807 | 2026-07-24 21:58:01,807 INFO 172.19.0.3 - "GET /metrics?target=hris-card-db HTTP/1.1" 200 -
2026-07-24 14:58:11.275 | 2026-07-24 21:58:11,275 ERROR query 'query_duration' failed for target 'hris-hims-db'
2026-07-24 14:58:11.275 | Traceback (most recent call last):
2026-07-24 14:58:11.275 |   File "/app/src/collectors/base.py", line 52, in safe_collect_family
2026-07-24 14:58:11.275 |     result = builder()
2026-07-24 14:58:11.275 |              ^^^^^^^^^
2026-07-24 14:58:11.275 |   File "/app/src/collectors/oracle.py", line 103, in <lambda>
2026-07-24 14:58:11.275 |     ("query_duration", lambda: self._query_duration_family(conn)),
2026-07-24 14:58:11.275 |                                ^^^^^^^^^^^^^^^^^^^^^^^^^^^^^^^^^
2026-07-24 14:58:11.275 |   File "/app/src/collectors/oracle.py", line 119, in _query_duration_family
2026-07-24 14:58:11.275 |     cur.execute(_QUERY_STATS_SQL)
2026-07-24 14:58:11.275 |   File "/usr/local/lib/python3.12/site-packages/oracledb/cursor.py", line 710, in execute
2026-07-24 14:58:11.275 |     impl.execute(self)
2026-07-24 14:58:11.275 |   File "src/oracledb/impl/thin/cursor.pyx", line 196, in oracledb.thin_impl.ThinCursorImpl.execute
2026-07-24 14:58:11.275 |   File "src/oracledb/impl/thin/protocol.pyx", line 440, in oracledb.thin_impl.Protocol._process_single_message
2026-07-24 14:58:11.275 |   File "src/oracledb/impl/thin/protocol.pyx", line 441, in oracledb.thin_impl.Protocol._process_single_message
2026-07-24 14:58:11.275 |   File "src/oracledb/impl/thin/protocol.pyx", line 433, in oracledb.thin_impl.Protocol._process_message
2026-07-24 14:58:11.275 |   File "src/oracledb/impl/thin/messages.pyx", line 74, in oracledb.thin_impl.Message._check_and_raise_exception
2026-07-24 14:58:11.275 | oracledb.exceptions.DatabaseError: ORA-00942: table or view does not exist
2026-07-24 14:58:11.275 | Help: https://docs.oracle.com/error-help/db/ora-00942/
2026-07-24 14:58:11.351 | 2026-07-24 21:58:11,350 INFO 172.19.0.3 - "GET /metrics?target=hris-hims-db HTTP/1.1" 200 -
2026-07-24 14:58:12.600 | 2026-07-24 21:58:12,598 ERROR scrape of target 'hris-scl-engineering-db' failed
2026-07-24 14:58:12.600 | Traceback (most recent call last):
2026-07-24 14:58:12.600 |   File "src/pymssql/_pymssql.pyx", line 650, in pymssql._pymssql.connect
2026-07-24 14:58:12.600 |   File "src/pymssql/_mssql.pyx", line 2158, in pymssql._mssql.connect
2026-07-24 14:58:12.600 |   File "src/pymssql/_mssql.pyx", line 712, in pymssql._mssql.MSSQLConnection.__init__
2026-07-24 14:58:12.600 |   File "src/pymssql/_mssql.pyx", line 1884, in pymssql._mssql.maybe_raise_MSSQLDatabaseException
2026-07-24 14:58:12.600 |   File "src/pymssql/_mssql.pyx", line 1901, in pymssql._mssql.raise_MSSQLDatabaseException
2026-07-24 14:58:12.600 | pymssql._mssql.MSSQLDatabaseException: (20009, b'DB-Lib error message 20009, severity 9:\nUnable to connect: Adaptive Server is unavailable or does not exist (COSWINDE516D1)\n')
2026-07-24 14:58:12.600 | 
2026-07-24 14:58:12.600 | During handling of the above exception, another exception occurred:
2026-07-24 14:58:12.600 | 
2026-07-24 14:58:12.600 | Traceback (most recent call last):
2026-07-24 14:58:12.600 |   File "/app/src/registry.py", line 74, in scrape
2026-07-24 14:58:12.600 |     families, had_partial_error = future.result(timeout=target.scrape_timeout_seconds)
2026-07-24 14:58:12.600 |                                   ^^^^^^^^^^^^^^^^^^^^^^^^^^^^^^^^^^^^^^^^^^^^^^^^^^^^
2026-07-24 14:58:12.600 |   File "/usr/local/lib/python3.12/concurrent/futures/_base.py", line 456, in result
2026-07-24 14:58:12.600 |     return self.__get_result()
2026-07-24 14:58:12.600 |            ^^^^^^^^^^^^^^^^^^^
2026-07-24 14:58:12.600 |   File "/usr/local/lib/python3.12/concurrent/futures/_base.py", line 401, in __get_result
2026-07-24 14:58:12.600 |     raise self._exception
2026-07-24 14:58:12.600 |   File "/usr/local/lib/python3.12/concurrent/futures/thread.py", line 59, in run
2026-07-24 14:58:12.600 |     result = self.fn(*self.args, **self.kwargs)
2026-07-24 14:58:12.600 |              ^^^^^^^^^^^^^^^^^^^^^^^^^^^^^^^^^^
2026-07-24 14:58:12.600 |   File "/app/src/registry.py", line 69, in _do_scrape
2026-07-24 14:58:12.600 |     conn = adapter.get_connection()
2026-07-24 14:58:12.600 |            ^^^^^^^^^^^^^^^^^^^^^^^^
2026-07-24 14:58:12.600 |   File "/app/src/collectors/base.py", line 65, in get_connection
2026-07-24 14:58:12.600 |     self._conn = self.connect()
2026-07-24 14:58:12.600 |                  ^^^^^^^^^^^^^^
2026-07-24 14:58:12.600 |   File "/app/src/collectors/sqlserver.py", line 70, in connect
2026-07-24 14:58:12.600 |     conn = pymssql.connect(
2026-07-24 14:58:12.600 |            ^^^^^^^^^^^^^^^^
2026-07-24 14:58:12.600 |   File "src/pymssql/_pymssql.pyx", line 659, in pymssql._pymssql.connect
2026-07-24 14:58:12.600 | pymssql.exceptions.OperationalError: (20009, b'DB-Lib error message 20009, severity 9:\nUnable to connect: Adaptive Server is unavailable or does not exist (COSWINDE516D1)\n')
2026-07-24 14:58:12.600 | 2026-07-24 21:58:12,600 INFO 172.19.0.3 - "GET /metrics?target=hris-scl-engineering-db HTTP/1.1" 200 -
2026-07-24 14:58:16.778 | 2026-07-24 21:58:16,777 ERROR query 'size' failed for target 'hris-card-db'
2026-07-24 14:58:16.778 | Traceback (most recent call last):
2026-07-24 14:58:16.778 |   File "/app/src/collectors/base.py", line 52, in safe_collect_family
2026-07-24 14:58:16.778 |     result = builder()
2026-07-24 14:58:16.778 |              ^^^^^^^^^
2026-07-24 14:58:16.778 |   File "/app/src/collectors/postgres.py", line 94, in <lambda>
2026-07-24 14:58:16.778 |     ("size", lambda: self._size_family(cur)),
2026-07-24 14:58:16.778 |                      ^^^^^^^^^^^^^^^^^^^^^^
2026-07-24 14:58:16.778 |   File "/app/src/collectors/postgres.py", line 168, in _size_family
2026-07-24 14:58:16.778 |     cur.execute(_SIZE_SQL)
2026-07-24 14:58:16.778 |   File "/usr/local/lib/python3.12/site-packages/psycopg2/extras.py", line 146, in execute
2026-07-24 14:58:16.778 |     return super().execute(query, vars)
2026-07-24 14:58:16.778 |            ^^^^^^^^^^^^^^^^^^^^^^^^^^^^
2026-07-24 14:58:16.778 | psycopg2.errors.InsufficientPrivilege: permission denied for database rdsadmin
2026-07-24 14:58:16.778 | 
2026-07-24 14:58:16.778 | 2026-07-24 21:58:16,778 INFO 172.19.0.3 - "GET /metrics?target=hris-card-db HTTP/1.1" 200 -
2026-07-24 14:58:18.603 | 2026-07-24 21:58:18,603 INFO 127.0.0.1 - "GET /health HTTP/1.1" 200 -
2026-07-24 14:58:26.277 | 2026-07-24 21:58:26,276 ERROR query 'query_duration' failed for target 'hris-hims-db'
2026-07-24 14:58:26.277 | Traceback (most recent call last):
2026-07-24 14:58:26.277 |   File "/app/src/collectors/base.py", line 52, in safe_collect_family
2026-07-24 14:58:26.277 |     result = builder()
2026-07-24 14:58:26.277 |              ^^^^^^^^^
2026-07-24 14:58:26.277 |   File "/app/src/collectors/oracle.py", line 103, in <lambda>
2026-07-24 14:58:26.277 |     ("query_duration", lambda: self._query_duration_family(conn)),
2026-07-24 14:58:26.277 |                                ^^^^^^^^^^^^^^^^^^^^^^^^^^^^^^^^^
2026-07-24 14:58:26.277 |   File "/app/src/collectors/oracle.py", line 119, in _query_duration_family
2026-07-24 14:58:26.277 |     cur.execute(_QUERY_STATS_SQL)
2026-07-24 14:58:26.277 |   File "/usr/local/lib/python3.12/site-packages/oracledb/cursor.py", line 710, in execute
2026-07-24 14:58:26.277 |     impl.execute(self)
2026-07-24 14:58:26.277 |   File "src/oracledb/impl/thin/cursor.pyx", line 196, in oracledb.thin_impl.ThinCursorImpl.execute
2026-07-24 14:58:26.277 |   File "src/oracledb/impl/thin/protocol.pyx", line 440, in oracledb.thin_impl.Protocol._process_single_message
2026-07-24 14:58:26.277 |   File "src/oracledb/impl/thin/protocol.pyx", line 441, in oracledb.thin_impl.Protocol._process_single_message
2026-07-24 14:58:26.277 |   File "src/oracledb/impl/thin/protocol.pyx", line 433, in oracledb.thin_impl.Protocol._process_message
2026-07-24 14:58:26.277 |   File "src/oracledb/impl/thin/messages.pyx", line 74, in oracledb.thin_impl.Message._check_and_raise_exception
2026-07-24 14:58:26.277 | oracledb.exceptions.DatabaseError: ORA-00942: table or view does not exist
2026-07-24 14:58:26.277 | Help: https://docs.oracle.com/error-help/db/ora-00942/
2026-07-24 14:58:26.348 | 2026-07-24 21:58:26,347 INFO 172.19.0.3 - "GET /metrics?target=hris-hims-db HTTP/1.1" 200 -
2026-07-24 14:58:27.596 | 2026-07-24 21:58:27,595 ERROR scrape of target 'hris-scl-engineering-db' failed
2026-07-24 14:58:27.596 | Traceback (most recent call last):
2026-07-24 14:58:27.596 |   File "src/pymssql/_pymssql.pyx", line 650, in pymssql._pymssql.connect
2026-07-24 14:58:27.596 |   File "src/pymssql/_mssql.pyx", line 2158, in pymssql._mssql.connect
2026-07-24 14:58:27.596 |   File "src/pymssql/_mssql.pyx", line 712, in pymssql._mssql.MSSQLConnection.__init__
2026-07-24 14:58:27.596 |   File "src/pymssql/_mssql.pyx", line 1884, in pymssql._mssql.maybe_raise_MSSQLDatabaseException
2026-07-24 14:58:27.596 |   File "src/pymssql/_mssql.pyx", line 1901, in pymssql._mssql.raise_MSSQLDatabaseException
2026-07-24 14:58:27.596 | pymssql._mssql.MSSQLDatabaseException: (20009, b'DB-Lib error message 20009, severity 9:\nUnable to connect: Adaptive Server is unavailable or does not exist (COSWINDE516D1)\n')
2026-07-24 14:58:27.596 | 
2026-07-24 14:58:27.596 | During handling of the above exception, another exception occurred:
2026-07-24 14:58:27.596 | 
2026-07-24 14:58:27.596 | Traceback (most recent call last):
2026-07-24 14:58:27.596 |   File "/app/src/registry.py", line 74, in scrape
2026-07-24 14:58:27.596 |     families, had_partial_error = future.result(timeout=target.scrape_timeout_seconds)
2026-07-24 14:58:27.596 |                                   ^^^^^^^^^^^^^^^^^^^^^^^^^^^^^^^^^^^^^^^^^^^^^^^^^^^^
2026-07-24 14:58:27.596 |   File "/usr/local/lib/python3.12/concurrent/futures/_base.py", line 456, in result
2026-07-24 14:58:27.596 |     return self.__get_result()
2026-07-24 14:58:27.596 |            ^^^^^^^^^^^^^^^^^^^
2026-07-24 14:58:27.596 |   File "/usr/local/lib/python3.12/concurrent/futures/_base.py", line 401, in __get_result
2026-07-24 14:58:27.596 |     raise self._exception
2026-07-24 14:58:27.596 |   File "/usr/local/lib/python3.12/concurrent/futures/thread.py", line 59, in run
2026-07-24 14:58:27.596 |     result = self.fn(*self.args, **self.kwargs)
2026-07-24 14:58:27.596 |              ^^^^^^^^^^^^^^^^^^^^^^^^^^^^^^^^^^
2026-07-24 14:58:27.596 |   File "/app/src/registry.py", line 69, in _do_scrape
2026-07-24 14:58:27.596 |     conn = adapter.get_connection()
2026-07-24 14:58:27.596 |            ^^^^^^^^^^^^^^^^^^^^^^^^
2026-07-24 14:58:27.596 |   File "/app/src/collectors/base.py", line 65, in get_connection
2026-07-24 14:58:27.596 |     self._conn = self.connect()
2026-07-24 14:58:27.596 |                  ^^^^^^^^^^^^^^
2026-07-24 14:58:27.596 |   File "/app/src/collectors/sqlserver.py", line 70, in connect
2026-07-24 14:58:27.596 |     conn = pymssql.connect(
2026-07-24 14:58:27.596 |            ^^^^^^^^^^^^^^^^
2026-07-24 14:58:27.597 |   File "src/pymssql/_pymssql.pyx", line 659, in pymssql._pymssql.connect
2026-07-24 14:58:27.597 | pymssql.exceptions.OperationalError: (20009, b'DB-Lib error message 20009, severity 9:\nUnable to connect: Adaptive Server is unavailable or does not exist (COSWINDE516D1)\n')
2026-07-24 14:58:27.597 | 2026-07-24 21:58:27,596 INFO 172.19.0.3 - "GET /metrics?target=hris-scl-engineering-db HTTP/1.1" 200 -
2026-07-24 14:58:31.779 | 2026-07-24 21:58:31,779 ERROR query 'size' failed for target 'hris-card-db'
2026-07-24 14:58:31.779 | Traceback (most recent call last):
2026-07-24 14:58:31.779 |   File "/app/src/collectors/base.py", line 52, in safe_collect_family
2026-07-24 14:58:31.779 |     result = builder()
2026-07-24 14:58:31.779 |              ^^^^^^^^^
2026-07-24 14:58:31.779 |   File "/app/src/collectors/postgres.py", line 94, in <lambda>
2026-07-24 14:58:31.779 |     ("size", lambda: self._size_family(cur)),
2026-07-24 14:58:31.779 |                      ^^^^^^^^^^^^^^^^^^^^^^
2026-07-24 14:58:31.780 |   File "/app/src/collectors/postgres.py", line 168, in _size_family
2026-07-24 14:58:31.780 |     cur.execute(_SIZE_SQL)
2026-07-24 14:58:31.780 |   File "/usr/local/lib/python3.12/site-packages/psycopg2/extras.py", line 146, in execute
2026-07-24 14:58:31.780 |     return super().execute(query, vars)
2026-07-24 14:58:31.780 |            ^^^^^^^^^^^^^^^^^^^^^^^^^^^^
2026-07-24 14:58:31.780 | psycopg2.errors.InsufficientPrivilege: permission denied for database rdsadmin
2026-07-24 14:58:31.780 | 
2026-07-24 14:58:31.780 | 2026-07-24 21:58:31,780 INFO 172.19.0.3 - "GET /metrics?target=hris-card-db HTTP/1.1" 200 -
2026-07-24 14:58:41.278 | 2026-07-24 21:58:41,278 ERROR query 'query_duration' failed for target 'hris-hims-db'
2026-07-24 14:58:41.278 | Traceback (most recent call last):
2026-07-24 14:58:41.278 |   File "/app/src/collectors/base.py", line 52, in safe_collect_family
2026-07-24 14:58:41.278 |     result = builder()
2026-07-24 14:58:41.278 |              ^^^^^^^^^
2026-07-24 14:58:41.278 |   File "/app/src/collectors/oracle.py", line 103, in <lambda>
2026-07-24 14:58:41.278 |     ("query_duration", lambda: self._query_duration_family(conn)),
2026-07-24 14:58:41.278 |                                ^^^^^^^^^^^^^^^^^^^^^^^^^^^^^^^^^
2026-07-24 14:58:41.278 |   File "/app/src/collectors/oracle.py", line 119, in _query_duration_family
2026-07-24 14:58:41.278 |     cur.execute(_QUERY_STATS_SQL)
2026-07-24 14:58:41.278 |   File "/usr/local/lib/python3.12/site-packages/oracledb/cursor.py", line 710, in execute
2026-07-24 14:58:41.278 |     impl.execute(self)
2026-07-24 14:58:41.278 |   File "src/oracledb/impl/thin/cursor.pyx", line 196, in oracledb.thin_impl.ThinCursorImpl.execute
2026-07-24 14:58:41.278 |   File "src/oracledb/impl/thin/protocol.pyx", line 440, in oracledb.thin_impl.Protocol._process_single_message
2026-07-24 14:58:41.278 |   File "src/oracledb/impl/thin/protocol.pyx", line 441, in oracledb.thin_impl.Protocol._process_single_message
2026-07-24 14:58:41.278 |   File "src/oracledb/impl/thin/protocol.pyx", line 433, in oracledb.thin_impl.Protocol._process_message
2026-07-24 14:58:41.278 |   File "src/oracledb/impl/thin/messages.pyx", line 74, in oracledb.thin_impl.Message._check_and_raise_exception
2026-07-24 14:58:41.278 | oracledb.exceptions.DatabaseError: ORA-00942: table or view does not exist
2026-07-24 14:58:41.278 | Help: https://docs.oracle.com/error-help/db/ora-00942/
2026-07-24 14:58:42.598 | 2026-07-24 21:58:42,597 ERROR scrape of target 'hris-scl-engineering-db' failed
2026-07-24 14:58:42.598 | Traceback (most recent call last):
2026-07-24 14:58:42.598 |   File "src/pymssql/_pymssql.pyx", line 650, in pymssql._pymssql.connect
2026-07-24 14:58:42.598 |   File "src/pymssql/_mssql.pyx", line 2158, in pymssql._mssql.connect
2026-07-24 14:58:42.598 |   File "src/pymssql/_mssql.pyx", line 712, in pymssql._mssql.MSSQLConnection.__init__
2026-07-24 14:58:42.598 |   File "src/pymssql/_mssql.pyx", line 1884, in pymssql._mssql.maybe_raise_MSSQLDatabaseException
2026-07-24 14:58:42.598 |   File "src/pymssql/_mssql.pyx", line 1901, in pymssql._mssql.raise_MSSQLDatabaseException
2026-07-24 14:58:42.598 | pymssql._mssql.MSSQLDatabaseException: (20009, b'DB-Lib error message 20009, severity 9:\nUnable to connect: Adaptive Server is unavailable or does not exist (COSWINDE516D1)\n')
2026-07-24 14:58:42.598 | 
2026-07-24 14:58:42.598 | During handling of the above exception, another exception occurred:
2026-07-24 14:58:42.598 | 
2026-07-24 14:58:42.598 | Traceback (most recent call last):
2026-07-24 14:58:42.598 |   File "/app/src/registry.py", line 74, in scrape
2026-07-24 14:58:42.598 |     families, had_partial_error = future.result(timeout=target.scrape_timeout_seconds)
2026-07-24 14:58:42.598 |                                   ^^^^^^^^^^^^^^^^^^^^^^^^^^^^^^^^^^^^^^^^^^^^^^^^^^^^
2026-07-24 14:58:42.598 |   File "/usr/local/lib/python3.12/concurrent/futures/_base.py", line 456, in result
2026-07-24 14:58:42.598 |     return self.__get_result()
2026-07-24 14:58:42.598 |            ^^^^^^^^^^^^^^^^^^^
2026-07-24 14:58:42.598 |   File "/usr/local/lib/python3.12/concurrent/futures/_base.py", line 401, in __get_result
2026-07-24 14:58:42.598 |     raise self._exception
2026-07-24 14:58:42.598 |   File "/usr/local/lib/python3.12/concurrent/futures/thread.py", line 59, in run
2026-07-24 14:58:42.598 |     result = self.fn(*self.args, **self.kwargs)
2026-07-24 14:58:42.598 |              ^^^^^^^^^^^^^^^^^^^^^^^^^^^^^^^^^^
2026-07-24 14:58:42.598 |   File "/app/src/registry.py", line 69, in _do_scrape
2026-07-24 14:58:42.598 |     conn = adapter.get_connection()
2026-07-24 14:58:42.598 |            ^^^^^^^^^^^^^^^^^^^^^^^^
2026-07-24 14:58:42.598 |   File "/app/src/collectors/base.py", line 65, in get_connection
2026-07-24 14:58:42.598 |     self._conn = self.connect()
2026-07-24 14:58:42.598 |                  ^^^^^^^^^^^^^^
2026-07-24 14:58:42.598 |   File "/app/src/collectors/sqlserver.py", line 70, in connect
2026-07-24 14:58:42.598 |     conn = pymssql.connect(
2026-07-24 14:58:42.598 |            ^^^^^^^^^^^^^^^^
2026-07-24 14:58:42.598 |   File "src/pymssql/_pymssql.pyx", line 659, in pymssql._pymssql.connect
2026-07-24 14:58:42.598 | pymssql.exceptions.OperationalError: (20009, b'DB-Lib error message 20009, severity 9:\nUnable to connect: Adaptive Server is unavailable or does not exist (COSWINDE516D1)\n')
2026-07-24 14:58:42.598 | 2026-07-24 21:58:42,598 INFO 172.19.0.3 - "GET /metrics?target=hris-scl-engineering-db HTTP/1.1" 200 -
2026-07-24 14:58:44.699 | 2026-07-24 21:58:44,698 INFO 172.19.0.3 - "GET /metrics?target=hris-hims-db HTTP/1.1" 200 -
2026-07-24 14:58:46.781 | 2026-07-24 21:58:46,780 ERROR query 'size' failed for target 'hris-card-db'
2026-07-24 14:58:46.781 | Traceback (most recent call last):
2026-07-24 14:58:46.781 |   File "/app/src/collectors/base.py", line 52, in safe_collect_family
2026-07-24 14:58:46.781 |     result = builder()
2026-07-24 14:58:46.781 |              ^^^^^^^^^
2026-07-24 14:58:46.781 |   File "/app/src/collectors/postgres.py", line 94, in <lambda>
2026-07-24 14:58:46.781 |     ("size", lambda: self._size_family(cur)),
2026-07-24 14:58:46.781 |                      ^^^^^^^^^^^^^^^^^^^^^^
2026-07-24 14:58:46.781 |   File "/app/src/collectors/postgres.py", line 168, in _size_family
2026-07-24 14:58:46.781 |     cur.execute(_SIZE_SQL)
2026-07-24 14:58:46.781 |   File "/usr/local/lib/python3.12/site-packages/psycopg2/extras.py", line 146, in execute
2026-07-24 14:58:46.781 |     return super().execute(query, vars)
2026-07-24 14:58:46.781 |            ^^^^^^^^^^^^^^^^^^^^^^^^^^^^
2026-07-24 14:58:46.781 | psycopg2.errors.InsufficientPrivilege: permission denied for database rdsadmin
2026-07-24 14:58:46.781 | 
2026-07-24 14:58:46.781 | 2026-07-24 21:58:46,781 INFO 172.19.0.3 - "GET /metrics?target=hris-card-db HTTP/1.1" 200 -
2026-07-24 14:58:48.721 | 2026-07-24 21:58:48,720 INFO 127.0.0.1 - "GET /health HTTP/1.1" 200 -
2026-07-24 14:58:56.279 | 2026-07-24 21:58:56,279 ERROR query 'query_duration' failed for target 'hris-hims-db'
2026-07-24 14:58:56.279 | Traceback (most recent call last):
2026-07-24 14:58:56.279 |   File "/app/src/collectors/base.py", line 52, in safe_collect_family
2026-07-24 14:58:56.279 |     result = builder()
2026-07-24 14:58:56.279 |              ^^^^^^^^^
2026-07-24 14:58:56.279 |   File "/app/src/collectors/oracle.py", line 103, in <lambda>
2026-07-24 14:58:56.279 |     ("query_duration", lambda: self._query_duration_family(conn)),
2026-07-24 14:58:56.279 |                                ^^^^^^^^^^^^^^^^^^^^^^^^^^^^^^^^^
2026-07-24 14:58:56.279 |   File "/app/src/collectors/oracle.py", line 119, in _query_duration_family
2026-07-24 14:58:56.279 |     cur.execute(_QUERY_STATS_SQL)
2026-07-24 14:58:56.279 |   File "/usr/local/lib/python3.12/site-packages/oracledb/cursor.py", line 710, in execute
2026-07-24 14:58:56.279 |     impl.execute(self)
2026-07-24 14:58:56.279 |   File "src/oracledb/impl/thin/cursor.pyx", line 196, in oracledb.thin_impl.ThinCursorImpl.execute
2026-07-24 14:58:56.279 |   File "src/oracledb/impl/thin/protocol.pyx", line 440, in oracledb.thin_impl.Protocol._process_single_message
2026-07-24 14:58:56.279 |   File "src/oracledb/impl/thin/protocol.pyx", line 441, in oracledb.thin_impl.Protocol._process_single_message
2026-07-24 14:58:56.279 |   File "src/oracledb/impl/thin/protocol.pyx", line 433, in oracledb.thin_impl.Protocol._process_message
2026-07-24 14:58:56.279 |   File "src/oracledb/impl/thin/messages.pyx", line 74, in oracledb.thin_impl.Message._check_and_raise_exception
2026-07-24 14:58:56.279 | oracledb.exceptions.DatabaseError: ORA-00942: table or view does not exist
2026-07-24 14:58:56.279 | Help: https://docs.oracle.com/error-help/db/ora-00942/
2026-07-24 14:58:56.358 | 2026-07-24 21:58:56,358 INFO 172.19.0.3 - "GET /metrics?target=hris-hims-db HTTP/1.1" 200 -
2026-07-24 14:58:57.602 | 2026-07-24 21:58:57,602 ERROR scrape of target 'hris-scl-engineering-db' failed
2026-07-24 14:58:57.602 | Traceback (most recent call last):
2026-07-24 14:58:57.602 |   File "src/pymssql/_pymssql.pyx", line 650, in pymssql._pymssql.connect
2026-07-24 14:58:57.602 |   File "src/pymssql/_mssql.pyx", line 2158, in pymssql._mssql.connect
2026-07-24 14:58:57.602 |   File "src/pymssql/_mssql.pyx", line 712, in pymssql._mssql.MSSQLConnection.__init__
2026-07-24 14:58:57.602 |   File "src/pymssql/_mssql.pyx", line 1884, in pymssql._mssql.maybe_raise_MSSQLDatabaseException
2026-07-24 14:58:57.602 |   File "src/pymssql/_mssql.pyx", line 1901, in pymssql._mssql.raise_MSSQLDatabaseException
2026-07-24 14:58:57.602 | pymssql._mssql.MSSQLDatabaseException: (20009, b'DB-Lib error message 20009, severity 9:\nUnable to connect: Adaptive Server is unavailable or does not exist (COSWINDE516D1)\n')
2026-07-24 14:58:57.602 | 
2026-07-24 14:58:57.602 | During handling of the above exception, another exception occurred:
2026-07-24 14:58:57.602 | 
2026-07-24 14:58:57.602 | Traceback (most recent call last):
2026-07-24 14:58:57.602 |   File "/app/src/registry.py", line 74, in scrape
2026-07-24 14:58:57.602 |     families, had_partial_error = future.result(timeout=target.scrape_timeout_seconds)
2026-07-24 14:58:57.602 |                                   ^^^^^^^^^^^^^^^^^^^^^^^^^^^^^^^^^^^^^^^^^^^^^^^^^^^^
2026-07-24 14:58:57.602 |   File "/usr/local/lib/python3.12/concurrent/futures/_base.py", line 456, in result
2026-07-24 14:58:57.602 |     return self.__get_result()
2026-07-24 14:58:57.602 |            ^^^^^^^^^^^^^^^^^^^
2026-07-24 14:58:57.602 |   File "/usr/local/lib/python3.12/concurrent/futures/_base.py", line 401, in __get_result
2026-07-24 14:58:57.602 |     raise self._exception
2026-07-24 14:58:57.602 |   File "/usr/local/lib/python3.12/concurrent/futures/thread.py", line 59, in run
2026-07-24 14:58:57.602 |     result = self.fn(*self.args, **self.kwargs)
2026-07-24 14:58:57.602 |              ^^^^^^^^^^^^^^^^^^^^^^^^^^^^^^^^^^
2026-07-24 14:58:57.602 |   File "/app/src/registry.py", line 69, in _do_scrape
2026-07-24 14:58:57.602 |     conn = adapter.get_connection()
2026-07-24 14:58:57.602 |            ^^^^^^^^^^^^^^^^^^^^^^^^
2026-07-24 14:58:57.602 |   File "/app/src/collectors/base.py", line 65, in get_connection
2026-07-24 14:58:57.602 |     self._conn = self.connect()
2026-07-24 14:58:57.602 |                  ^^^^^^^^^^^^^^
2026-07-24 14:58:57.602 |   File "/app/src/collectors/sqlserver.py", line 70, in connect
2026-07-24 14:58:57.602 |     conn = pymssql.connect(
2026-07-24 14:58:57.602 |            ^^^^^^^^^^^^^^^^
2026-07-24 14:58:57.602 |   File "src/pymssql/_pymssql.pyx", line 659, in pymssql._pymssql.connect
2026-07-24 14:58:57.602 | pymssql.exceptions.OperationalError: (20009, b'DB-Lib error message 20009, severity 9:\nUnable to connect: Adaptive Server is unavailable or does not exist (COSWINDE516D1)\n')
2026-07-24 14:58:57.602 | 2026-07-24 21:58:57,602 INFO 172.19.0.3 - "GET /metrics?target=hris-scl-engineering-db HTTP/1.1" 200 -
2026-07-24 14:59:01.843 | 2026-07-24 21:59:01,842 ERROR query 'size' failed for target 'hris-card-db'
2026-07-24 14:59:01.843 | Traceback (most recent call last):
2026-07-24 14:59:01.843 |   File "/app/src/collectors/base.py", line 52, in safe_collect_family
2026-07-24 14:59:01.843 |     result = builder()
2026-07-24 14:59:01.843 |              ^^^^^^^^^
2026-07-24 14:59:01.843 |   File "/app/src/collectors/postgres.py", line 94, in <lambda>
2026-07-24 14:59:01.843 |     ("size", lambda: self._size_family(cur)),
2026-07-24 14:59:01.843 |                      ^^^^^^^^^^^^^^^^^^^^^^
2026-07-24 14:59:01.843 |   File "/app/src/collectors/postgres.py", line 168, in _size_family
2026-07-24 14:59:01.843 |     cur.execute(_SIZE_SQL)
2026-07-24 14:59:01.843 |   File "/usr/local/lib/python3.12/site-packages/psycopg2/extras.py", line 146, in execute
2026-07-24 14:59:01.843 |     return super().execute(query, vars)
2026-07-24 14:59:01.843 |            ^^^^^^^^^^^^^^^^^^^^^^^^^^^^
2026-07-24 14:59:01.843 | psycopg2.errors.InsufficientPrivilege: permission denied for database rdsadmin
2026-07-24 14:59:01.843 | 
2026-07-24 14:59:01.843 | 2026-07-24 21:59:01,843 INFO 172.19.0.3 - "GET /metrics?target=hris-card-db HTTP/1.1" 200 -
2026-07-24 14:59:11.276 | 2026-07-24 21:59:11,275 ERROR query 'query_duration' failed for target 'hris-hims-db'
2026-07-24 14:59:11.276 | Traceback (most recent call last):
2026-07-24 14:59:11.276 |   File "/app/src/collectors/base.py", line 52, in safe_collect_family
2026-07-24 14:59:11.276 |     result = builder()
2026-07-24 14:59:11.276 |              ^^^^^^^^^
2026-07-24 14:59:11.276 |   File "/app/src/collectors/oracle.py", line 103, in <lambda>
2026-07-24 14:59:11.276 |     ("query_duration", lambda: self._query_duration_family(conn)),
2026-07-24 14:59:11.276 |                                ^^^^^^^^^^^^^^^^^^^^^^^^^^^^^^^^^
2026-07-24 14:59:11.276 |   File "/app/src/collectors/oracle.py", line 119, in _query_duration_family
2026-07-24 14:59:11.276 |     cur.execute(_QUERY_STATS_SQL)
2026-07-24 14:59:11.276 |   File "/usr/local/lib/python3.12/site-packages/oracledb/cursor.py", line 710, in execute
2026-07-24 14:59:11.276 |     impl.execute(self)
2026-07-24 14:59:11.276 |   File "src/oracledb/impl/thin/cursor.pyx", line 196, in oracledb.thin_impl.ThinCursorImpl.execute
2026-07-24 14:59:11.276 |   File "src/oracledb/impl/thin/protocol.pyx", line 440, in oracledb.thin_impl.Protocol._process_single_message
2026-07-24 14:59:11.276 |   File "src/oracledb/impl/thin/protocol.pyx", line 441, in oracledb.thin_impl.Protocol._process_single_message
2026-07-24 14:59:11.276 |   File "src/oracledb/impl/thin/protocol.pyx", line 433, in oracledb.thin_impl.Protocol._process_message
2026-07-24 14:59:11.276 |   File "src/oracledb/impl/thin/messages.pyx", line 74, in oracledb.thin_impl.Message._check_and_raise_exception
2026-07-24 14:59:11.276 | oracledb.exceptions.DatabaseError: ORA-00942: table or view does not exist
2026-07-24 14:59:11.276 | Help: https://docs.oracle.com/error-help/db/ora-00942/
2026-07-24 14:59:11.360 | 2026-07-24 21:59:11,359 INFO 172.19.0.3 - "GET /metrics?target=hris-hims-db HTTP/1.1" 200 -
2026-07-24 14:59:12.598 | 2026-07-24 21:59:12,597 ERROR scrape of target 'hris-scl-engineering-db' failed
2026-07-24 14:59:12.598 | Traceback (most recent call last):
2026-07-24 14:59:12.598 |   File "src/pymssql/_pymssql.pyx", line 650, in pymssql._pymssql.connect
2026-07-24 14:59:12.598 |   File "src/pymssql/_mssql.pyx", line 2158, in pymssql._mssql.connect
2026-07-24 14:59:12.598 |   File "src/pymssql/_mssql.pyx", line 712, in pymssql._mssql.MSSQLConnection.__init__
2026-07-24 14:59:12.598 |   File "src/pymssql/_mssql.pyx", line 1884, in pymssql._mssql.maybe_raise_MSSQLDatabaseException
2026-07-24 14:59:12.598 |   File "src/pymssql/_mssql.pyx", line 1901, in pymssql._mssql.raise_MSSQLDatabaseException
2026-07-24 14:59:12.598 | pymssql._mssql.MSSQLDatabaseException: (20009, b'DB-Lib error message 20009, severity 9:\nUnable to connect: Adaptive Server is unavailable or does not exist (COSWINDE516D1)\n')
2026-07-24 14:59:12.598 | 
2026-07-24 14:59:12.598 | During handling of the above exception, another exception occurred:
2026-07-24 14:59:12.598 | 
2026-07-24 14:59:12.598 | Traceback (most recent call last):
2026-07-24 14:59:12.598 |   File "/app/src/registry.py", line 74, in scrape
2026-07-24 14:59:12.598 |     families, had_partial_error = future.result(timeout=target.scrape_timeout_seconds)
2026-07-24 14:59:12.598 |                                   ^^^^^^^^^^^^^^^^^^^^^^^^^^^^^^^^^^^^^^^^^^^^^^^^^^^^
2026-07-24 14:59:12.598 |   File "/usr/local/lib/python3.12/concurrent/futures/_base.py", line 456, in result
2026-07-24 14:59:12.598 |     return self.__get_result()
2026-07-24 14:59:12.598 |            ^^^^^^^^^^^^^^^^^^^
2026-07-24 14:59:12.598 |   File "/usr/local/lib/python3.12/concurrent/futures/_base.py", line 401, in __get_result
2026-07-24 14:59:12.598 |     raise self._exception
2026-07-24 14:59:12.598 |   File "/usr/local/lib/python3.12/concurrent/futures/thread.py", line 59, in run
2026-07-24 14:59:12.598 |     result = self.fn(*self.args, **self.kwargs)
2026-07-24 14:59:12.598 |              ^^^^^^^^^^^^^^^^^^^^^^^^^^^^^^^^^^
2026-07-24 14:59:12.598 |   File "/app/src/registry.py", line 69, in _do_scrape
2026-07-24 14:59:12.598 |     conn = adapter.get_connection()
2026-07-24 14:59:12.598 |            ^^^^^^^^^^^^^^^^^^^^^^^^
2026-07-24 14:59:12.598 |   File "/app/src/collectors/base.py", line 65, in get_connection
2026-07-24 14:59:12.598 |     self._conn = self.connect()
2026-07-24 14:59:12.598 |                  ^^^^^^^^^^^^^^
2026-07-24 14:59:12.598 |   File "/app/src/collectors/sqlserver.py", line 70, in connect
2026-07-24 14:59:12.598 |     conn = pymssql.connect(
2026-07-24 14:59:12.598 |            ^^^^^^^^^^^^^^^^
2026-07-24 14:59:12.598 |   File "src/pymssql/_pymssql.pyx", line 659, in pymssql._pymssql.connect
2026-07-24 14:59:12.598 | pymssql.exceptions.OperationalError: (20009, b'DB-Lib error message 20009, severity 9:\nUnable to connect: Adaptive Server is unavailable or does not exist (COSWINDE516D1)\n')
2026-07-24 14:59:12.598 | 2026-07-24 21:59:12,598 INFO 172.19.0.3 - "GET /metrics?target=hris-scl-engineering-db HTTP/1.1" 200 -
2026-07-24 14:59:16.781 | 2026-07-24 21:59:16,780 ERROR query 'size' failed for target 'hris-card-db'
2026-07-24 14:59:16.781 | Traceback (most recent call last):
2026-07-24 14:59:16.781 |   File "/app/src/collectors/base.py", line 52, in safe_collect_family
2026-07-24 14:59:16.781 |     result = builder()
2026-07-24 14:59:16.781 |              ^^^^^^^^^
2026-07-24 14:59:16.781 |   File "/app/src/collectors/postgres.py", line 94, in <lambda>
2026-07-24 14:59:16.781 |     ("size", lambda: self._size_family(cur)),
2026-07-24 14:59:16.781 |                      ^^^^^^^^^^^^^^^^^^^^^^
2026-07-24 14:59:16.781 |   File "/app/src/collectors/postgres.py", line 168, in _size_family
2026-07-24 14:59:16.781 |     cur.execute(_SIZE_SQL)
2026-07-24 14:59:16.781 |   File "/usr/local/lib/python3.12/site-packages/psycopg2/extras.py", line 146, in execute
2026-07-24 14:59:16.781 |     return super().execute(query, vars)
2026-07-24 14:59:16.781 |            ^^^^^^^^^^^^^^^^^^^^^^^^^^^^
2026-07-24 14:59:16.781 | psycopg2.errors.InsufficientPrivilege: permission denied for database rdsadmin
2026-07-24 14:59:16.781 | 
2026-07-24 14:59:16.781 | 2026-07-24 21:59:16,781 INFO 172.19.0.3 - "GET /metrics?target=hris-card-db HTTP/1.1" 200 -
2026-07-24 14:59:18.833 | 2026-07-24 21:59:18,833 INFO 127.0.0.1 - "GET /health HTTP/1.1" 200 -
2026-07-24 14:59:26.277 | 2026-07-24 21:59:26,276 ERROR query 'query_duration' failed for target 'hris-hims-db'
2026-07-24 14:59:26.277 | Traceback (most recent call last):
2026-07-24 14:59:26.277 |   File "/app/src/collectors/base.py", line 52, in safe_collect_family
2026-07-24 14:59:26.277 |     result = builder()
2026-07-24 14:59:26.277 |              ^^^^^^^^^
2026-07-24 14:59:26.277 |   File "/app/src/collectors/oracle.py", line 103, in <lambda>
2026-07-24 14:59:26.277 |     ("query_duration", lambda: self._query_duration_family(conn)),
2026-07-24 14:59:26.277 |                                ^^^^^^^^^^^^^^^^^^^^^^^^^^^^^^^^^
2026-07-24 14:59:26.277 |   File "/app/src/collectors/oracle.py", line 119, in _query_duration_family
2026-07-24 14:59:26.277 |     cur.execute(_QUERY_STATS_SQL)
2026-07-24 14:59:26.277 |   File "/usr/local/lib/python3.12/site-packages/oracledb/cursor.py", line 710, in execute
2026-07-24 14:59:26.277 |     impl.execute(self)
2026-07-24 14:59:26.277 |   File "src/oracledb/impl/thin/cursor.pyx", line 196, in oracledb.thin_impl.ThinCursorImpl.execute
2026-07-24 14:59:26.277 |   File "src/oracledb/impl/thin/protocol.pyx", line 440, in oracledb.thin_impl.Protocol._process_single_message
2026-07-24 14:59:26.277 |   File "src/oracledb/impl/thin/protocol.pyx", line 441, in oracledb.thin_impl.Protocol._process_single_message
2026-07-24 14:59:26.277 |   File "src/oracledb/impl/thin/protocol.pyx", line 433, in oracledb.thin_impl.Protocol._process_message
2026-07-24 14:59:26.277 |   File "src/oracledb/impl/thin/messages.pyx", line 74, in oracledb.thin_impl.Message._check_and_raise_exception
2026-07-24 14:59:26.277 | oracledb.exceptions.DatabaseError: ORA-00942: table or view does not exist
2026-07-24 14:59:26.277 | Help: https://docs.oracle.com/error-help/db/ora-00942/
2026-07-24 14:59:26.352 | 2026-07-24 21:59:26,352 INFO 172.19.0.3 - "GET /metrics?target=hris-hims-db HTTP/1.1" 200 -
2026-07-24 14:59:27.599 | 2026-07-24 21:59:27,598 ERROR scrape of target 'hris-scl-engineering-db' failed
2026-07-24 14:59:27.599 | Traceback (most recent call last):
2026-07-24 14:59:27.599 |   File "src/pymssql/_pymssql.pyx", line 650, in pymssql._pymssql.connect
2026-07-24 14:59:27.599 |   File "src/pymssql/_mssql.pyx", line 2158, in pymssql._mssql.connect
2026-07-24 14:59:27.599 |   File "src/pymssql/_mssql.pyx", line 712, in pymssql._mssql.MSSQLConnection.__init__
2026-07-24 14:59:27.599 |   File "src/pymssql/_mssql.pyx", line 1884, in pymssql._mssql.maybe_raise_MSSQLDatabaseException
2026-07-24 14:59:27.599 |   File "src/pymssql/_mssql.pyx", line 1901, in pymssql._mssql.raise_MSSQLDatabaseException
2026-07-24 14:59:27.599 | pymssql._mssql.MSSQLDatabaseException: (20009, b'DB-Lib error message 20009, severity 9:\nUnable to connect: Adaptive Server is unavailable or does not exist (COSWINDE516D1)\n')
2026-07-24 14:59:27.599 | 
2026-07-24 14:59:27.599 | During handling of the above exception, another exception occurred:
2026-07-24 14:59:27.599 | 
2026-07-24 14:59:27.599 | Traceback (most recent call last):
2026-07-24 14:59:27.599 |   File "/app/src/registry.py", line 74, in scrape
2026-07-24 14:59:27.599 |     families, had_partial_error = future.result(timeout=target.scrape_timeout_seconds)
2026-07-24 14:59:27.599 |                                   ^^^^^^^^^^^^^^^^^^^^^^^^^^^^^^^^^^^^^^^^^^^^^^^^^^^^
2026-07-24 14:59:27.599 |   File "/usr/local/lib/python3.12/concurrent/futures/_base.py", line 456, in result
2026-07-24 14:59:27.599 |     return self.__get_result()
2026-07-24 14:59:27.599 |            ^^^^^^^^^^^^^^^^^^^
2026-07-24 14:59:27.599 |   File "/usr/local/lib/python3.12/concurrent/futures/_base.py", line 401, in __get_result
2026-07-24 14:59:27.599 |     raise self._exception
2026-07-24 14:59:27.599 |   File "/usr/local/lib/python3.12/concurrent/futures/thread.py", line 59, in run
2026-07-24 14:59:27.599 |     result = self.fn(*self.args, **self.kwargs)
2026-07-24 14:59:27.599 |              ^^^^^^^^^^^^^^^^^^^^^^^^^^^^^^^^^^
2026-07-24 14:59:27.599 |   File "/app/src/registry.py", line 69, in _do_scrape
2026-07-24 14:59:27.599 |     conn = adapter.get_connection()
2026-07-24 14:59:27.599 |            ^^^^^^^^^^^^^^^^^^^^^^^^
2026-07-24 14:59:27.599 |   File "/app/src/collectors/base.py", line 65, in get_connection
2026-07-24 14:59:27.599 |     self._conn = self.connect()
2026-07-24 14:59:27.599 |                  ^^^^^^^^^^^^^^
2026-07-24 14:59:27.599 |   File "/app/src/collectors/sqlserver.py", line 70, in connect
2026-07-24 14:59:27.599 |     conn = pymssql.connect(
2026-07-24 14:59:27.599 |            ^^^^^^^^^^^^^^^^
2026-07-24 14:59:27.599 |   File "src/pymssql/_pymssql.pyx", line 659, in pymssql._pymssql.connect
2026-07-24 14:59:27.599 | pymssql.exceptions.OperationalError: (20009, b'DB-Lib error message 20009, severity 9:\nUnable to connect: Adaptive Server is unavailable or does not exist (COSWINDE516D1)\n')
2026-07-24 14:59:27.599 | 2026-07-24 21:59:27,599 INFO 172.19.0.3 - "GET /metrics?target=hris-scl-engineering-db HTTP/1.1" 200 -
2026-07-24 14:59:31.780 | 2026-07-24 21:59:31,779 ERROR query 'size' failed for target 'hris-card-db'
2026-07-24 14:59:31.780 | Traceback (most recent call last):
2026-07-24 14:59:31.780 |   File "/app/src/collectors/base.py", line 52, in safe_collect_family
2026-07-24 14:59:31.780 |     result = builder()
2026-07-24 14:59:31.780 |              ^^^^^^^^^
2026-07-24 14:59:31.780 |   File "/app/src/collectors/postgres.py", line 94, in <lambda>
2026-07-24 14:59:31.780 |     ("size", lambda: self._size_family(cur)),
2026-07-24 14:59:31.780 |                      ^^^^^^^^^^^^^^^^^^^^^^
2026-07-24 14:59:31.780 |   File "/app/src/collectors/postgres.py", line 168, in _size_family
2026-07-24 14:59:31.780 |     cur.execute(_SIZE_SQL)
2026-07-24 14:59:31.780 |   File "/usr/local/lib/python3.12/site-packages/psycopg2/extras.py", line 146, in execute
2026-07-24 14:59:31.780 |     return super().execute(query, vars)
2026-07-24 14:59:31.780 |            ^^^^^^^^^^^^^^^^^^^^^^^^^^^^
2026-07-24 14:59:31.780 | psycopg2.errors.InsufficientPrivilege: permission denied for database rdsadmin
2026-07-24 14:59:31.780 | 
2026-07-24 14:59:31.780 | 2026-07-24 21:59:31,780 INFO 172.19.0.3 - "GET /metrics?target=hris-card-db HTTP/1.1" 200 -
2026-07-24 14:59:41.276 | 2026-07-24 21:59:41,276 ERROR query 'query_duration' failed for target 'hris-hims-db'
2026-07-24 14:59:41.276 | Traceback (most recent call last):
2026-07-24 14:59:41.276 |   File "/app/src/collectors/base.py", line 52, in safe_collect_family
2026-07-24 14:59:41.276 |     result = builder()
2026-07-24 14:59:41.276 |              ^^^^^^^^^
2026-07-24 14:59:41.276 |   File "/app/src/collectors/oracle.py", line 103, in <lambda>
2026-07-24 14:59:41.276 |     ("query_duration", lambda: self._query_duration_family(conn)),
2026-07-24 14:59:41.276 |                                ^^^^^^^^^^^^^^^^^^^^^^^^^^^^^^^^^
2026-07-24 14:59:41.276 |   File "/app/src/collectors/oracle.py", line 119, in _query_duration_family
2026-07-24 14:59:41.276 |     cur.execute(_QUERY_STATS_SQL)
2026-07-24 14:59:41.276 |   File "/usr/local/lib/python3.12/site-packages/oracledb/cursor.py", line 710, in execute
2026-07-24 14:59:41.276 |     impl.execute(self)
2026-07-24 14:59:41.276 |   File "src/oracledb/impl/thin/cursor.pyx", line 196, in oracledb.thin_impl.ThinCursorImpl.execute
2026-07-24 14:59:41.276 |   File "src/oracledb/impl/thin/protocol.pyx", line 440, in oracledb.thin_impl.Protocol._process_single_message
2026-07-24 14:59:41.276 |   File "src/oracledb/impl/thin/protocol.pyx", line 441, in oracledb.thin_impl.Protocol._process_single_message
2026-07-24 14:59:41.276 |   File "src/oracledb/impl/thin/protocol.pyx", line 433, in oracledb.thin_impl.Protocol._process_message
2026-07-24 14:59:41.276 |   File "src/oracledb/impl/thin/messages.pyx", line 74, in oracledb.thin_impl.Message._check_and_raise_exception
2026-07-24 14:59:41.276 | oracledb.exceptions.DatabaseError: ORA-00942: table or view does not exist
2026-07-24 14:59:41.276 | Help: https://docs.oracle.com/error-help/db/ora-00942/
2026-07-24 14:59:41.349 | 2026-07-24 21:59:41,348 INFO 172.19.0.3 - "GET /metrics?target=hris-hims-db HTTP/1.1" 200 -
2026-07-24 14:59:42.597 | 2026-07-24 21:59:42,596 ERROR scrape of target 'hris-scl-engineering-db' failed
2026-07-24 14:59:42.597 | Traceback (most recent call last):
2026-07-24 14:59:42.597 |   File "src/pymssql/_pymssql.pyx", line 650, in pymssql._pymssql.connect
2026-07-24 14:59:42.597 |   File "src/pymssql/_mssql.pyx", line 2158, in pymssql._mssql.connect
2026-07-24 14:59:42.597 |   File "src/pymssql/_mssql.pyx", line 712, in pymssql._mssql.MSSQLConnection.__init__
2026-07-24 14:59:42.597 |   File "src/pymssql/_mssql.pyx", line 1884, in pymssql._mssql.maybe_raise_MSSQLDatabaseException
2026-07-24 14:59:42.597 |   File "src/pymssql/_mssql.pyx", line 1901, in pymssql._mssql.raise_MSSQLDatabaseException
2026-07-24 14:59:42.597 | pymssql._mssql.MSSQLDatabaseException: (20009, b'DB-Lib error message 20009, severity 9:\nUnable to connect: Adaptive Server is unavailable or does not exist (COSWINDE516D1)\n')
2026-07-24 14:59:42.597 | 
2026-07-24 14:59:42.597 | During handling of the above exception, another exception occurred:
2026-07-24 14:59:42.597 | 
2026-07-24 14:59:42.597 | Traceback (most recent call last):
2026-07-24 14:59:42.597 |   File "/app/src/registry.py", line 74, in scrape
2026-07-24 14:59:42.597 |     families, had_partial_error = future.result(timeout=target.scrape_timeout_seconds)
2026-07-24 14:59:42.597 |                                   ^^^^^^^^^^^^^^^^^^^^^^^^^^^^^^^^^^^^^^^^^^^^^^^^^^^^
2026-07-24 14:59:42.597 |   File "/usr/local/lib/python3.12/concurrent/futures/_base.py", line 456, in result
2026-07-24 14:59:42.597 |     return self.__get_result()
2026-07-24 14:59:42.597 |            ^^^^^^^^^^^^^^^^^^^
2026-07-24 14:59:42.597 |   File "/usr/local/lib/python3.12/concurrent/futures/_base.py", line 401, in __get_result
2026-07-24 14:59:42.597 |     raise self._exception
2026-07-24 14:59:42.597 |   File "/usr/local/lib/python3.12/concurrent/futures/thread.py", line 59, in run
2026-07-24 14:59:42.597 |     result = self.fn(*self.args, **self.kwargs)
2026-07-24 14:59:42.597 |              ^^^^^^^^^^^^^^^^^^^^^^^^^^^^^^^^^^
2026-07-24 14:59:42.597 |   File "/app/src/registry.py", line 69, in _do_scrape
2026-07-24 14:59:42.597 |     conn = adapter.get_connection()
2026-07-24 14:59:42.597 |            ^^^^^^^^^^^^^^^^^^^^^^^^
2026-07-24 14:59:42.597 |   File "/app/src/collectors/base.py", line 65, in get_connection
2026-07-24 14:59:42.597 |     self._conn = self.connect()
2026-07-24 14:59:42.597 |                  ^^^^^^^^^^^^^^
2026-07-24 14:59:42.597 |   File "/app/src/collectors/sqlserver.py", line 70, in connect
2026-07-24 14:59:42.597 |     conn = pymssql.connect(
2026-07-24 14:59:42.597 |            ^^^^^^^^^^^^^^^^
2026-07-24 14:59:42.597 |   File "src/pymssql/_pymssql.pyx", line 659, in pymssql._pymssql.connect
2026-07-24 14:59:42.597 | pymssql.exceptions.OperationalError: (20009, b'DB-Lib error message 20009, severity 9:\nUnable to connect: Adaptive Server is unavailable or does not exist (COSWINDE516D1)\n')
2026-07-24 14:59:42.597 | 2026-07-24 21:59:42,597 INFO 172.19.0.3 - "GET /metrics?target=hris-scl-engineering-db HTTP/1.1" 200 -
2026-07-24 14:59:46.782 | 2026-07-24 21:59:46,782 ERROR query 'size' failed for target 'hris-card-db'
2026-07-24 14:59:46.782 | Traceback (most recent call last):
2026-07-24 14:59:46.782 |   File "/app/src/collectors/base.py", line 52, in safe_collect_family
2026-07-24 14:59:46.782 |     result = builder()
2026-07-24 14:59:46.782 |              ^^^^^^^^^
2026-07-24 14:59:46.782 |   File "/app/src/collectors/postgres.py", line 94, in <lambda>
2026-07-24 14:59:46.782 |     ("size", lambda: self._size_family(cur)),
2026-07-24 14:59:46.782 |                      ^^^^^^^^^^^^^^^^^^^^^^
2026-07-24 14:59:46.782 |   File "/app/src/collectors/postgres.py", line 168, in _size_family
2026-07-24 14:59:46.782 |     cur.execute(_SIZE_SQL)
2026-07-24 14:59:46.782 |   File "/usr/local/lib/python3.12/site-packages/psycopg2/extras.py", line 146, in execute
2026-07-24 14:59:46.782 |     return super().execute(query, vars)
2026-07-24 14:59:46.782 |            ^^^^^^^^^^^^^^^^^^^^^^^^^^^^
2026-07-24 14:59:46.782 | psycopg2.errors.InsufficientPrivilege: permission denied for database rdsadmin
2026-07-24 14:59:46.782 | 
2026-07-24 14:59:46.783 | 2026-07-24 21:59:46,782 INFO 172.19.0.3 - "GET /metrics?target=hris-card-db HTTP/1.1" 200 -
2026-07-24 14:59:48.975 | 2026-07-24 21:59:48,974 INFO 127.0.0.1 - "GET /health HTTP/1.1" 200 -
2026-07-24 14:59:56.276 | 2026-07-24 21:59:56,276 ERROR query 'query_duration' failed for target 'hris-hims-db'
2026-07-24 14:59:56.276 | Traceback (most recent call last):
2026-07-24 14:59:56.276 |   File "/app/src/collectors/base.py", line 52, in safe_collect_family
2026-07-24 14:59:56.276 |     result = builder()
2026-07-24 14:59:56.276 |              ^^^^^^^^^
2026-07-24 14:59:56.276 |   File "/app/src/collectors/oracle.py", line 103, in <lambda>
2026-07-24 14:59:56.276 |     ("query_duration", lambda: self._query_duration_family(conn)),
2026-07-24 14:59:56.276 |                                ^^^^^^^^^^^^^^^^^^^^^^^^^^^^^^^^^
2026-07-24 14:59:56.276 |   File "/app/src/collectors/oracle.py", line 119, in _query_duration_family
2026-07-24 14:59:56.276 |     cur.execute(_QUERY_STATS_SQL)
2026-07-24 14:59:56.276 |   File "/usr/local/lib/python3.12/site-packages/oracledb/cursor.py", line 710, in execute
2026-07-24 14:59:56.276 |     impl.execute(self)
2026-07-24 14:59:56.276 |   File "src/oracledb/impl/thin/cursor.pyx", line 196, in oracledb.thin_impl.ThinCursorImpl.execute
2026-07-24 14:59:56.276 |   File "src/oracledb/impl/thin/protocol.pyx", line 440, in oracledb.thin_impl.Protocol._process_single_message
2026-07-24 14:59:56.276 |   File "src/oracledb/impl/thin/protocol.pyx", line 441, in oracledb.thin_impl.Protocol._process_single_message
2026-07-24 14:59:56.276 |   File "src/oracledb/impl/thin/protocol.pyx", line 433, in oracledb.thin_impl.Protocol._process_message
2026-07-24 14:59:56.276 |   File "src/oracledb/impl/thin/messages.pyx", line 74, in oracledb.thin_impl.Message._check_and_raise_exception
2026-07-24 14:59:56.276 | oracledb.exceptions.DatabaseError: ORA-00942: table or view does not exist
2026-07-24 14:59:56.276 | Help: https://docs.oracle.com/error-help/db/ora-00942/
2026-07-24 14:59:56.358 | 2026-07-24 21:59:56,358 INFO 172.19.0.3 - "GET /metrics?target=hris-hims-db HTTP/1.1" 200 -
2026-07-24 14:59:57.579 | 2026-07-24 21:59:57,578 ERROR scrape of target 'hris-scl-engineering-db' failed
2026-07-24 14:59:57.579 | Traceback (most recent call last):
2026-07-24 14:59:57.579 |   File "src/pymssql/_pymssql.pyx", line 650, in pymssql._pymssql.connect
2026-07-24 14:59:57.579 |   File "src/pymssql/_mssql.pyx", line 2158, in pymssql._mssql.connect
2026-07-24 14:59:57.579 |   File "src/pymssql/_mssql.pyx", line 712, in pymssql._mssql.MSSQLConnection.__init__
2026-07-24 14:59:57.579 |   File "src/pymssql/_mssql.pyx", line 1884, in pymssql._mssql.maybe_raise_MSSQLDatabaseException
2026-07-24 14:59:57.579 |   File "src/pymssql/_mssql.pyx", line 1901, in pymssql._mssql.raise_MSSQLDatabaseException
2026-07-24 14:59:57.579 | pymssql._mssql.MSSQLDatabaseException: (20009, b'DB-Lib error message 20009, severity 9:\nUnable to connect: Adaptive Server is unavailable or does not exist (COSWINDE516D1)\n')
2026-07-24 14:59:57.579 | 
2026-07-24 14:59:57.579 | During handling of the above exception, another exception occurred:
2026-07-24 14:59:57.579 | 
2026-07-24 14:59:57.579 | Traceback (most recent call last):
2026-07-24 14:59:57.579 |   File "/app/src/registry.py", line 74, in scrape
2026-07-24 14:59:57.579 |     families, had_partial_error = future.result(timeout=target.scrape_timeout_seconds)
2026-07-24 14:59:57.579 |                                   ^^^^^^^^^^^^^^^^^^^^^^^^^^^^^^^^^^^^^^^^^^^^^^^^^^^^
2026-07-24 14:59:57.579 |   File "/usr/local/lib/python3.12/concurrent/futures/_base.py", line 456, in result
2026-07-24 14:59:57.579 |     return self.__get_result()
2026-07-24 14:59:57.579 |            ^^^^^^^^^^^^^^^^^^^
2026-07-24 14:59:57.579 |   File "/usr/local/lib/python3.12/concurrent/futures/_base.py", line 401, in __get_result
2026-07-24 14:59:57.579 |     raise self._exception
2026-07-24 14:59:57.579 |   File "/usr/local/lib/python3.12/concurrent/futures/thread.py", line 59, in run
2026-07-24 14:59:57.579 |     result = self.fn(*self.args, **self.kwargs)
2026-07-24 14:59:57.579 |              ^^^^^^^^^^^^^^^^^^^^^^^^^^^^^^^^^^
2026-07-24 14:59:57.579 |   File "/app/src/registry.py", line 69, in _do_scrape
2026-07-24 14:59:57.579 |     conn = adapter.get_connection()
2026-07-24 14:59:57.579 |            ^^^^^^^^^^^^^^^^^^^^^^^^
2026-07-24 14:59:57.579 |   File "/app/src/collectors/base.py", line 65, in get_connection
2026-07-24 14:59:57.579 |     self._conn = self.connect()
2026-07-24 14:59:57.579 |                  ^^^^^^^^^^^^^^
2026-07-24 14:59:57.579 |   File "/app/src/collectors/sqlserver.py", line 70, in connect
2026-07-24 14:59:57.579 |     conn = pymssql.connect(
2026-07-24 14:59:57.579 |            ^^^^^^^^^^^^^^^^
2026-07-24 14:59:57.579 |   File "src/pymssql/_pymssql.pyx", line 659, in pymssql._pymssql.connect
2026-07-24 14:59:57.579 | pymssql.exceptions.OperationalError: (20009, b'DB-Lib error message 20009, severity 9:\nUnable to connect: Adaptive Server is unavailable or does not exist (COSWINDE516D1)\n')
2026-07-24 14:59:57.579 | 2026-07-24 21:59:57,579 INFO 172.19.0.3 - "GET /metrics?target=hris-scl-engineering-db HTTP/1.1" 200 -
2026-07-24 15:00:01.827 | 2026-07-24 22:00:01,827 ERROR query 'size' failed for target 'hris-card-db'
2026-07-24 15:00:01.827 | Traceback (most recent call last):
2026-07-24 15:00:01.827 |   File "/app/src/collectors/base.py", line 52, in safe_collect_family
2026-07-24 15:00:01.827 |     result = builder()
2026-07-24 15:00:01.827 |              ^^^^^^^^^
2026-07-24 15:00:01.827 |   File "/app/src/collectors/postgres.py", line 94, in <lambda>
2026-07-24 15:00:01.827 |     ("size", lambda: self._size_family(cur)),
2026-07-24 15:00:01.827 |                      ^^^^^^^^^^^^^^^^^^^^^^
2026-07-24 15:00:01.827 |   File "/app/src/collectors/postgres.py", line 168, in _size_family
2026-07-24 15:00:01.827 |     cur.execute(_SIZE_SQL)
2026-07-24 15:00:01.827 |   File "/usr/local/lib/python3.12/site-packages/psycopg2/extras.py", line 146, in execute
2026-07-24 15:00:01.827 |     return super().execute(query, vars)
2026-07-24 15:00:01.827 |            ^^^^^^^^^^^^^^^^^^^^^^^^^^^^
2026-07-24 15:00:01.827 | psycopg2.errors.InsufficientPrivilege: permission denied for database rdsadmin
2026-07-24 15:00:01.827 | 
2026-07-24 15:00:01.828 | 2026-07-24 22:00:01,827 INFO 172.19.0.3 - "GET /metrics?target=hris-card-db HTTP/1.1" 200 -
2026-07-24 15:00:11.276 | 2026-07-24 22:00:11,275 ERROR query 'query_duration' failed for target 'hris-hims-db'
2026-07-24 15:00:11.276 | Traceback (most recent call last):
2026-07-24 15:00:11.276 |   File "/app/src/collectors/base.py", line 52, in safe_collect_family
2026-07-24 15:00:11.276 |     result = builder()
2026-07-24 15:00:11.276 |              ^^^^^^^^^
2026-07-24 15:00:11.276 |   File "/app/src/collectors/oracle.py", line 103, in <lambda>
2026-07-24 15:00:11.276 |     ("query_duration", lambda: self._query_duration_family(conn)),
2026-07-24 15:00:11.276 |                                ^^^^^^^^^^^^^^^^^^^^^^^^^^^^^^^^^
2026-07-24 15:00:11.276 |   File "/app/src/collectors/oracle.py", line 119, in _query_duration_family
2026-07-24 15:00:11.276 |     cur.execute(_QUERY_STATS_SQL)
2026-07-24 15:00:11.276 |   File "/usr/local/lib/python3.12/site-packages/oracledb/cursor.py", line 710, in execute
2026-07-24 15:00:11.276 |     impl.execute(self)
2026-07-24 15:00:11.276 |   File "src/oracledb/impl/thin/cursor.pyx", line 196, in oracledb.thin_impl.ThinCursorImpl.execute
2026-07-24 15:00:11.276 |   File "src/oracledb/impl/thin/protocol.pyx", line 440, in oracledb.thin_impl.Protocol._process_single_message
2026-07-24 15:00:11.276 |   File "src/oracledb/impl/thin/protocol.pyx", line 441, in oracledb.thin_impl.Protocol._process_single_message
2026-07-24 15:00:11.276 |   File "src/oracledb/impl/thin/protocol.pyx", line 433, in oracledb.thin_impl.Protocol._process_message
2026-07-24 15:00:11.276 |   File "src/oracledb/impl/thin/messages.pyx", line 74, in oracledb.thin_impl.Message._check_and_raise_exception
2026-07-24 15:00:11.276 | oracledb.exceptions.DatabaseError: ORA-00942: table or view does not exist
2026-07-24 15:00:11.276 | Help: https://docs.oracle.com/error-help/db/ora-00942/
2026-07-24 15:00:11.352 | 2026-07-24 22:00:11,351 INFO 172.19.0.3 - "GET /metrics?target=hris-hims-db HTTP/1.1" 200 -
2026-07-24 15:00:12.597 | 2026-07-24 22:00:12,596 ERROR scrape of target 'hris-scl-engineering-db' failed
2026-07-24 15:00:12.597 | Traceback (most recent call last):
2026-07-24 15:00:12.597 |   File "src/pymssql/_pymssql.pyx", line 650, in pymssql._pymssql.connect
2026-07-24 15:00:12.597 |   File "src/pymssql/_mssql.pyx", line 2158, in pymssql._mssql.connect
2026-07-24 15:00:12.597 |   File "src/pymssql/_mssql.pyx", line 712, in pymssql._mssql.MSSQLConnection.__init__
2026-07-24 15:00:12.597 |   File "src/pymssql/_mssql.pyx", line 1884, in pymssql._mssql.maybe_raise_MSSQLDatabaseException
2026-07-24 15:00:12.597 |   File "src/pymssql/_mssql.pyx", line 1901, in pymssql._mssql.raise_MSSQLDatabaseException
2026-07-24 15:00:12.597 | pymssql._mssql.MSSQLDatabaseException: (20009, b'DB-Lib error message 20009, severity 9:\nUnable to connect: Adaptive Server is unavailable or does not exist (COSWINDE516D1)\n')
2026-07-24 15:00:12.597 | 
2026-07-24 15:00:12.597 | During handling of the above exception, another exception occurred:
2026-07-24 15:00:12.597 | 
2026-07-24 15:00:12.597 | Traceback (most recent call last):
2026-07-24 15:00:12.597 |   File "/app/src/registry.py", line 74, in scrape
2026-07-24 15:00:12.597 |     families, had_partial_error = future.result(timeout=target.scrape_timeout_seconds)
2026-07-24 15:00:12.597 |                                   ^^^^^^^^^^^^^^^^^^^^^^^^^^^^^^^^^^^^^^^^^^^^^^^^^^^^
2026-07-24 15:00:12.597 |   File "/usr/local/lib/python3.12/concurrent/futures/_base.py", line 456, in result
2026-07-24 15:00:12.597 |     return self.__get_result()
2026-07-24 15:00:12.597 |            ^^^^^^^^^^^^^^^^^^^
2026-07-24 15:00:12.597 |   File "/usr/local/lib/python3.12/concurrent/futures/_base.py", line 401, in __get_result
2026-07-24 15:00:12.597 |     raise self._exception
2026-07-24 15:00:12.597 |   File "/usr/local/lib/python3.12/concurrent/futures/thread.py", line 59, in run
2026-07-24 15:00:12.597 |     result = self.fn(*self.args, **self.kwargs)
2026-07-24 15:00:12.597 |              ^^^^^^^^^^^^^^^^^^^^^^^^^^^^^^^^^^
2026-07-24 15:00:12.597 |   File "/app/src/registry.py", line 69, in _do_scrape
2026-07-24 15:00:12.597 |     conn = adapter.get_connection()
2026-07-24 15:00:12.597 |            ^^^^^^^^^^^^^^^^^^^^^^^^
2026-07-24 15:00:12.597 |   File "/app/src/collectors/base.py", line 65, in get_connection
2026-07-24 15:00:12.597 |     self._conn = self.connect()
2026-07-24 15:00:12.597 |                  ^^^^^^^^^^^^^^
2026-07-24 15:00:12.597 |   File "/app/src/collectors/sqlserver.py", line 70, in connect
2026-07-24 15:00:12.597 |     conn = pymssql.connect(
2026-07-24 15:00:12.597 |            ^^^^^^^^^^^^^^^^
2026-07-24 15:00:12.597 |   File "src/pymssql/_pymssql.pyx", line 659, in pymssql._pymssql.connect
2026-07-24 15:00:12.597 | pymssql.exceptions.OperationalError: (20009, b'DB-Lib error message 20009, severity 9:\nUnable to connect: Adaptive Server is unavailable or does not exist (COSWINDE516D1)\n')
2026-07-24 15:00:12.597 | 2026-07-24 22:00:12,597 INFO 172.19.0.3 - "GET /metrics?target=hris-scl-engineering-db HTTP/1.1" 200 -
2026-07-24 15:00:16.781 | 2026-07-24 22:00:16,780 ERROR query 'size' failed for target 'hris-card-db'
2026-07-24 15:00:16.781 | Traceback (most recent call last):
2026-07-24 15:00:16.781 |   File "/app/src/collectors/base.py", line 52, in safe_collect_family
2026-07-24 15:00:16.781 |     result = builder()
2026-07-24 15:00:16.781 |              ^^^^^^^^^
2026-07-24 15:00:16.781 |   File "/app/src/collectors/postgres.py", line 94, in <lambda>
2026-07-24 15:00:16.781 |     ("size", lambda: self._size_family(cur)),
2026-07-24 15:00:16.781 |                      ^^^^^^^^^^^^^^^^^^^^^^
2026-07-24 15:00:16.781 |   File "/app/src/collectors/postgres.py", line 168, in _size_family
2026-07-24 15:00:16.781 |     cur.execute(_SIZE_SQL)
2026-07-24 15:00:16.781 |   File "/usr/local/lib/python3.12/site-packages/psycopg2/extras.py", line 146, in execute
2026-07-24 15:00:16.781 |     return super().execute(query, vars)
2026-07-24 15:00:16.781 |            ^^^^^^^^^^^^^^^^^^^^^^^^^^^^
2026-07-24 15:00:16.781 | psycopg2.errors.InsufficientPrivilege: permission denied for database rdsadmin
2026-07-24 15:00:16.781 | 
2026-07-24 15:00:16.781 | 2026-07-24 22:00:16,781 INFO 172.19.0.3 - "GET /metrics?target=hris-card-db HTTP/1.1" 200 -
2026-07-24 15:00:19.090 | 2026-07-24 22:00:19,090 INFO 127.0.0.1 - "GET /health HTTP/1.1" 200 -
2026-07-24 15:00:26.281 | 2026-07-24 22:00:26,280 ERROR query 'query_duration' failed for target 'hris-hims-db'
2026-07-24 15:00:26.281 | Traceback (most recent call last):
2026-07-24 15:00:26.281 |   File "/app/src/collectors/base.py", line 52, in safe_collect_family
2026-07-24 15:00:26.281 |     result = builder()
2026-07-24 15:00:26.281 |              ^^^^^^^^^
2026-07-24 15:00:26.281 |   File "/app/src/collectors/oracle.py", line 103, in <lambda>
2026-07-24 15:00:26.281 |     ("query_duration", lambda: self._query_duration_family(conn)),
2026-07-24 15:00:26.281 |                                ^^^^^^^^^^^^^^^^^^^^^^^^^^^^^^^^^
2026-07-24 15:00:26.281 |   File "/app/src/collectors/oracle.py", line 119, in _query_duration_family
2026-07-24 15:00:26.281 |     cur.execute(_QUERY_STATS_SQL)
2026-07-24 15:00:26.281 |   File "/usr/local/lib/python3.12/site-packages/oracledb/cursor.py", line 710, in execute
2026-07-24 15:00:26.281 |     impl.execute(self)
2026-07-24 15:00:26.281 |   File "src/oracledb/impl/thin/cursor.pyx", line 196, in oracledb.thin_impl.ThinCursorImpl.execute
2026-07-24 15:00:26.281 |   File "src/oracledb/impl/thin/protocol.pyx", line 440, in oracledb.thin_impl.Protocol._process_single_message
2026-07-24 15:00:26.281 |   File "src/oracledb/impl/thin/protocol.pyx", line 441, in oracledb.thin_impl.Protocol._process_single_message
2026-07-24 15:00:26.281 |   File "src/oracledb/impl/thin/protocol.pyx", line 433, in oracledb.thin_impl.Protocol._process_message
2026-07-24 15:00:26.281 |   File "src/oracledb/impl/thin/messages.pyx", line 74, in oracledb.thin_impl.Message._check_and_raise_exception
2026-07-24 15:00:26.281 | oracledb.exceptions.DatabaseError: ORA-00942: table or view does not exist
2026-07-24 15:00:26.281 | Help: https://docs.oracle.com/error-help/db/ora-00942/
2026-07-24 15:00:26.366 | 2026-07-24 22:00:26,365 INFO 172.19.0.3 - "GET /metrics?target=hris-hims-db HTTP/1.1" 200 -
2026-07-24 15:00:27.596 | 2026-07-24 22:00:27,595 ERROR scrape of target 'hris-scl-engineering-db' failed
2026-07-24 15:00:27.596 | Traceback (most recent call last):
2026-07-24 15:00:27.596 |   File "src/pymssql/_pymssql.pyx", line 650, in pymssql._pymssql.connect
2026-07-24 15:00:27.596 |   File "src/pymssql/_mssql.pyx", line 2158, in pymssql._mssql.connect
2026-07-24 15:00:27.596 |   File "src/pymssql/_mssql.pyx", line 712, in pymssql._mssql.MSSQLConnection.__init__
2026-07-24 15:00:27.596 |   File "src/pymssql/_mssql.pyx", line 1884, in pymssql._mssql.maybe_raise_MSSQLDatabaseException
2026-07-24 15:00:27.596 |   File "src/pymssql/_mssql.pyx", line 1901, in pymssql._mssql.raise_MSSQLDatabaseException
2026-07-24 15:00:27.596 | pymssql._mssql.MSSQLDatabaseException: (20009, b'DB-Lib error message 20009, severity 9:\nUnable to connect: Adaptive Server is unavailable or does not exist (COSWINDE516D1)\n')
2026-07-24 15:00:27.596 | 
2026-07-24 15:00:27.596 | During handling of the above exception, another exception occurred:
2026-07-24 15:00:27.596 | 
2026-07-24 15:00:27.596 | Traceback (most recent call last):
2026-07-24 15:00:27.596 |   File "/app/src/registry.py", line 74, in scrape
2026-07-24 15:00:27.596 |     families, had_partial_error = future.result(timeout=target.scrape_timeout_seconds)
2026-07-24 15:00:27.596 |                                   ^^^^^^^^^^^^^^^^^^^^^^^^^^^^^^^^^^^^^^^^^^^^^^^^^^^^
2026-07-24 15:00:27.596 |   File "/usr/local/lib/python3.12/concurrent/futures/_base.py", line 456, in result
2026-07-24 15:00:27.596 |     return self.__get_result()
2026-07-24 15:00:27.596 |            ^^^^^^^^^^^^^^^^^^^
2026-07-24 15:00:27.596 |   File "/usr/local/lib/python3.12/concurrent/futures/_base.py", line 401, in __get_result
2026-07-24 15:00:27.596 |     raise self._exception
2026-07-24 15:00:27.596 |   File "/usr/local/lib/python3.12/concurrent/futures/thread.py", line 59, in run
2026-07-24 15:00:27.596 |     result = self.fn(*self.args, **self.kwargs)
2026-07-24 15:00:27.596 |              ^^^^^^^^^^^^^^^^^^^^^^^^^^^^^^^^^^
2026-07-24 15:00:27.596 |   File "/app/src/registry.py", line 69, in _do_scrape
2026-07-24 15:00:27.596 |     conn = adapter.get_connection()
2026-07-24 15:00:27.596 |            ^^^^^^^^^^^^^^^^^^^^^^^^
2026-07-24 15:00:27.596 |   File "/app/src/collectors/base.py", line 65, in get_connection
2026-07-24 15:00:27.596 |     self._conn = self.connect()
2026-07-24 15:00:27.596 |                  ^^^^^^^^^^^^^^
2026-07-24 15:00:27.596 |   File "/app/src/collectors/sqlserver.py", line 70, in connect
2026-07-24 15:00:27.596 |     conn = pymssql.connect(
2026-07-24 15:00:27.596 |            ^^^^^^^^^^^^^^^^
2026-07-24 15:00:27.596 |   File "src/pymssql/_pymssql.pyx", line 659, in pymssql._pymssql.connect
2026-07-24 15:00:27.596 | pymssql.exceptions.OperationalError: (20009, b'DB-Lib error message 20009, severity 9:\nUnable to connect: Adaptive Server is unavailable or does not exist (COSWINDE516D1)\n')
2026-07-24 15:00:27.596 | 2026-07-24 22:00:27,596 INFO 172.19.0.3 - "GET /metrics?target=hris-scl-engineering-db HTTP/1.1" 200 -
2026-07-24 15:00:31.786 | 2026-07-24 22:00:31,786 ERROR query 'size' failed for target 'hris-card-db'
2026-07-24 15:00:31.786 | Traceback (most recent call last):
2026-07-24 15:00:31.786 |   File "/app/src/collectors/base.py", line 52, in safe_collect_family
2026-07-24 15:00:31.786 |     result = builder()
2026-07-24 15:00:31.786 |              ^^^^^^^^^
2026-07-24 15:00:31.786 |   File "/app/src/collectors/postgres.py", line 94, in <lambda>
2026-07-24 15:00:31.786 |     ("size", lambda: self._size_family(cur)),
2026-07-24 15:00:31.786 |                      ^^^^^^^^^^^^^^^^^^^^^^
2026-07-24 15:00:31.786 |   File "/app/src/collectors/postgres.py", line 168, in _size_family
2026-07-24 15:00:31.786 |     cur.execute(_SIZE_SQL)
2026-07-24 15:00:31.786 |   File "/usr/local/lib/python3.12/site-packages/psycopg2/extras.py", line 146, in execute
2026-07-24 15:00:31.786 |     return super().execute(query, vars)
2026-07-24 15:00:31.786 |            ^^^^^^^^^^^^^^^^^^^^^^^^^^^^
2026-07-24 15:00:31.786 | psycopg2.errors.InsufficientPrivilege: permission denied for database rdsadmin
2026-07-24 15:00:31.786 | 
2026-07-24 15:00:31.786 | 2026-07-24 22:00:31,786 INFO 172.19.0.3 - "GET /metrics?target=hris-card-db HTTP/1.1" 200 -
2026-07-24 15:00:41.278 | 2026-07-24 22:00:41,277 ERROR query 'query_duration' failed for target 'hris-hims-db'
2026-07-24 15:00:41.278 | Traceback (most recent call last):
2026-07-24 15:00:41.278 |   File "/app/src/collectors/base.py", line 52, in safe_collect_family
2026-07-24 15:00:41.278 |     result = builder()
2026-07-24 15:00:41.278 |              ^^^^^^^^^
2026-07-24 15:00:41.278 |   File "/app/src/collectors/oracle.py", line 103, in <lambda>
2026-07-24 15:00:41.278 |     ("query_duration", lambda: self._query_duration_family(conn)),
2026-07-24 15:00:41.278 |                                ^^^^^^^^^^^^^^^^^^^^^^^^^^^^^^^^^
2026-07-24 15:00:41.278 |   File "/app/src/collectors/oracle.py", line 119, in _query_duration_family
2026-07-24 15:00:41.278 |     cur.execute(_QUERY_STATS_SQL)
2026-07-24 15:00:41.278 |   File "/usr/local/lib/python3.12/site-packages/oracledb/cursor.py", line 710, in execute
2026-07-24 15:00:41.278 |     impl.execute(self)
2026-07-24 15:00:41.278 |   File "src/oracledb/impl/thin/cursor.pyx", line 196, in oracledb.thin_impl.ThinCursorImpl.execute
2026-07-24 15:00:41.278 |   File "src/oracledb/impl/thin/protocol.pyx", line 440, in oracledb.thin_impl.Protocol._process_single_message
2026-07-24 15:00:41.278 |   File "src/oracledb/impl/thin/protocol.pyx", line 441, in oracledb.thin_impl.Protocol._process_single_message
2026-07-24 15:00:41.278 |   File "src/oracledb/impl/thin/protocol.pyx", line 433, in oracledb.thin_impl.Protocol._process_message
2026-07-24 15:00:41.278 |   File "src/oracledb/impl/thin/messages.pyx", line 74, in oracledb.thin_impl.Message._check_and_raise_exception
2026-07-24 15:00:41.278 | oracledb.exceptions.DatabaseError: ORA-00942: table or view does not exist
2026-07-24 15:00:41.278 | Help: https://docs.oracle.com/error-help/db/ora-00942/
2026-07-24 15:00:41.377 | 2026-07-24 22:00:41,377 INFO 172.19.0.3 - "GET /metrics?target=hris-hims-db HTTP/1.1" 200 -
2026-07-24 15:00:42.597 | 2026-07-24 22:00:42,596 ERROR scrape of target 'hris-scl-engineering-db' failed
2026-07-24 15:00:42.597 | Traceback (most recent call last):
2026-07-24 15:00:42.597 |   File "src/pymssql/_pymssql.pyx", line 650, in pymssql._pymssql.connect
2026-07-24 15:00:42.597 |   File "src/pymssql/_mssql.pyx", line 2158, in pymssql._mssql.connect
2026-07-24 15:00:42.597 |   File "src/pymssql/_mssql.pyx", line 712, in pymssql._mssql.MSSQLConnection.__init__
2026-07-24 15:00:42.597 |   File "src/pymssql/_mssql.pyx", line 1884, in pymssql._mssql.maybe_raise_MSSQLDatabaseException
2026-07-24 15:00:42.597 |   File "src/pymssql/_mssql.pyx", line 1901, in pymssql._mssql.raise_MSSQLDatabaseException
2026-07-24 15:00:42.597 | pymssql._mssql.MSSQLDatabaseException: (20009, b'DB-Lib error message 20009, severity 9:\nUnable to connect: Adaptive Server is unavailable or does not exist (COSWINDE516D1)\n')
2026-07-24 15:00:42.597 | 
2026-07-24 15:00:42.597 | During handling of the above exception, another exception occurred:
2026-07-24 15:00:42.597 | 
2026-07-24 15:00:42.597 | Traceback (most recent call last):
2026-07-24 15:00:42.597 |   File "/app/src/registry.py", line 74, in scrape
2026-07-24 15:00:42.597 |     families, had_partial_error = future.result(timeout=target.scrape_timeout_seconds)
2026-07-24 15:00:42.597 |                                   ^^^^^^^^^^^^^^^^^^^^^^^^^^^^^^^^^^^^^^^^^^^^^^^^^^^^
2026-07-24 15:00:42.597 |   File "/usr/local/lib/python3.12/concurrent/futures/_base.py", line 456, in result
2026-07-24 15:00:42.597 |     return self.__get_result()
2026-07-24 15:00:42.597 |            ^^^^^^^^^^^^^^^^^^^
2026-07-24 15:00:42.597 |   File "/usr/local/lib/python3.12/concurrent/futures/_base.py", line 401, in __get_result
2026-07-24 15:00:42.597 |     raise self._exception
2026-07-24 15:00:42.597 |   File "/usr/local/lib/python3.12/concurrent/futures/thread.py", line 59, in run
2026-07-24 15:00:42.597 |     result = self.fn(*self.args, **self.kwargs)
2026-07-24 15:00:42.597 |              ^^^^^^^^^^^^^^^^^^^^^^^^^^^^^^^^^^
2026-07-24 15:00:42.597 |   File "/app/src/registry.py", line 69, in _do_scrape
2026-07-24 15:00:42.597 |     conn = adapter.get_connection()
2026-07-24 15:00:42.597 |            ^^^^^^^^^^^^^^^^^^^^^^^^
2026-07-24 15:00:42.597 |   File "/app/src/collectors/base.py", line 65, in get_connection
2026-07-24 15:00:42.597 |     self._conn = self.connect()
2026-07-24 15:00:42.597 |                  ^^^^^^^^^^^^^^
2026-07-24 15:00:42.597 |   File "/app/src/collectors/sqlserver.py", line 70, in connect
2026-07-24 15:00:42.597 |     conn = pymssql.connect(
2026-07-24 15:00:42.597 |            ^^^^^^^^^^^^^^^^
2026-07-24 15:00:42.597 |   File "src/pymssql/_pymssql.pyx", line 659, in pymssql._pymssql.connect
2026-07-24 15:00:42.597 | pymssql.exceptions.OperationalError: (20009, b'DB-Lib error message 20009, severity 9:\nUnable to connect: Adaptive Server is unavailable or does not exist (COSWINDE516D1)\n')
2026-07-24 15:00:42.597 | 2026-07-24 22:00:42,597 INFO 172.19.0.3 - "GET /metrics?target=hris-scl-engineering-db HTTP/1.1" 200 -
2026-07-24 15:00:46.782 | 2026-07-24 22:00:46,781 ERROR query 'size' failed for target 'hris-card-db'
2026-07-24 15:00:46.782 | Traceback (most recent call last):
2026-07-24 15:00:46.782 |   File "/app/src/collectors/base.py", line 52, in safe_collect_family
2026-07-24 15:00:46.782 |     result = builder()
2026-07-24 15:00:46.782 |              ^^^^^^^^^
2026-07-24 15:00:46.782 |   File "/app/src/collectors/postgres.py", line 94, in <lambda>
2026-07-24 15:00:46.782 |     ("size", lambda: self._size_family(cur)),
2026-07-24 15:00:46.782 |                      ^^^^^^^^^^^^^^^^^^^^^^
2026-07-24 15:00:46.782 |   File "/app/src/collectors/postgres.py", line 168, in _size_family
2026-07-24 15:00:46.782 |     cur.execute(_SIZE_SQL)
2026-07-24 15:00:46.782 |   File "/usr/local/lib/python3.12/site-packages/psycopg2/extras.py", line 146, in execute
2026-07-24 15:00:46.782 |     return super().execute(query, vars)
2026-07-24 15:00:46.782 |            ^^^^^^^^^^^^^^^^^^^^^^^^^^^^
2026-07-24 15:00:46.782 | psycopg2.errors.InsufficientPrivilege: permission denied for database rdsadmin
2026-07-24 15:00:46.782 | 
2026-07-24 15:00:46.782 | 2026-07-24 22:00:46,782 INFO 172.19.0.3 - "GET /metrics?target=hris-card-db HTTP/1.1" 200 -
2026-07-24 15:00:49.214 | 2026-07-24 22:00:49,214 INFO 127.0.0.1 - "GET /health HTTP/1.1" 200 -
2026-07-24 15:00:56.279 | 2026-07-24 22:00:56,278 ERROR query 'query_duration' failed for target 'hris-hims-db'
2026-07-24 15:00:56.279 | Traceback (most recent call last):
2026-07-24 15:00:56.279 |   File "/app/src/collectors/base.py", line 52, in safe_collect_family
2026-07-24 15:00:56.279 |     result = builder()
2026-07-24 15:00:56.279 |              ^^^^^^^^^
2026-07-24 15:00:56.279 |   File "/app/src/collectors/oracle.py", line 103, in <lambda>
2026-07-24 15:00:56.279 |     ("query_duration", lambda: self._query_duration_family(conn)),
2026-07-24 15:00:56.279 |                                ^^^^^^^^^^^^^^^^^^^^^^^^^^^^^^^^^
2026-07-24 15:00:56.279 |   File "/app/src/collectors/oracle.py", line 119, in _query_duration_family
2026-07-24 15:00:56.279 |     cur.execute(_QUERY_STATS_SQL)
2026-07-24 15:00:56.279 |   File "/usr/local/lib/python3.12/site-packages/oracledb/cursor.py", line 710, in execute
2026-07-24 15:00:56.279 |     impl.execute(self)
2026-07-24 15:00:56.279 |   File "src/oracledb/impl/thin/cursor.pyx", line 196, in oracledb.thin_impl.ThinCursorImpl.execute
2026-07-24 15:00:56.279 |   File "src/oracledb/impl/thin/protocol.pyx", line 440, in oracledb.thin_impl.Protocol._process_single_message
2026-07-24 15:00:56.279 |   File "src/oracledb/impl/thin/protocol.pyx", line 441, in oracledb.thin_impl.Protocol._process_single_message
2026-07-24 15:00:56.279 |   File "src/oracledb/impl/thin/protocol.pyx", line 433, in oracledb.thin_impl.Protocol._process_message
2026-07-24 15:00:56.279 |   File "src/oracledb/impl/thin/messages.pyx", line 74, in oracledb.thin_impl.Message._check_and_raise_exception
2026-07-24 15:00:56.279 | oracledb.exceptions.DatabaseError: ORA-00942: table or view does not exist
2026-07-24 15:00:56.279 | Help: https://docs.oracle.com/error-help/db/ora-00942/
2026-07-24 15:00:56.369 | 2026-07-24 22:00:56,369 INFO 172.19.0.3 - "GET /metrics?target=hris-hims-db HTTP/1.1" 200 -
2026-07-24 15:00:57.598 | 2026-07-24 22:00:57,597 ERROR scrape of target 'hris-scl-engineering-db' failed
2026-07-24 15:00:57.598 | Traceback (most recent call last):
2026-07-24 15:00:57.598 |   File "src/pymssql/_pymssql.pyx", line 650, in pymssql._pymssql.connect
2026-07-24 15:00:57.598 |   File "src/pymssql/_mssql.pyx", line 2158, in pymssql._mssql.connect
2026-07-24 15:00:57.598 |   File "src/pymssql/_mssql.pyx", line 712, in pymssql._mssql.MSSQLConnection.__init__
2026-07-24 15:00:57.598 |   File "src/pymssql/_mssql.pyx", line 1884, in pymssql._mssql.maybe_raise_MSSQLDatabaseException
2026-07-24 15:00:57.598 |   File "src/pymssql/_mssql.pyx", line 1901, in pymssql._mssql.raise_MSSQLDatabaseException
2026-07-24 15:00:57.598 | pymssql._mssql.MSSQLDatabaseException: (20009, b'DB-Lib error message 20009, severity 9:\nUnable to connect: Adaptive Server is unavailable or does not exist (COSWINDE516D1)\n')
2026-07-24 15:00:57.598 | 
2026-07-24 15:00:57.598 | During handling of the above exception, another exception occurred:
2026-07-24 15:00:57.598 | 
2026-07-24 15:00:57.598 | Traceback (most recent call last):
2026-07-24 15:00:57.598 |   File "/app/src/registry.py", line 74, in scrape
2026-07-24 15:00:57.598 |     families, had_partial_error = future.result(timeout=target.scrape_timeout_seconds)
2026-07-24 15:00:57.598 |                                   ^^^^^^^^^^^^^^^^^^^^^^^^^^^^^^^^^^^^^^^^^^^^^^^^^^^^
2026-07-24 15:00:57.598 |   File "/usr/local/lib/python3.12/concurrent/futures/_base.py", line 456, in result
2026-07-24 15:00:57.598 |     return self.__get_result()
2026-07-24 15:00:57.598 |            ^^^^^^^^^^^^^^^^^^^
2026-07-24 15:00:57.598 |   File "/usr/local/lib/python3.12/concurrent/futures/_base.py", line 401, in __get_result
2026-07-24 15:00:57.598 |     raise self._exception
2026-07-24 15:00:57.598 |   File "/usr/local/lib/python3.12/concurrent/futures/thread.py", line 59, in run
2026-07-24 15:00:57.598 |     result = self.fn(*self.args, **self.kwargs)
2026-07-24 15:00:57.598 |              ^^^^^^^^^^^^^^^^^^^^^^^^^^^^^^^^^^
2026-07-24 15:00:57.598 |   File "/app/src/registry.py", line 69, in _do_scrape
2026-07-24 15:00:57.598 |     conn = adapter.get_connection()
2026-07-24 15:00:57.598 |            ^^^^^^^^^^^^^^^^^^^^^^^^
2026-07-24 15:00:57.598 |   File "/app/src/collectors/base.py", line 65, in get_connection
2026-07-24 15:00:57.598 |     self._conn = self.connect()
2026-07-24 15:00:57.598 |                  ^^^^^^^^^^^^^^
2026-07-24 15:00:57.598 |   File "/app/src/collectors/sqlserver.py", line 70, in connect
2026-07-24 15:00:57.598 |     conn = pymssql.connect(
2026-07-24 15:00:57.598 |            ^^^^^^^^^^^^^^^^
2026-07-24 15:00:57.598 |   File "src/pymssql/_pymssql.pyx", line 659, in pymssql._pymssql.connect
2026-07-24 15:00:57.598 | pymssql.exceptions.OperationalError: (20009, b'DB-Lib error message 20009, severity 9:\nUnable to connect: Adaptive Server is unavailable or does not exist (COSWINDE516D1)\n')
2026-07-24 15:00:57.598 | 2026-07-24 22:00:57,597 INFO 172.19.0.3 - "GET /metrics?target=hris-scl-engineering-db HTTP/1.1" 200 -
2026-07-24 15:01:01.875 | 2026-07-24 22:01:01,875 ERROR query 'size' failed for target 'hris-card-db'
2026-07-24 15:01:01.875 | Traceback (most recent call last):
2026-07-24 15:01:01.875 |   File "/app/src/collectors/base.py", line 52, in safe_collect_family
2026-07-24 15:01:01.875 |     result = builder()
2026-07-24 15:01:01.875 |              ^^^^^^^^^
2026-07-24 15:01:01.875 |   File "/app/src/collectors/postgres.py", line 94, in <lambda>
2026-07-24 15:01:01.875 |     ("size", lambda: self._size_family(cur)),
2026-07-24 15:01:01.875 |                      ^^^^^^^^^^^^^^^^^^^^^^
2026-07-24 15:01:01.876 |   File "/app/src/collectors/postgres.py", line 168, in _size_family
2026-07-24 15:01:01.876 |     cur.execute(_SIZE_SQL)
2026-07-24 15:01:01.876 |   File "/usr/local/lib/python3.12/site-packages/psycopg2/extras.py", line 146, in execute
2026-07-24 15:01:01.876 |     return super().execute(query, vars)
2026-07-24 15:01:01.876 |            ^^^^^^^^^^^^^^^^^^^^^^^^^^^^
2026-07-24 15:01:01.876 | psycopg2.errors.InsufficientPrivilege: permission denied for database rdsadmin
2026-07-24 15:01:01.876 | 
2026-07-24 15:01:01.876 | 2026-07-24 22:01:01,876 INFO 172.19.0.3 - "GET /metrics?target=hris-card-db HTTP/1.1" 200 -
2026-07-24 15:01:11.277 | 2026-07-24 22:01:11,277 ERROR query 'query_duration' failed for target 'hris-hims-db'
2026-07-24 15:01:11.277 | Traceback (most recent call last):
2026-07-24 15:01:11.277 |   File "/app/src/collectors/base.py", line 52, in safe_collect_family
2026-07-24 15:01:11.278 |     result = builder()
2026-07-24 15:01:11.278 |              ^^^^^^^^^
2026-07-24 15:01:11.278 |   File "/app/src/collectors/oracle.py", line 103, in <lambda>
2026-07-24 15:01:11.278 |     ("query_duration", lambda: self._query_duration_family(conn)),
2026-07-24 15:01:11.278 |                                ^^^^^^^^^^^^^^^^^^^^^^^^^^^^^^^^^
2026-07-24 15:01:11.278 |   File "/app/src/collectors/oracle.py", line 119, in _query_duration_family
2026-07-24 15:01:11.278 |     cur.execute(_QUERY_STATS_SQL)
2026-07-24 15:01:11.278 |   File "/usr/local/lib/python3.12/site-packages/oracledb/cursor.py", line 710, in execute
2026-07-24 15:01:11.278 |     impl.execute(self)
2026-07-24 15:01:11.278 |   File "src/oracledb/impl/thin/cursor.pyx", line 196, in oracledb.thin_impl.ThinCursorImpl.execute
2026-07-24 15:01:11.278 |   File "src/oracledb/impl/thin/protocol.pyx", line 440, in oracledb.thin_impl.Protocol._process_single_message
2026-07-24 15:01:11.278 |   File "src/oracledb/impl/thin/protocol.pyx", line 441, in oracledb.thin_impl.Protocol._process_single_message
2026-07-24 15:01:11.278 |   File "src/oracledb/impl/thin/protocol.pyx", line 433, in oracledb.thin_impl.Protocol._process_message
2026-07-24 15:01:11.278 |   File "src/oracledb/impl/thin/messages.pyx", line 74, in oracledb.thin_impl.Message._check_and_raise_exception
2026-07-24 15:01:11.278 | oracledb.exceptions.DatabaseError: ORA-00942: table or view does not exist
2026-07-24 15:01:11.278 | Help: https://docs.oracle.com/error-help/db/ora-00942/
2026-07-24 15:01:11.367 | 2026-07-24 22:01:11,367 INFO 172.19.0.3 - "GET /metrics?target=hris-hims-db HTTP/1.1" 200 -
2026-07-24 15:01:12.596 | 2026-07-24 22:01:12,595 ERROR scrape of target 'hris-scl-engineering-db' failed
2026-07-24 15:01:12.597 | Traceback (most recent call last):
2026-07-24 15:01:12.597 |   File "src/pymssql/_pymssql.pyx", line 650, in pymssql._pymssql.connect
2026-07-24 15:01:12.597 |   File "src/pymssql/_mssql.pyx", line 2158, in pymssql._mssql.connect
2026-07-24 15:01:12.597 |   File "src/pymssql/_mssql.pyx", line 712, in pymssql._mssql.MSSQLConnection.__init__
2026-07-24 15:01:12.597 |   File "src/pymssql/_mssql.pyx", line 1884, in pymssql._mssql.maybe_raise_MSSQLDatabaseException
2026-07-24 15:01:12.597 |   File "src/pymssql/_mssql.pyx", line 1901, in pymssql._mssql.raise_MSSQLDatabaseException
2026-07-24 15:01:12.597 | pymssql._mssql.MSSQLDatabaseException: (20009, b'DB-Lib error message 20009, severity 9:\nUnable to connect: Adaptive Server is unavailable or does not exist (COSWINDE516D1)\n')
2026-07-24 15:01:12.597 | 
2026-07-24 15:01:12.597 | During handling of the above exception, another exception occurred:
2026-07-24 15:01:12.597 | 
2026-07-24 15:01:12.597 | Traceback (most recent call last):
2026-07-24 15:01:12.597 |   File "/app/src/registry.py", line 74, in scrape
2026-07-24 15:01:12.597 |     families, had_partial_error = future.result(timeout=target.scrape_timeout_seconds)
2026-07-24 15:01:12.597 |                                   ^^^^^^^^^^^^^^^^^^^^^^^^^^^^^^^^^^^^^^^^^^^^^^^^^^^^
2026-07-24 15:01:12.597 |   File "/usr/local/lib/python3.12/concurrent/futures/_base.py", line 456, in result
2026-07-24 15:01:12.597 |     return self.__get_result()
2026-07-24 15:01:12.597 |            ^^^^^^^^^^^^^^^^^^^
2026-07-24 15:01:12.597 |   File "/usr/local/lib/python3.12/concurrent/futures/_base.py", line 401, in __get_result
2026-07-24 15:01:12.597 |     raise self._exception
2026-07-24 15:01:12.597 |   File "/usr/local/lib/python3.12/concurrent/futures/thread.py", line 59, in run
2026-07-24 15:01:12.597 |     result = self.fn(*self.args, **self.kwargs)
2026-07-24 15:01:12.597 |              ^^^^^^^^^^^^^^^^^^^^^^^^^^^^^^^^^^
2026-07-24 15:01:12.597 |   File "/app/src/registry.py", line 69, in _do_scrape
2026-07-24 15:01:12.597 |     conn = adapter.get_connection()
2026-07-24 15:01:12.597 |            ^^^^^^^^^^^^^^^^^^^^^^^^
2026-07-24 15:01:12.597 |   File "/app/src/collectors/base.py", line 65, in get_connection
2026-07-24 15:01:12.597 |     self._conn = self.connect()
2026-07-24 15:01:12.597 |                  ^^^^^^^^^^^^^^
2026-07-24 15:01:12.597 |   File "/app/src/collectors/sqlserver.py", line 70, in connect
2026-07-24 15:01:12.597 |     conn = pymssql.connect(
2026-07-24 15:01:12.597 |            ^^^^^^^^^^^^^^^^
2026-07-24 15:01:12.597 |   File "src/pymssql/_pymssql.pyx", line 659, in pymssql._pymssql.connect
2026-07-24 15:01:12.597 | pymssql.exceptions.OperationalError: (20009, b'DB-Lib error message 20009, severity 9:\nUnable to connect: Adaptive Server is unavailable or does not exist (COSWINDE516D1)\n')
2026-07-24 15:01:12.597 | 2026-07-24 22:01:12,596 INFO 172.19.0.3 - "GET /metrics?target=hris-scl-engineering-db HTTP/1.1" 200 -
2026-07-24 15:01:16.793 | 2026-07-24 22:01:16,792 ERROR query 'size' failed for target 'hris-card-db'
2026-07-24 15:01:16.793 | Traceback (most recent call last):
2026-07-24 15:01:16.793 |   File "/app/src/collectors/base.py", line 52, in safe_collect_family
2026-07-24 15:01:16.793 |     result = builder()
2026-07-24 15:01:16.793 |              ^^^^^^^^^
2026-07-24 15:01:16.793 |   File "/app/src/collectors/postgres.py", line 94, in <lambda>
2026-07-24 15:01:16.793 |     ("size", lambda: self._size_family(cur)),
2026-07-24 15:01:16.793 |                      ^^^^^^^^^^^^^^^^^^^^^^
2026-07-24 15:01:16.793 |   File "/app/src/collectors/postgres.py", line 168, in _size_family
2026-07-24 15:01:16.793 |     cur.execute(_SIZE_SQL)
2026-07-24 15:01:16.793 |   File "/usr/local/lib/python3.12/site-packages/psycopg2/extras.py", line 146, in execute
2026-07-24 15:01:16.793 |     return super().execute(query, vars)
2026-07-24 15:01:16.793 |            ^^^^^^^^^^^^^^^^^^^^^^^^^^^^
2026-07-24 15:01:16.793 | psycopg2.errors.InsufficientPrivilege: permission denied for database rdsadmin
2026-07-24 15:01:16.793 | 
2026-07-24 15:01:16.793 | 2026-07-24 22:01:16,793 INFO 172.19.0.3 - "GET /metrics?target=hris-card-db HTTP/1.1" 200 -
2026-07-24 15:01:19.327 | 2026-07-24 22:01:19,327 INFO 127.0.0.1 - "GET /health HTTP/1.1" 200 -
2026-07-24 15:01:26.280 | 2026-07-24 22:01:26,279 ERROR query 'query_duration' failed for target 'hris-hims-db'
2026-07-24 15:01:26.280 | Traceback (most recent call last):
2026-07-24 15:01:26.280 |   File "/app/src/collectors/base.py", line 52, in safe_collect_family
2026-07-24 15:01:26.280 |     result = builder()
2026-07-24 15:01:26.280 |              ^^^^^^^^^
2026-07-24 15:01:26.280 |   File "/app/src/collectors/oracle.py", line 103, in <lambda>
2026-07-24 15:01:26.280 |     ("query_duration", lambda: self._query_duration_family(conn)),
2026-07-24 15:01:26.280 |                                ^^^^^^^^^^^^^^^^^^^^^^^^^^^^^^^^^
2026-07-24 15:01:26.280 |   File "/app/src/collectors/oracle.py", line 119, in _query_duration_family
2026-07-24 15:01:26.280 |     cur.execute(_QUERY_STATS_SQL)
2026-07-24 15:01:26.280 |   File "/usr/local/lib/python3.12/site-packages/oracledb/cursor.py", line 710, in execute
2026-07-24 15:01:26.280 |     impl.execute(self)
2026-07-24 15:01:26.280 |   File "src/oracledb/impl/thin/cursor.pyx", line 196, in oracledb.thin_impl.ThinCursorImpl.execute
2026-07-24 15:01:26.280 |   File "src/oracledb/impl/thin/protocol.pyx", line 440, in oracledb.thin_impl.Protocol._process_single_message
2026-07-24 15:01:26.280 |   File "src/oracledb/impl/thin/protocol.pyx", line 441, in oracledb.thin_impl.Protocol._process_single_message
2026-07-24 15:01:26.280 |   File "src/oracledb/impl/thin/protocol.pyx", line 433, in oracledb.thin_impl.Protocol._process_message
2026-07-24 15:01:26.280 |   File "src/oracledb/impl/thin/messages.pyx", line 74, in oracledb.thin_impl.Message._check_and_raise_exception
2026-07-24 15:01:26.280 | oracledb.exceptions.DatabaseError: ORA-00942: table or view does not exist
2026-07-24 15:01:26.280 | Help: https://docs.oracle.com/error-help/db/ora-00942/
2026-07-24 15:01:26.383 | 2026-07-24 22:01:26,383 INFO 172.19.0.3 - "GET /metrics?target=hris-hims-db HTTP/1.1" 200 -
2026-07-24 15:01:27.596 | 2026-07-24 22:01:27,596 ERROR scrape of target 'hris-scl-engineering-db' failed
2026-07-24 15:01:27.596 | Traceback (most recent call last):
2026-07-24 15:01:27.596 |   File "src/pymssql/_pymssql.pyx", line 650, in pymssql._pymssql.connect
2026-07-24 15:01:27.596 |   File "src/pymssql/_mssql.pyx", line 2158, in pymssql._mssql.connect
2026-07-24 15:01:27.596 |   File "src/pymssql/_mssql.pyx", line 712, in pymssql._mssql.MSSQLConnection.__init__
2026-07-24 15:01:27.596 |   File "src/pymssql/_mssql.pyx", line 1884, in pymssql._mssql.maybe_raise_MSSQLDatabaseException
2026-07-24 15:01:27.596 |   File "src/pymssql/_mssql.pyx", line 1901, in pymssql._mssql.raise_MSSQLDatabaseException
2026-07-24 15:01:27.596 | pymssql._mssql.MSSQLDatabaseException: (20009, b'DB-Lib error message 20009, severity 9:\nUnable to connect: Adaptive Server is unavailable or does not exist (COSWINDE516D1)\n')
2026-07-24 15:01:27.596 | 
2026-07-24 15:01:27.596 | During handling of the above exception, another exception occurred:
2026-07-24 15:01:27.596 | 
2026-07-24 15:01:27.596 | Traceback (most recent call last):
2026-07-24 15:01:27.596 |   File "/app/src/registry.py", line 74, in scrape
2026-07-24 15:01:27.596 |     families, had_partial_error = future.result(timeout=target.scrape_timeout_seconds)
2026-07-24 15:01:27.596 |                                   ^^^^^^^^^^^^^^^^^^^^^^^^^^^^^^^^^^^^^^^^^^^^^^^^^^^^
2026-07-24 15:01:27.596 |   File "/usr/local/lib/python3.12/concurrent/futures/_base.py", line 456, in result
2026-07-24 15:01:27.596 |     return self.__get_result()
2026-07-24 15:01:27.596 |            ^^^^^^^^^^^^^^^^^^^
2026-07-24 15:01:27.596 |   File "/usr/local/lib/python3.12/concurrent/futures/_base.py", line 401, in __get_result
2026-07-24 15:01:27.596 |     raise self._exception
2026-07-24 15:01:27.596 |   File "/usr/local/lib/python3.12/concurrent/futures/thread.py", line 59, in run
2026-07-24 15:01:27.596 |     result = self.fn(*self.args, **self.kwargs)
2026-07-24 15:01:27.596 |              ^^^^^^^^^^^^^^^^^^^^^^^^^^^^^^^^^^
2026-07-24 15:01:27.596 |   File "/app/src/registry.py", line 69, in _do_scrape
2026-07-24 15:01:27.596 |     conn = adapter.get_connection()
2026-07-24 15:01:27.596 |            ^^^^^^^^^^^^^^^^^^^^^^^^
2026-07-24 15:01:27.596 |   File "/app/src/collectors/base.py", line 65, in get_connection
2026-07-24 15:01:27.596 |     self._conn = self.connect()
2026-07-24 15:01:27.596 |                  ^^^^^^^^^^^^^^
2026-07-24 15:01:27.596 |   File "/app/src/collectors/sqlserver.py", line 70, in connect
2026-07-24 15:01:27.596 |     conn = pymssql.connect(
2026-07-24 15:01:27.596 |            ^^^^^^^^^^^^^^^^
2026-07-24 15:01:27.596 |   File "src/pymssql/_pymssql.pyx", line 659, in pymssql._pymssql.connect
2026-07-24 15:01:27.596 | pymssql.exceptions.OperationalError: (20009, b'DB-Lib error message 20009, severity 9:\nUnable to connect: Adaptive Server is unavailable or does not exist (COSWINDE516D1)\n')
2026-07-24 15:01:27.596 | 2026-07-24 22:01:27,596 INFO 172.19.0.3 - "GET /metrics?target=hris-scl-engineering-db HTTP/1.1" 200 -
2026-07-24 15:01:31.792 | 2026-07-24 22:01:31,791 ERROR query 'size' failed for target 'hris-card-db'
2026-07-24 15:01:31.792 | Traceback (most recent call last):
2026-07-24 15:01:31.792 |   File "/app/src/collectors/base.py", line 52, in safe_collect_family
2026-07-24 15:01:31.792 |     result = builder()
2026-07-24 15:01:31.792 |              ^^^^^^^^^
2026-07-24 15:01:31.792 |   File "/app/src/collectors/postgres.py", line 94, in <lambda>
2026-07-24 15:01:31.792 |     ("size", lambda: self._size_family(cur)),
2026-07-24 15:01:31.792 |                      ^^^^^^^^^^^^^^^^^^^^^^
2026-07-24 15:01:31.792 |   File "/app/src/collectors/postgres.py", line 168, in _size_family
2026-07-24 15:01:31.792 |     cur.execute(_SIZE_SQL)
2026-07-24 15:01:31.792 |   File "/usr/local/lib/python3.12/site-packages/psycopg2/extras.py", line 146, in execute
2026-07-24 15:01:31.792 |     return super().execute(query, vars)
2026-07-24 15:01:31.792 |            ^^^^^^^^^^^^^^^^^^^^^^^^^^^^
2026-07-24 15:01:31.792 | psycopg2.errors.InsufficientPrivilege: permission denied for database rdsadmin
2026-07-24 15:01:31.792 | 
2026-07-24 15:01:31.792 | 2026-07-24 22:01:31,792 INFO 172.19.0.3 - "GET /metrics?target=hris-card-db HTTP/1.1" 200 -
2026-07-24 15:01:41.279 | 2026-07-24 22:01:41,279 ERROR query 'query_duration' failed for target 'hris-hims-db'
2026-07-24 15:01:41.279 | Traceback (most recent call last):
2026-07-24 15:01:41.279 |   File "/app/src/collectors/base.py", line 52, in safe_collect_family
2026-07-24 15:01:41.279 |     result = builder()
2026-07-24 15:01:41.279 |              ^^^^^^^^^
2026-07-24 15:01:41.279 |   File "/app/src/collectors/oracle.py", line 103, in <lambda>
2026-07-24 15:01:41.279 |     ("query_duration", lambda: self._query_duration_family(conn)),
2026-07-24 15:01:41.279 |                                ^^^^^^^^^^^^^^^^^^^^^^^^^^^^^^^^^
2026-07-24 15:01:41.279 |   File "/app/src/collectors/oracle.py", line 119, in _query_duration_family
2026-07-24 15:01:41.279 |     cur.execute(_QUERY_STATS_SQL)
2026-07-24 15:01:41.279 |   File "/usr/local/lib/python3.12/site-packages/oracledb/cursor.py", line 710, in execute
2026-07-24 15:01:41.279 |     impl.execute(self)
2026-07-24 15:01:41.279 |   File "src/oracledb/impl/thin/cursor.pyx", line 196, in oracledb.thin_impl.ThinCursorImpl.execute
2026-07-24 15:01:41.279 |   File "src/oracledb/impl/thin/protocol.pyx", line 440, in oracledb.thin_impl.Protocol._process_single_message
2026-07-24 15:01:41.279 |   File "src/oracledb/impl/thin/protocol.pyx", line 441, in oracledb.thin_impl.Protocol._process_single_message
2026-07-24 15:01:41.279 |   File "src/oracledb/impl/thin/protocol.pyx", line 433, in oracledb.thin_impl.Protocol._process_message
2026-07-24 15:01:41.279 |   File "src/oracledb/impl/thin/messages.pyx", line 74, in oracledb.thin_impl.Message._check_and_raise_exception
2026-07-24 15:01:41.279 | oracledb.exceptions.DatabaseError: ORA-00942: table or view does not exist
2026-07-24 15:01:41.279 | Help: https://docs.oracle.com/error-help/db/ora-00942/
2026-07-24 15:01:41.380 | 2026-07-24 22:01:41,380 INFO 172.19.0.3 - "GET /metrics?target=hris-hims-db HTTP/1.1" 200 -
2026-07-24 15:01:42.596 | 2026-07-24 22:01:42,596 ERROR scrape of target 'hris-scl-engineering-db' failed
2026-07-24 15:01:42.596 | Traceback (most recent call last):
2026-07-24 15:01:42.596 |   File "src/pymssql/_pymssql.pyx", line 650, in pymssql._pymssql.connect
2026-07-24 15:01:42.596 |   File "src/pymssql/_mssql.pyx", line 2158, in pymssql._mssql.connect
2026-07-24 15:01:42.596 |   File "src/pymssql/_mssql.pyx", line 712, in pymssql._mssql.MSSQLConnection.__init__
2026-07-24 15:01:42.596 |   File "src/pymssql/_mssql.pyx", line 1884, in pymssql._mssql.maybe_raise_MSSQLDatabaseException
2026-07-24 15:01:42.596 |   File "src/pymssql/_mssql.pyx", line 1901, in pymssql._mssql.raise_MSSQLDatabaseException
2026-07-24 15:01:42.596 | pymssql._mssql.MSSQLDatabaseException: (20009, b'DB-Lib error message 20009, severity 9:\nUnable to connect: Adaptive Server is unavailable or does not exist (COSWINDE516D1)\n')
2026-07-24 15:01:42.596 | 
2026-07-24 15:01:42.596 | During handling of the above exception, another exception occurred:
2026-07-24 15:01:42.596 | 
2026-07-24 15:01:42.596 | Traceback (most recent call last):
2026-07-24 15:01:42.596 |   File "/app/src/registry.py", line 74, in scrape
2026-07-24 15:01:42.596 |     families, had_partial_error = future.result(timeout=target.scrape_timeout_seconds)
2026-07-24 15:01:42.596 |                                   ^^^^^^^^^^^^^^^^^^^^^^^^^^^^^^^^^^^^^^^^^^^^^^^^^^^^
2026-07-24 15:01:42.596 |   File "/usr/local/lib/python3.12/concurrent/futures/_base.py", line 456, in result
2026-07-24 15:01:42.596 |     return self.__get_result()
2026-07-24 15:01:42.596 |            ^^^^^^^^^^^^^^^^^^^
2026-07-24 15:01:42.596 |   File "/usr/local/lib/python3.12/concurrent/futures/_base.py", line 401, in __get_result
2026-07-24 15:01:42.596 |     raise self._exception
2026-07-24 15:01:42.596 |   File "/usr/local/lib/python3.12/concurrent/futures/thread.py", line 59, in run
2026-07-24 15:01:42.596 |     result = self.fn(*self.args, **self.kwargs)
2026-07-24 15:01:42.596 |              ^^^^^^^^^^^^^^^^^^^^^^^^^^^^^^^^^^
2026-07-24 15:01:42.596 |   File "/app/src/registry.py", line 69, in _do_scrape
2026-07-24 15:01:42.596 |     conn = adapter.get_connection()
2026-07-24 15:01:42.596 |            ^^^^^^^^^^^^^^^^^^^^^^^^
2026-07-24 15:01:42.596 |   File "/app/src/collectors/base.py", line 65, in get_connection
2026-07-24 15:01:42.596 |     self._conn = self.connect()
2026-07-24 15:01:42.596 |                  ^^^^^^^^^^^^^^
2026-07-24 15:01:42.596 |   File "/app/src/collectors/sqlserver.py", line 70, in connect
2026-07-24 15:01:42.596 |     conn = pymssql.connect(
2026-07-24 15:01:42.596 |            ^^^^^^^^^^^^^^^^
2026-07-24 15:01:42.596 |   File "src/pymssql/_pymssql.pyx", line 659, in pymssql._pymssql.connect
2026-07-24 15:01:42.596 | pymssql.exceptions.OperationalError: (20009, b'DB-Lib error message 20009, severity 9:\nUnable to connect: Adaptive Server is unavailable or does not exist (COSWINDE516D1)\n')
2026-07-24 15:01:42.596 | 2026-07-24 22:01:42,596 INFO 172.19.0.3 - "GET /metrics?target=hris-scl-engineering-db HTTP/1.1" 200 -
2026-07-24 15:01:46.793 | 2026-07-24 22:01:46,792 ERROR query 'size' failed for target 'hris-card-db'
2026-07-24 15:01:46.793 | Traceback (most recent call last):
2026-07-24 15:01:46.793 |   File "/app/src/collectors/base.py", line 52, in safe_collect_family
2026-07-24 15:01:46.793 |     result = builder()
2026-07-24 15:01:46.793 |              ^^^^^^^^^
2026-07-24 15:01:46.793 |   File "/app/src/collectors/postgres.py", line 94, in <lambda>
2026-07-24 15:01:46.793 |     ("size", lambda: self._size_family(cur)),
2026-07-24 15:01:46.793 |                      ^^^^^^^^^^^^^^^^^^^^^^
2026-07-24 15:01:46.793 |   File "/app/src/collectors/postgres.py", line 168, in _size_family
2026-07-24 15:01:46.793 |     cur.execute(_SIZE_SQL)
2026-07-24 15:01:46.793 |   File "/usr/local/lib/python3.12/site-packages/psycopg2/extras.py", line 146, in execute
2026-07-24 15:01:46.793 |     return super().execute(query, vars)
2026-07-24 15:01:46.793 |            ^^^^^^^^^^^^^^^^^^^^^^^^^^^^
2026-07-24 15:01:46.793 | psycopg2.errors.InsufficientPrivilege: permission denied for database rdsadmin
2026-07-24 15:01:46.793 | 
2026-07-24 15:01:46.793 | 2026-07-24 22:01:46,793 INFO 172.19.0.3 - "GET /metrics?target=hris-card-db HTTP/1.1" 200 -
2026-07-24 15:01:49.451 | 2026-07-24 22:01:49,451 INFO 127.0.0.1 - "GET /health HTTP/1.1" 200 -
2026-07-24 15:01:56.284 | 2026-07-24 22:01:56,283 ERROR query 'query_duration' failed for target 'hris-hims-db'
2026-07-24 15:01:56.284 | Traceback (most recent call last):
2026-07-24 15:01:56.284 |   File "/app/src/collectors/base.py", line 52, in safe_collect_family
2026-07-24 15:01:56.284 |     result = builder()
2026-07-24 15:01:56.284 |              ^^^^^^^^^
2026-07-24 15:01:56.284 |   File "/app/src/collectors/oracle.py", line 103, in <lambda>
2026-07-24 15:01:56.284 |     ("query_duration", lambda: self._query_duration_family(conn)),
2026-07-24 15:01:56.284 |                                ^^^^^^^^^^^^^^^^^^^^^^^^^^^^^^^^^
2026-07-24 15:01:56.284 |   File "/app/src/collectors/oracle.py", line 119, in _query_duration_family
2026-07-24 15:01:56.284 |     cur.execute(_QUERY_STATS_SQL)
2026-07-24 15:01:56.284 |   File "/usr/local/lib/python3.12/site-packages/oracledb/cursor.py", line 710, in execute
2026-07-24 15:01:56.284 |     impl.execute(self)
2026-07-24 15:01:56.284 |   File "src/oracledb/impl/thin/cursor.pyx", line 196, in oracledb.thin_impl.ThinCursorImpl.execute
2026-07-24 15:01:56.284 |   File "src/oracledb/impl/thin/protocol.pyx", line 440, in oracledb.thin_impl.Protocol._process_single_message
2026-07-24 15:01:56.284 |   File "src/oracledb/impl/thin/protocol.pyx", line 441, in oracledb.thin_impl.Protocol._process_single_message
2026-07-24 15:01:56.284 |   File "src/oracledb/impl/thin/protocol.pyx", line 433, in oracledb.thin_impl.Protocol._process_message
2026-07-24 15:01:56.284 |   File "src/oracledb/impl/thin/messages.pyx", line 74, in oracledb.thin_impl.Message._check_and_raise_exception
2026-07-24 15:01:56.284 | oracledb.exceptions.DatabaseError: ORA-00942: table or view does not exist
2026-07-24 15:01:56.284 | Help: https://docs.oracle.com/error-help/db/ora-00942/
2026-07-24 15:01:56.414 | 2026-07-24 22:01:56,414 INFO 172.19.0.3 - "GET /metrics?target=hris-hims-db HTTP/1.1" 200 -
2026-07-24 15:01:57.579 | 2026-07-24 22:01:57,578 ERROR scrape of target 'hris-scl-engineering-db' failed
2026-07-24 15:01:57.579 | Traceback (most recent call last):
2026-07-24 15:01:57.579 |   File "src/pymssql/_pymssql.pyx", line 650, in pymssql._pymssql.connect
2026-07-24 15:01:57.579 |   File "src/pymssql/_mssql.pyx", line 2158, in pymssql._mssql.connect
2026-07-24 15:01:57.579 |   File "src/pymssql/_mssql.pyx", line 712, in pymssql._mssql.MSSQLConnection.__init__
2026-07-24 15:01:57.579 |   File "src/pymssql/_mssql.pyx", line 1884, in pymssql._mssql.maybe_raise_MSSQLDatabaseException
2026-07-24 15:01:57.579 |   File "src/pymssql/_mssql.pyx", line 1901, in pymssql._mssql.raise_MSSQLDatabaseException
2026-07-24 15:01:57.579 | pymssql._mssql.MSSQLDatabaseException: (20009, b'DB-Lib error message 20009, severity 9:\nUnable to connect: Adaptive Server is unavailable or does not exist (COSWINDE516D1)\n')
2026-07-24 15:01:57.579 | 
2026-07-24 15:01:57.579 | During handling of the above exception, another exception occurred:
2026-07-24 15:01:57.579 | 
2026-07-24 15:01:57.579 | Traceback (most recent call last):
2026-07-24 15:01:57.579 |   File "/app/src/registry.py", line 74, in scrape
2026-07-24 15:01:57.579 |     families, had_partial_error = future.result(timeout=target.scrape_timeout_seconds)
2026-07-24 15:01:57.579 |                                   ^^^^^^^^^^^^^^^^^^^^^^^^^^^^^^^^^^^^^^^^^^^^^^^^^^^^
2026-07-24 15:01:57.579 |   File "/usr/local/lib/python3.12/concurrent/futures/_base.py", line 456, in result
2026-07-24 15:01:57.579 |     return self.__get_result()
2026-07-24 15:01:57.579 |            ^^^^^^^^^^^^^^^^^^^
2026-07-24 15:01:57.579 |   File "/usr/local/lib/python3.12/concurrent/futures/_base.py", line 401, in __get_result
2026-07-24 15:01:57.579 |     raise self._exception
2026-07-24 15:01:57.579 |   File "/usr/local/lib/python3.12/concurrent/futures/thread.py", line 59, in run
2026-07-24 15:01:57.579 |     result = self.fn(*self.args, **self.kwargs)
2026-07-24 15:01:57.579 |              ^^^^^^^^^^^^^^^^^^^^^^^^^^^^^^^^^^
2026-07-24 15:01:57.579 |   File "/app/src/registry.py", line 69, in _do_scrape
2026-07-24 15:01:57.579 |     conn = adapter.get_connection()
2026-07-24 15:01:57.579 |            ^^^^^^^^^^^^^^^^^^^^^^^^
2026-07-24 15:01:57.579 |   File "/app/src/collectors/base.py", line 65, in get_connection
2026-07-24 15:01:57.579 |     self._conn = self.connect()
2026-07-24 15:01:57.579 |                  ^^^^^^^^^^^^^^
2026-07-24 15:01:57.579 |   File "/app/src/collectors/sqlserver.py", line 70, in connect
2026-07-24 15:01:57.579 |     conn = pymssql.connect(
2026-07-24 15:01:57.579 |            ^^^^^^^^^^^^^^^^
2026-07-24 15:01:57.579 |   File "src/pymssql/_pymssql.pyx", line 659, in pymssql._pymssql.connect
2026-07-24 15:01:57.579 | pymssql.exceptions.OperationalError: (20009, b'DB-Lib error message 20009, severity 9:\nUnable to connect: Adaptive Server is unavailable or does not exist (COSWINDE516D1)\n')
2026-07-24 15:01:57.579 | 2026-07-24 22:01:57,579 INFO 172.19.0.3 - "GET /metrics?target=hris-scl-engineering-db HTTP/1.1" 200 -
2026-07-24 15:02:01.841 | 2026-07-24 22:02:01,841 ERROR query 'size' failed for target 'hris-card-db'
2026-07-24 15:02:01.841 | Traceback (most recent call last):
2026-07-24 15:02:01.841 |   File "/app/src/collectors/base.py", line 52, in safe_collect_family
2026-07-24 15:02:01.841 |     result = builder()
2026-07-24 15:02:01.841 |              ^^^^^^^^^
2026-07-24 15:02:01.841 |   File "/app/src/collectors/postgres.py", line 94, in <lambda>
2026-07-24 15:02:01.841 |     ("size", lambda: self._size_family(cur)),
2026-07-24 15:02:01.841 |                      ^^^^^^^^^^^^^^^^^^^^^^
2026-07-24 15:02:01.841 |   File "/app/src/collectors/postgres.py", line 168, in _size_family
2026-07-24 15:02:01.841 |     cur.execute(_SIZE_SQL)
2026-07-24 15:02:01.841 |   File "/usr/local/lib/python3.12/site-packages/psycopg2/extras.py", line 146, in execute
2026-07-24 15:02:01.841 |     return super().execute(query, vars)
2026-07-24 15:02:01.841 |            ^^^^^^^^^^^^^^^^^^^^^^^^^^^^
2026-07-24 15:02:01.841 | psycopg2.errors.InsufficientPrivilege: permission denied for database rdsadmin
2026-07-24 15:02:01.841 | 
2026-07-24 15:02:01.842 | 2026-07-24 22:02:01,841 INFO 172.19.0.3 - "GET /metrics?target=hris-card-db HTTP/1.1" 200 -
2026-07-24 15:02:11.281 | 2026-07-24 22:02:11,280 ERROR query 'query_duration' failed for target 'hris-hims-db'
2026-07-24 15:02:11.281 | Traceback (most recent call last):
2026-07-24 15:02:11.281 |   File "/app/src/collectors/base.py", line 52, in safe_collect_family
2026-07-24 15:02:11.281 |     result = builder()
2026-07-24 15:02:11.281 |              ^^^^^^^^^
2026-07-24 15:02:11.281 |   File "/app/src/collectors/oracle.py", line 103, in <lambda>
2026-07-24 15:02:11.281 |     ("query_duration", lambda: self._query_duration_family(conn)),
2026-07-24 15:02:11.281 |                                ^^^^^^^^^^^^^^^^^^^^^^^^^^^^^^^^^
2026-07-24 15:02:11.281 |   File "/app/src/collectors/oracle.py", line 119, in _query_duration_family
2026-07-24 15:02:11.281 |     cur.execute(_QUERY_STATS_SQL)
2026-07-24 15:02:11.281 |   File "/usr/local/lib/python3.12/site-packages/oracledb/cursor.py", line 710, in execute
2026-07-24 15:02:11.281 |     impl.execute(self)
2026-07-24 15:02:11.281 |   File "src/oracledb/impl/thin/cursor.pyx", line 196, in oracledb.thin_impl.ThinCursorImpl.execute
2026-07-24 15:02:11.281 |   File "src/oracledb/impl/thin/protocol.pyx", line 440, in oracledb.thin_impl.Protocol._process_single_message
2026-07-24 15:02:11.281 |   File "src/oracledb/impl/thin/protocol.pyx", line 441, in oracledb.thin_impl.Protocol._process_single_message
2026-07-24 15:02:11.281 |   File "src/oracledb/impl/thin/protocol.pyx", line 433, in oracledb.thin_impl.Protocol._process_message
2026-07-24 15:02:11.281 |   File "src/oracledb/impl/thin/messages.pyx", line 74, in oracledb.thin_impl.Message._check_and_raise_exception
2026-07-24 15:02:11.281 | oracledb.exceptions.DatabaseError: ORA-00942: table or view does not exist
2026-07-24 15:02:11.281 | Help: https://docs.oracle.com/error-help/db/ora-00942/
2026-07-24 15:02:11.386 | 2026-07-24 22:02:11,386 INFO 172.19.0.3 - "GET /metrics?target=hris-hims-db HTTP/1.1" 200 -
2026-07-24 15:02:12.597 | 2026-07-24 22:02:12,596 ERROR scrape of target 'hris-scl-engineering-db' failed
2026-07-24 15:02:12.597 | Traceback (most recent call last):
2026-07-24 15:02:12.597 |   File "src/pymssql/_pymssql.pyx", line 650, in pymssql._pymssql.connect
2026-07-24 15:02:12.597 |   File "src/pymssql/_mssql.pyx", line 2158, in pymssql._mssql.connect
2026-07-24 15:02:12.597 |   File "src/pymssql/_mssql.pyx", line 712, in pymssql._mssql.MSSQLConnection.__init__
2026-07-24 15:02:12.597 |   File "src/pymssql/_mssql.pyx", line 1884, in pymssql._mssql.maybe_raise_MSSQLDatabaseException
2026-07-24 15:02:12.597 |   File "src/pymssql/_mssql.pyx", line 1901, in pymssql._mssql.raise_MSSQLDatabaseException
2026-07-24 15:02:12.597 | pymssql._mssql.MSSQLDatabaseException: (20009, b'DB-Lib error message 20009, severity 9:\nUnable to connect: Adaptive Server is unavailable or does not exist (COSWINDE516D1)\n')
2026-07-24 15:02:12.597 | 
2026-07-24 15:02:12.597 | During handling of the above exception, another exception occurred:
2026-07-24 15:02:12.597 | 
2026-07-24 15:02:12.597 | Traceback (most recent call last):
2026-07-24 15:02:12.597 |   File "/app/src/registry.py", line 74, in scrape
2026-07-24 15:02:12.597 |     families, had_partial_error = future.result(timeout=target.scrape_timeout_seconds)
2026-07-24 15:02:12.597 |                                   ^^^^^^^^^^^^^^^^^^^^^^^^^^^^^^^^^^^^^^^^^^^^^^^^^^^^
2026-07-24 15:02:12.597 |   File "/usr/local/lib/python3.12/concurrent/futures/_base.py", line 456, in result
2026-07-24 15:02:12.597 |     return self.__get_result()
2026-07-24 15:02:12.597 |            ^^^^^^^^^^^^^^^^^^^
2026-07-24 15:02:12.597 |   File "/usr/local/lib/python3.12/concurrent/futures/_base.py", line 401, in __get_result
2026-07-24 15:02:12.597 |     raise self._exception
2026-07-24 15:02:12.597 |   File "/usr/local/lib/python3.12/concurrent/futures/thread.py", line 59, in run
2026-07-24 15:02:12.597 |     result = self.fn(*self.args, **self.kwargs)
2026-07-24 15:02:12.597 |              ^^^^^^^^^^^^^^^^^^^^^^^^^^^^^^^^^^
2026-07-24 15:02:12.597 |   File "/app/src/registry.py", line 69, in _do_scrape
2026-07-24 15:02:12.597 |     conn = adapter.get_connection()
2026-07-24 15:02:12.597 |            ^^^^^^^^^^^^^^^^^^^^^^^^
2026-07-24 15:02:12.597 |   File "/app/src/collectors/base.py", line 65, in get_connection
2026-07-24 15:02:12.597 |     self._conn = self.connect()
2026-07-24 15:02:12.597 |                  ^^^^^^^^^^^^^^
2026-07-24 15:02:12.597 |   File "/app/src/collectors/sqlserver.py", line 70, in connect
2026-07-24 15:02:12.597 |     conn = pymssql.connect(
2026-07-24 15:02:12.597 |            ^^^^^^^^^^^^^^^^
2026-07-24 15:02:12.597 |   File "src/pymssql/_pymssql.pyx", line 659, in pymssql._pymssql.connect
2026-07-24 15:02:12.597 | pymssql.exceptions.OperationalError: (20009, b'DB-Lib error message 20009, severity 9:\nUnable to connect: Adaptive Server is unavailable or does not exist (COSWINDE516D1)\n')
2026-07-24 15:02:12.597 | 2026-07-24 22:02:12,597 INFO 172.19.0.3 - "GET /metrics?target=hris-scl-engineering-db HTTP/1.1" 200 -
2026-07-24 15:02:16.792 | 2026-07-24 22:02:16,791 ERROR query 'size' failed for target 'hris-card-db'
2026-07-24 15:02:16.792 | Traceback (most recent call last):
2026-07-24 15:02:16.792 |   File "/app/src/collectors/base.py", line 52, in safe_collect_family
2026-07-24 15:02:16.792 |     result = builder()
2026-07-24 15:02:16.792 |              ^^^^^^^^^
2026-07-24 15:02:16.792 |   File "/app/src/collectors/postgres.py", line 94, in <lambda>
2026-07-24 15:02:16.792 |     ("size", lambda: self._size_family(cur)),
2026-07-24 15:02:16.792 |                      ^^^^^^^^^^^^^^^^^^^^^^
2026-07-24 15:02:16.792 |   File "/app/src/collectors/postgres.py", line 168, in _size_family
2026-07-24 15:02:16.792 |     cur.execute(_SIZE_SQL)
2026-07-24 15:02:16.792 |   File "/usr/local/lib/python3.12/site-packages/psycopg2/extras.py", line 146, in execute
2026-07-24 15:02:16.792 |     return super().execute(query, vars)
2026-07-24 15:02:16.792 |            ^^^^^^^^^^^^^^^^^^^^^^^^^^^^
2026-07-24 15:02:16.792 | psycopg2.errors.InsufficientPrivilege: permission denied for database rdsadmin
2026-07-24 15:02:16.792 | 
2026-07-24 15:02:16.792 | 2026-07-24 22:02:16,792 INFO 172.19.0.3 - "GET /metrics?target=hris-card-db HTTP/1.1" 200 -
2026-07-24 15:02:19.568 | 2026-07-24 22:02:19,568 INFO 127.0.0.1 - "GET /health HTTP/1.1" 200 -
2026-07-24 15:02:26.282 | 2026-07-24 22:02:26,281 ERROR query 'query_duration' failed for target 'hris-hims-db'
2026-07-24 15:02:26.282 | Traceback (most recent call last):
2026-07-24 15:02:26.282 |   File "/app/src/collectors/base.py", line 52, in safe_collect_family
2026-07-24 15:02:26.282 |     result = builder()
2026-07-24 15:02:26.282 |              ^^^^^^^^^
2026-07-24 15:02:26.282 |   File "/app/src/collectors/oracle.py", line 103, in <lambda>
2026-07-24 15:02:26.282 |     ("query_duration", lambda: self._query_duration_family(conn)),
2026-07-24 15:02:26.282 |                                ^^^^^^^^^^^^^^^^^^^^^^^^^^^^^^^^^
2026-07-24 15:02:26.282 |   File "/app/src/collectors/oracle.py", line 119, in _query_duration_family
2026-07-24 15:02:26.282 |     cur.execute(_QUERY_STATS_SQL)
2026-07-24 15:02:26.282 |   File "/usr/local/lib/python3.12/site-packages/oracledb/cursor.py", line 710, in execute
2026-07-24 15:02:26.282 |     impl.execute(self)
2026-07-24 15:02:26.282 |   File "src/oracledb/impl/thin/cursor.pyx", line 196, in oracledb.thin_impl.ThinCursorImpl.execute
2026-07-24 15:02:26.282 |   File "src/oracledb/impl/thin/protocol.pyx", line 440, in oracledb.thin_impl.Protocol._process_single_message
2026-07-24 15:02:26.282 |   File "src/oracledb/impl/thin/protocol.pyx", line 441, in oracledb.thin_impl.Protocol._process_single_message
2026-07-24 15:02:26.282 |   File "src/oracledb/impl/thin/protocol.pyx", line 433, in oracledb.thin_impl.Protocol._process_message
2026-07-24 15:02:26.282 |   File "src/oracledb/impl/thin/messages.pyx", line 74, in oracledb.thin_impl.Message._check_and_raise_exception
2026-07-24 15:02:26.282 | oracledb.exceptions.DatabaseError: ORA-00942: table or view does not exist
2026-07-24 15:02:26.282 | Help: https://docs.oracle.com/error-help/db/ora-00942/
2026-07-24 15:02:26.414 | 2026-07-24 22:02:26,413 INFO 172.19.0.3 - "GET /metrics?target=hris-hims-db HTTP/1.1" 200 -
2026-07-24 15:02:27.578 | 2026-07-24 22:02:27,577 ERROR scrape of target 'hris-scl-engineering-db' failed
2026-07-24 15:02:27.578 | Traceback (most recent call last):
2026-07-24 15:02:27.578 |   File "src/pymssql/_pymssql.pyx", line 650, in pymssql._pymssql.connect
2026-07-24 15:02:27.578 |   File "src/pymssql/_mssql.pyx", line 2158, in pymssql._mssql.connect
2026-07-24 15:02:27.578 |   File "src/pymssql/_mssql.pyx", line 712, in pymssql._mssql.MSSQLConnection.__init__
2026-07-24 15:02:27.578 |   File "src/pymssql/_mssql.pyx", line 1884, in pymssql._mssql.maybe_raise_MSSQLDatabaseException
2026-07-24 15:02:27.578 |   File "src/pymssql/_mssql.pyx", line 1901, in pymssql._mssql.raise_MSSQLDatabaseException
2026-07-24 15:02:27.578 | pymssql._mssql.MSSQLDatabaseException: (20009, b'DB-Lib error message 20009, severity 9:\nUnable to connect: Adaptive Server is unavailable or does not exist (COSWINDE516D1)\n')
2026-07-24 15:02:27.578 | 
2026-07-24 15:02:27.578 | During handling of the above exception, another exception occurred:
2026-07-24 15:02:27.578 | 
2026-07-24 15:02:27.578 | Traceback (most recent call last):
2026-07-24 15:02:27.578 |   File "/app/src/registry.py", line 74, in scrape
2026-07-24 15:02:27.578 |     families, had_partial_error = future.result(timeout=target.scrape_timeout_seconds)
2026-07-24 15:02:27.578 |                                   ^^^^^^^^^^^^^^^^^^^^^^^^^^^^^^^^^^^^^^^^^^^^^^^^^^^^
2026-07-24 15:02:27.578 |   File "/usr/local/lib/python3.12/concurrent/futures/_base.py", line 456, in result
2026-07-24 15:02:27.578 |     return self.__get_result()
2026-07-24 15:02:27.578 |            ^^^^^^^^^^^^^^^^^^^
2026-07-24 15:02:27.578 |   File "/usr/local/lib/python3.12/concurrent/futures/_base.py", line 401, in __get_result
2026-07-24 15:02:27.578 |     raise self._exception
2026-07-24 15:02:27.578 |   File "/usr/local/lib/python3.12/concurrent/futures/thread.py", line 59, in run
2026-07-24 15:02:27.578 |     result = self.fn(*self.args, **self.kwargs)
2026-07-24 15:02:27.578 |              ^^^^^^^^^^^^^^^^^^^^^^^^^^^^^^^^^^
2026-07-24 15:02:27.578 |   File "/app/src/registry.py", line 69, in _do_scrape
2026-07-24 15:02:27.578 |     conn = adapter.get_connection()
2026-07-24 15:02:27.578 |            ^^^^^^^^^^^^^^^^^^^^^^^^
2026-07-24 15:02:27.578 |   File "/app/src/collectors/base.py", line 65, in get_connection
2026-07-24 15:02:27.578 |     self._conn = self.connect()
2026-07-24 15:02:27.578 |                  ^^^^^^^^^^^^^^
2026-07-24 15:02:27.578 |   File "/app/src/collectors/sqlserver.py", line 70, in connect
2026-07-24 15:02:27.578 |     conn = pymssql.connect(
2026-07-24 15:02:27.578 |            ^^^^^^^^^^^^^^^^
2026-07-24 15:02:27.578 |   File "src/pymssql/_pymssql.pyx", line 659, in pymssql._pymssql.connect
2026-07-24 15:02:27.578 | pymssql.exceptions.OperationalError: (20009, b'DB-Lib error message 20009, severity 9:\nUnable to connect: Adaptive Server is unavailable or does not exist (COSWINDE516D1)\n')
2026-07-24 15:02:27.578 | 2026-07-24 22:02:27,578 INFO 172.19.0.3 - "GET /metrics?target=hris-scl-engineering-db HTTP/1.1" 200 -
2026-07-24 15:02:31.791 | 2026-07-24 22:02:31,791 ERROR query 'size' failed for target 'hris-card-db'
2026-07-24 15:02:31.791 | Traceback (most recent call last):
2026-07-24 15:02:31.791 |   File "/app/src/collectors/base.py", line 52, in safe_collect_family
2026-07-24 15:02:31.791 |     result = builder()
2026-07-24 15:02:31.791 |              ^^^^^^^^^
2026-07-24 15:02:31.791 |   File "/app/src/collectors/postgres.py", line 94, in <lambda>
2026-07-24 15:02:31.791 |     ("size", lambda: self._size_family(cur)),
2026-07-24 15:02:31.791 |                      ^^^^^^^^^^^^^^^^^^^^^^
2026-07-24 15:02:31.791 |   File "/app/src/collectors/postgres.py", line 168, in _size_family
2026-07-24 15:02:31.791 |     cur.execute(_SIZE_SQL)
2026-07-24 15:02:31.791 |   File "/usr/local/lib/python3.12/site-packages/psycopg2/extras.py", line 146, in execute
2026-07-24 15:02:31.791 |     return super().execute(query, vars)
2026-07-24 15:02:31.791 |            ^^^^^^^^^^^^^^^^^^^^^^^^^^^^
2026-07-24 15:02:31.791 | psycopg2.errors.InsufficientPrivilege: permission denied for database rdsadmin
2026-07-24 15:02:31.791 | 
2026-07-24 15:02:31.792 | 2026-07-24 22:02:31,791 INFO 172.19.0.3 - "GET /metrics?target=hris-card-db HTTP/1.1" 200 -
2026-07-24 15:02:41.277 | 2026-07-24 22:02:41,277 ERROR query 'query_duration' failed for target 'hris-hims-db'
2026-07-24 15:02:41.277 | Traceback (most recent call last):
2026-07-24 15:02:41.277 |   File "/app/src/collectors/base.py", line 52, in safe_collect_family
2026-07-24 15:02:41.277 |     result = builder()
2026-07-24 15:02:41.277 |              ^^^^^^^^^
2026-07-24 15:02:41.277 |   File "/app/src/collectors/oracle.py", line 103, in <lambda>
2026-07-24 15:02:41.277 |     ("query_duration", lambda: self._query_duration_family(conn)),
2026-07-24 15:02:41.277 |                                ^^^^^^^^^^^^^^^^^^^^^^^^^^^^^^^^^
2026-07-24 15:02:41.277 |   File "/app/src/collectors/oracle.py", line 119, in _query_duration_family
2026-07-24 15:02:41.277 |     cur.execute(_QUERY_STATS_SQL)
2026-07-24 15:02:41.277 |   File "/usr/local/lib/python3.12/site-packages/oracledb/cursor.py", line 710, in execute
2026-07-24 15:02:41.277 |     impl.execute(self)
2026-07-24 15:02:41.277 |   File "src/oracledb/impl/thin/cursor.pyx", line 196, in oracledb.thin_impl.ThinCursorImpl.execute
2026-07-24 15:02:41.277 |   File "src/oracledb/impl/thin/protocol.pyx", line 440, in oracledb.thin_impl.Protocol._process_single_message
2026-07-24 15:02:41.277 |   File "src/oracledb/impl/thin/protocol.pyx", line 441, in oracledb.thin_impl.Protocol._process_single_message
2026-07-24 15:02:41.277 |   File "src/oracledb/impl/thin/protocol.pyx", line 433, in oracledb.thin_impl.Protocol._process_message
2026-07-24 15:02:41.277 |   File "src/oracledb/impl/thin/messages.pyx", line 74, in oracledb.thin_impl.Message._check_and_raise_exception
2026-07-24 15:02:41.277 | oracledb.exceptions.DatabaseError: ORA-00942: table or view does not exist
2026-07-24 15:02:41.277 | Help: https://docs.oracle.com/error-help/db/ora-00942/
2026-07-24 15:02:41.372 | 2026-07-24 22:02:41,372 INFO 172.19.0.3 - "GET /metrics?target=hris-hims-db HTTP/1.1" 200 -
2026-07-24 15:02:42.579 | 2026-07-24 22:02:42,578 ERROR scrape of target 'hris-scl-engineering-db' failed
2026-07-24 15:02:42.579 | Traceback (most recent call last):
2026-07-24 15:02:42.579 |   File "src/pymssql/_pymssql.pyx", line 650, in pymssql._pymssql.connect
2026-07-24 15:02:42.579 |   File "src/pymssql/_mssql.pyx", line 2158, in pymssql._mssql.connect
2026-07-24 15:02:42.579 |   File "src/pymssql/_mssql.pyx", line 712, in pymssql._mssql.MSSQLConnection.__init__
2026-07-24 15:02:42.579 |   File "src/pymssql/_mssql.pyx", line 1884, in pymssql._mssql.maybe_raise_MSSQLDatabaseException
2026-07-24 15:02:42.579 |   File "src/pymssql/_mssql.pyx", line 1901, in pymssql._mssql.raise_MSSQLDatabaseException
2026-07-24 15:02:42.579 | pymssql._mssql.MSSQLDatabaseException: (20009, b'DB-Lib error message 20009, severity 9:\nUnable to connect: Adaptive Server is unavailable or does not exist (COSWINDE516D1)\n')
2026-07-24 15:02:42.579 | 
2026-07-24 15:02:42.579 | During handling of the above exception, another exception occurred:
2026-07-24 15:02:42.579 | 
2026-07-24 15:02:42.579 | Traceback (most recent call last):
2026-07-24 15:02:42.579 |   File "/app/src/registry.py", line 74, in scrape
2026-07-24 15:02:42.579 |     families, had_partial_error = future.result(timeout=target.scrape_timeout_seconds)
2026-07-24 15:02:42.579 |                                   ^^^^^^^^^^^^^^^^^^^^^^^^^^^^^^^^^^^^^^^^^^^^^^^^^^^^
2026-07-24 15:02:42.579 |   File "/usr/local/lib/python3.12/concurrent/futures/_base.py", line 456, in result
2026-07-24 15:02:42.579 |     return self.__get_result()
2026-07-24 15:02:42.579 |            ^^^^^^^^^^^^^^^^^^^
2026-07-24 15:02:42.579 |   File "/usr/local/lib/python3.12/concurrent/futures/_base.py", line 401, in __get_result
2026-07-24 15:02:42.579 |     raise self._exception
2026-07-24 15:02:42.579 |   File "/usr/local/lib/python3.12/concurrent/futures/thread.py", line 59, in run
2026-07-24 15:02:42.579 |     result = self.fn(*self.args, **self.kwargs)
2026-07-24 15:02:42.579 |              ^^^^^^^^^^^^^^^^^^^^^^^^^^^^^^^^^^
2026-07-24 15:02:42.579 |   File "/app/src/registry.py", line 69, in _do_scrape
2026-07-24 15:02:42.579 |     conn = adapter.get_connection()
2026-07-24 15:02:42.579 |            ^^^^^^^^^^^^^^^^^^^^^^^^
2026-07-24 15:02:42.579 |   File "/app/src/collectors/base.py", line 65, in get_connection
2026-07-24 15:02:42.579 |     self._conn = self.connect()
2026-07-24 15:02:42.579 |                  ^^^^^^^^^^^^^^
2026-07-24 15:02:42.579 |   File "/app/src/collectors/sqlserver.py", line 70, in connect
2026-07-24 15:02:42.579 |     conn = pymssql.connect(
2026-07-24 15:02:42.579 |            ^^^^^^^^^^^^^^^^
2026-07-24 15:02:42.579 |   File "src/pymssql/_pymssql.pyx", line 659, in pymssql._pymssql.connect
2026-07-24 15:02:42.579 | pymssql.exceptions.OperationalError: (20009, b'DB-Lib error message 20009, severity 9:\nUnable to connect: Adaptive Server is unavailable or does not exist (COSWINDE516D1)\n')
2026-07-24 15:02:42.579 | 2026-07-24 22:02:42,579 INFO 172.19.0.3 - "GET /metrics?target=hris-scl-engineering-db HTTP/1.1" 200 -
2026-07-24 15:02:46.794 | 2026-07-24 22:02:46,793 ERROR query 'size' failed for target 'hris-card-db'
2026-07-24 15:02:46.794 | Traceback (most recent call last):
2026-07-24 15:02:46.794 |   File "/app/src/collectors/base.py", line 52, in safe_collect_family
2026-07-24 15:02:46.794 |     result = builder()
2026-07-24 15:02:46.794 |              ^^^^^^^^^
2026-07-24 15:02:46.794 |   File "/app/src/collectors/postgres.py", line 94, in <lambda>
2026-07-24 15:02:46.794 |     ("size", lambda: self._size_family(cur)),
2026-07-24 15:02:46.794 |                      ^^^^^^^^^^^^^^^^^^^^^^
2026-07-24 15:02:46.794 |   File "/app/src/collectors/postgres.py", line 168, in _size_family
2026-07-24 15:02:46.794 |     cur.execute(_SIZE_SQL)
2026-07-24 15:02:46.794 |   File "/usr/local/lib/python3.12/site-packages/psycopg2/extras.py", line 146, in execute
2026-07-24 15:02:46.794 |     return super().execute(query, vars)
2026-07-24 15:02:46.794 |            ^^^^^^^^^^^^^^^^^^^^^^^^^^^^
2026-07-24 15:02:46.794 | psycopg2.errors.InsufficientPrivilege: permission denied for database rdsadmin
2026-07-24 15:02:46.794 | 
2026-07-24 15:02:46.794 | 2026-07-24 22:02:46,794 INFO 172.19.0.3 - "GET /metrics?target=hris-card-db HTTP/1.1" 200 -
2026-07-24 15:02:49.683 | 2026-07-24 22:02:49,683 INFO 127.0.0.1 - "GET /health HTTP/1.1" 200 -
2026-07-24 15:02:56.275 | 2026-07-24 22:02:56,274 ERROR query 'query_duration' failed for target 'hris-hims-db'
2026-07-24 15:02:56.275 | Traceback (most recent call last):
2026-07-24 15:02:56.275 |   File "/app/src/collectors/base.py", line 52, in safe_collect_family
2026-07-24 15:02:56.275 |     result = builder()
2026-07-24 15:02:56.275 |              ^^^^^^^^^
2026-07-24 15:02:56.275 |   File "/app/src/collectors/oracle.py", line 103, in <lambda>
2026-07-24 15:02:56.275 |     ("query_duration", lambda: self._query_duration_family(conn)),
2026-07-24 15:02:56.275 |                                ^^^^^^^^^^^^^^^^^^^^^^^^^^^^^^^^^
2026-07-24 15:02:56.275 |   File "/app/src/collectors/oracle.py", line 119, in _query_duration_family
2026-07-24 15:02:56.275 |     cur.execute(_QUERY_STATS_SQL)
2026-07-24 15:02:56.275 |   File "/usr/local/lib/python3.12/site-packages/oracledb/cursor.py", line 710, in execute
2026-07-24 15:02:56.275 |     impl.execute(self)
2026-07-24 15:02:56.275 |   File "src/oracledb/impl/thin/cursor.pyx", line 196, in oracledb.thin_impl.ThinCursorImpl.execute
2026-07-24 15:02:56.275 |   File "src/oracledb/impl/thin/protocol.pyx", line 440, in oracledb.thin_impl.Protocol._process_single_message
2026-07-24 15:02:56.275 |   File "src/oracledb/impl/thin/protocol.pyx", line 441, in oracledb.thin_impl.Protocol._process_single_message
2026-07-24 15:02:56.275 |   File "src/oracledb/impl/thin/protocol.pyx", line 433, in oracledb.thin_impl.Protocol._process_message
2026-07-24 15:02:56.275 |   File "src/oracledb/impl/thin/messages.pyx", line 74, in oracledb.thin_impl.Message._check_and_raise_exception
2026-07-24 15:02:56.275 | oracledb.exceptions.DatabaseError: ORA-00942: table or view does not exist
2026-07-24 15:02:56.275 | Help: https://docs.oracle.com/error-help/db/ora-00942/
2026-07-24 15:02:56.371 | 2026-07-24 22:02:56,370 INFO 172.19.0.3 - "GET /metrics?target=hris-hims-db HTTP/1.1" 200 -
2026-07-24 15:02:57.596 | 2026-07-24 22:02:57,595 ERROR scrape of target 'hris-scl-engineering-db' failed
2026-07-24 15:02:57.596 | Traceback (most recent call last):
2026-07-24 15:02:57.596 |   File "src/pymssql/_pymssql.pyx", line 650, in pymssql._pymssql.connect
2026-07-24 15:02:57.596 |   File "src/pymssql/_mssql.pyx", line 2158, in pymssql._mssql.connect
2026-07-24 15:02:57.596 |   File "src/pymssql/_mssql.pyx", line 712, in pymssql._mssql.MSSQLConnection.__init__
2026-07-24 15:02:57.596 |   File "src/pymssql/_mssql.pyx", line 1884, in pymssql._mssql.maybe_raise_MSSQLDatabaseException
2026-07-24 15:02:57.596 |   File "src/pymssql/_mssql.pyx", line 1901, in pymssql._mssql.raise_MSSQLDatabaseException
2026-07-24 15:02:57.596 | pymssql._mssql.MSSQLDatabaseException: (20009, b'DB-Lib error message 20009, severity 9:\nUnable to connect: Adaptive Server is unavailable or does not exist (COSWINDE516D1)\n')
2026-07-24 15:02:57.596 | 
2026-07-24 15:02:57.596 | During handling of the above exception, another exception occurred:
2026-07-24 15:02:57.597 | 
2026-07-24 15:02:57.597 | Traceback (most recent call last):
2026-07-24 15:02:57.597 |   File "/app/src/registry.py", line 74, in scrape
2026-07-24 15:02:57.597 |     families, had_partial_error = future.result(timeout=target.scrape_timeout_seconds)
2026-07-24 15:02:57.597 |                                   ^^^^^^^^^^^^^^^^^^^^^^^^^^^^^^^^^^^^^^^^^^^^^^^^^^^^
2026-07-24 15:02:57.597 |   File "/usr/local/lib/python3.12/concurrent/futures/_base.py", line 456, in result
2026-07-24 15:02:57.597 |     return self.__get_result()
2026-07-24 15:02:57.597 |            ^^^^^^^^^^^^^^^^^^^
2026-07-24 15:02:57.597 |   File "/usr/local/lib/python3.12/concurrent/futures/_base.py", line 401, in __get_result
2026-07-24 15:02:57.597 |     raise self._exception
2026-07-24 15:02:57.597 |   File "/usr/local/lib/python3.12/concurrent/futures/thread.py", line 59, in run
2026-07-24 15:02:57.597 |     result = self.fn(*self.args, **self.kwargs)
2026-07-24 15:02:57.597 |              ^^^^^^^^^^^^^^^^^^^^^^^^^^^^^^^^^^
2026-07-24 15:02:57.597 |   File "/app/src/registry.py", line 69, in _do_scrape
2026-07-24 15:02:57.597 |     conn = adapter.get_connection()
2026-07-24 15:02:57.597 |            ^^^^^^^^^^^^^^^^^^^^^^^^
2026-07-24 15:02:57.597 |   File "/app/src/collectors/base.py", line 65, in get_connection
2026-07-24 15:02:57.597 |     self._conn = self.connect()
2026-07-24 15:02:57.597 |                  ^^^^^^^^^^^^^^
2026-07-24 15:02:57.597 |   File "/app/src/collectors/sqlserver.py", line 70, in connect
2026-07-24 15:02:57.597 |     conn = pymssql.connect(
2026-07-24 15:02:57.597 |            ^^^^^^^^^^^^^^^^
2026-07-24 15:02:57.597 |   File "src/pymssql/_pymssql.pyx", line 659, in pymssql._pymssql.connect
2026-07-24 15:02:57.597 | pymssql.exceptions.OperationalError: (20009, b'DB-Lib error message 20009, severity 9:\nUnable to connect: Adaptive Server is unavailable or does not exist (COSWINDE516D1)\n')
2026-07-24 15:02:57.597 | 2026-07-24 22:02:57,596 INFO 172.19.0.3 - "GET /metrics?target=hris-scl-engineering-db HTTP/1.1" 200 -
2026-07-24 15:03:01.816 | 2026-07-24 22:03:01,815 ERROR query 'size' failed for target 'hris-card-db'
2026-07-24 15:03:01.816 | Traceback (most recent call last):
2026-07-24 15:03:01.816 |   File "/app/src/collectors/base.py", line 52, in safe_collect_family
2026-07-24 15:03:01.816 |     result = builder()
2026-07-24 15:03:01.816 |              ^^^^^^^^^
2026-07-24 15:03:01.816 |   File "/app/src/collectors/postgres.py", line 94, in <lambda>
2026-07-24 15:03:01.816 |     ("size", lambda: self._size_family(cur)),
2026-07-24 15:03:01.816 |                      ^^^^^^^^^^^^^^^^^^^^^^
2026-07-24 15:03:01.816 |   File "/app/src/collectors/postgres.py", line 168, in _size_family
2026-07-24 15:03:01.816 |     cur.execute(_SIZE_SQL)
2026-07-24 15:03:01.816 |   File "/usr/local/lib/python3.12/site-packages/psycopg2/extras.py", line 146, in execute
2026-07-24 15:03:01.816 |     return super().execute(query, vars)
2026-07-24 15:03:01.816 |            ^^^^^^^^^^^^^^^^^^^^^^^^^^^^
2026-07-24 15:03:01.816 | psycopg2.errors.InsufficientPrivilege: permission denied for database rdsadmin
2026-07-24 15:03:01.816 | 
2026-07-24 15:03:01.816 | 2026-07-24 22:03:01,816 INFO 172.19.0.3 - "GET /metrics?target=hris-card-db HTTP/1.1" 200 -
2026-07-24 15:03:11.279 | 2026-07-24 22:03:11,278 ERROR query 'query_duration' failed for target 'hris-hims-db'
2026-07-24 15:03:11.279 | Traceback (most recent call last):
2026-07-24 15:03:11.279 |   File "/app/src/collectors/base.py", line 52, in safe_collect_family
2026-07-24 15:03:11.279 |     result = builder()
2026-07-24 15:03:11.279 |              ^^^^^^^^^
2026-07-24 15:03:11.279 |   File "/app/src/collectors/oracle.py", line 103, in <lambda>
2026-07-24 15:03:11.279 |     ("query_duration", lambda: self._query_duration_family(conn)),
2026-07-24 15:03:11.279 |                                ^^^^^^^^^^^^^^^^^^^^^^^^^^^^^^^^^
2026-07-24 15:03:11.279 |   File "/app/src/collectors/oracle.py", line 119, in _query_duration_family
2026-07-24 15:03:11.279 |     cur.execute(_QUERY_STATS_SQL)
2026-07-24 15:03:11.279 |   File "/usr/local/lib/python3.12/site-packages/oracledb/cursor.py", line 710, in execute
2026-07-24 15:03:11.279 |     impl.execute(self)
2026-07-24 15:03:11.279 |   File "src/oracledb/impl/thin/cursor.pyx", line 196, in oracledb.thin_impl.ThinCursorImpl.execute
2026-07-24 15:03:11.279 |   File "src/oracledb/impl/thin/protocol.pyx", line 440, in oracledb.thin_impl.Protocol._process_single_message
2026-07-24 15:03:11.279 |   File "src/oracledb/impl/thin/protocol.pyx", line 441, in oracledb.thin_impl.Protocol._process_single_message
2026-07-24 15:03:11.279 |   File "src/oracledb/impl/thin/protocol.pyx", line 433, in oracledb.thin_impl.Protocol._process_message
2026-07-24 15:03:11.279 |   File "src/oracledb/impl/thin/messages.pyx", line 74, in oracledb.thin_impl.Message._check_and_raise_exception
2026-07-24 15:03:11.279 | oracledb.exceptions.DatabaseError: ORA-00942: table or view does not exist
2026-07-24 15:03:11.279 | Help: https://docs.oracle.com/error-help/db/ora-00942/
2026-07-24 15:03:11.377 | 2026-07-24 22:03:11,376 INFO 172.19.0.3 - "GET /metrics?target=hris-hims-db HTTP/1.1" 200 -
2026-07-24 15:03:12.599 | 2026-07-24 22:03:12,598 ERROR scrape of target 'hris-scl-engineering-db' failed
2026-07-24 15:03:12.599 | Traceback (most recent call last):
2026-07-24 15:03:12.599 |   File "src/pymssql/_pymssql.pyx", line 650, in pymssql._pymssql.connect
2026-07-24 15:03:12.599 |   File "src/pymssql/_mssql.pyx", line 2158, in pymssql._mssql.connect
2026-07-24 15:03:12.599 |   File "src/pymssql/_mssql.pyx", line 712, in pymssql._mssql.MSSQLConnection.__init__
2026-07-24 15:03:12.599 |   File "src/pymssql/_mssql.pyx", line 1884, in pymssql._mssql.maybe_raise_MSSQLDatabaseException
2026-07-24 15:03:12.599 |   File "src/pymssql/_mssql.pyx", line 1901, in pymssql._mssql.raise_MSSQLDatabaseException
2026-07-24 15:03:12.599 | pymssql._mssql.MSSQLDatabaseException: (20009, b'DB-Lib error message 20009, severity 9:\nUnable to connect: Adaptive Server is unavailable or does not exist (COSWINDE516D1)\n')
2026-07-24 15:03:12.599 | 
2026-07-24 15:03:12.599 | During handling of the above exception, another exception occurred:
2026-07-24 15:03:12.599 | 
2026-07-24 15:03:12.599 | Traceback (most recent call last):
2026-07-24 15:03:12.599 |   File "/app/src/registry.py", line 74, in scrape
2026-07-24 15:03:12.599 |     families, had_partial_error = future.result(timeout=target.scrape_timeout_seconds)
2026-07-24 15:03:12.599 |                                   ^^^^^^^^^^^^^^^^^^^^^^^^^^^^^^^^^^^^^^^^^^^^^^^^^^^^
2026-07-24 15:03:12.599 |   File "/usr/local/lib/python3.12/concurrent/futures/_base.py", line 456, in result
2026-07-24 15:03:12.599 |     return self.__get_result()
2026-07-24 15:03:12.599 |            ^^^^^^^^^^^^^^^^^^^
2026-07-24 15:03:12.599 |   File "/usr/local/lib/python3.12/concurrent/futures/_base.py", line 401, in __get_result
2026-07-24 15:03:12.599 |     raise self._exception
2026-07-24 15:03:12.599 |   File "/usr/local/lib/python3.12/concurrent/futures/thread.py", line 59, in run
2026-07-24 15:03:12.599 |     result = self.fn(*self.args, **self.kwargs)
2026-07-24 15:03:12.599 |              ^^^^^^^^^^^^^^^^^^^^^^^^^^^^^^^^^^
2026-07-24 15:03:12.599 |   File "/app/src/registry.py", line 69, in _do_scrape
2026-07-24 15:03:12.599 |     conn = adapter.get_connection()
2026-07-24 15:03:12.599 |            ^^^^^^^^^^^^^^^^^^^^^^^^
2026-07-24 15:03:12.599 |   File "/app/src/collectors/base.py", line 65, in get_connection
2026-07-24 15:03:12.599 |     self._conn = self.connect()
2026-07-24 15:03:12.599 |                  ^^^^^^^^^^^^^^
2026-07-24 15:03:12.599 |   File "/app/src/collectors/sqlserver.py", line 70, in connect
2026-07-24 15:03:12.599 |     conn = pymssql.connect(
2026-07-24 15:03:12.599 |            ^^^^^^^^^^^^^^^^
2026-07-24 15:03:12.599 |   File "src/pymssql/_pymssql.pyx", line 659, in pymssql._pymssql.connect
2026-07-24 15:03:12.599 | pymssql.exceptions.OperationalError: (20009, b'DB-Lib error message 20009, severity 9:\nUnable to connect: Adaptive Server is unavailable or does not exist (COSWINDE516D1)\n')
2026-07-24 15:03:12.599 | 2026-07-24 22:03:12,599 INFO 172.19.0.3 - "GET /metrics?target=hris-scl-engineering-db HTTP/1.1" 200 -
2026-07-24 15:03:16.791 | 2026-07-24 22:03:16,790 ERROR query 'size' failed for target 'hris-card-db'
2026-07-24 15:03:16.791 | Traceback (most recent call last):
2026-07-24 15:03:16.791 |   File "/app/src/collectors/base.py", line 52, in safe_collect_family
2026-07-24 15:03:16.791 |     result = builder()
2026-07-24 15:03:16.791 |              ^^^^^^^^^
2026-07-24 15:03:16.791 |   File "/app/src/collectors/postgres.py", line 94, in <lambda>
2026-07-24 15:03:16.791 |     ("size", lambda: self._size_family(cur)),
2026-07-24 15:03:16.791 |                      ^^^^^^^^^^^^^^^^^^^^^^
2026-07-24 15:03:16.791 |   File "/app/src/collectors/postgres.py", line 168, in _size_family
2026-07-24 15:03:16.791 |     cur.execute(_SIZE_SQL)
2026-07-24 15:03:16.791 |   File "/usr/local/lib/python3.12/site-packages/psycopg2/extras.py", line 146, in execute
2026-07-24 15:03:16.791 |     return super().execute(query, vars)
2026-07-24 15:03:16.791 |            ^^^^^^^^^^^^^^^^^^^^^^^^^^^^
2026-07-24 15:03:16.791 | psycopg2.errors.InsufficientPrivilege: permission denied for database rdsadmin
2026-07-24 15:03:16.791 | 
2026-07-24 15:03:16.791 | 2026-07-24 22:03:16,791 INFO 172.19.0.3 - "GET /metrics?target=hris-card-db HTTP/1.1" 200 -
2026-07-24 15:03:19.813 | 2026-07-24 22:03:19,813 INFO 127.0.0.1 - "GET /health HTTP/1.1" 200 -
2026-07-24 15:03:26.280 | 2026-07-24 22:03:26,279 ERROR query 'query_duration' failed for target 'hris-hims-db'
2026-07-24 15:03:26.280 | Traceback (most recent call last):
2026-07-24 15:03:26.280 |   File "/app/src/collectors/base.py", line 52, in safe_collect_family
2026-07-24 15:03:26.280 |     result = builder()
2026-07-24 15:03:26.280 |              ^^^^^^^^^
2026-07-24 15:03:26.280 |   File "/app/src/collectors/oracle.py", line 103, in <lambda>
2026-07-24 15:03:26.280 |     ("query_duration", lambda: self._query_duration_family(conn)),
2026-07-24 15:03:26.280 |                                ^^^^^^^^^^^^^^^^^^^^^^^^^^^^^^^^^
2026-07-24 15:03:26.280 |   File "/app/src/collectors/oracle.py", line 119, in _query_duration_family
2026-07-24 15:03:26.280 |     cur.execute(_QUERY_STATS_SQL)
2026-07-24 15:03:26.280 |   File "/usr/local/lib/python3.12/site-packages/oracledb/cursor.py", line 710, in execute
2026-07-24 15:03:26.280 |     impl.execute(self)
2026-07-24 15:03:26.280 |   File "src/oracledb/impl/thin/cursor.pyx", line 196, in oracledb.thin_impl.ThinCursorImpl.execute
2026-07-24 15:03:26.280 |   File "src/oracledb/impl/thin/protocol.pyx", line 440, in oracledb.thin_impl.Protocol._process_single_message
2026-07-24 15:03:26.280 |   File "src/oracledb/impl/thin/protocol.pyx", line 441, in oracledb.thin_impl.Protocol._process_single_message
2026-07-24 15:03:26.280 |   File "src/oracledb/impl/thin/protocol.pyx", line 433, in oracledb.thin_impl.Protocol._process_message
2026-07-24 15:03:26.280 |   File "src/oracledb/impl/thin/messages.pyx", line 74, in oracledb.thin_impl.Message._check_and_raise_exception
2026-07-24 15:03:26.280 | oracledb.exceptions.DatabaseError: ORA-00942: table or view does not exist
2026-07-24 15:03:26.280 | Help: https://docs.oracle.com/error-help/db/ora-00942/
2026-07-24 15:03:26.382 | 2026-07-24 22:03:26,381 INFO 172.19.0.3 - "GET /metrics?target=hris-hims-db HTTP/1.1" 200 -
2026-07-24 15:03:27.598 | 2026-07-24 22:03:27,597 ERROR scrape of target 'hris-scl-engineering-db' failed
2026-07-24 15:03:27.598 | Traceback (most recent call last):
2026-07-24 15:03:27.598 |   File "src/pymssql/_pymssql.pyx", line 650, in pymssql._pymssql.connect
2026-07-24 15:03:27.598 |   File "src/pymssql/_mssql.pyx", line 2158, in pymssql._mssql.connect
2026-07-24 15:03:27.598 |   File "src/pymssql/_mssql.pyx", line 712, in pymssql._mssql.MSSQLConnection.__init__
2026-07-24 15:03:27.598 |   File "src/pymssql/_mssql.pyx", line 1884, in pymssql._mssql.maybe_raise_MSSQLDatabaseException
2026-07-24 15:03:27.598 |   File "src/pymssql/_mssql.pyx", line 1901, in pymssql._mssql.raise_MSSQLDatabaseException
2026-07-24 15:03:27.598 | pymssql._mssql.MSSQLDatabaseException: (20009, b'DB-Lib error message 20009, severity 9:\nUnable to connect: Adaptive Server is unavailable or does not exist (COSWINDE516D1)\n')
2026-07-24 15:03:27.598 | 
2026-07-24 15:03:27.598 | During handling of the above exception, another exception occurred:
2026-07-24 15:03:27.598 | 
2026-07-24 15:03:27.598 | Traceback (most recent call last):
2026-07-24 15:03:27.598 |   File "/app/src/registry.py", line 74, in scrape
2026-07-24 15:03:27.598 |     families, had_partial_error = future.result(timeout=target.scrape_timeout_seconds)
2026-07-24 15:03:27.598 |                                   ^^^^^^^^^^^^^^^^^^^^^^^^^^^^^^^^^^^^^^^^^^^^^^^^^^^^
2026-07-24 15:03:27.598 |   File "/usr/local/lib/python3.12/concurrent/futures/_base.py", line 456, in result
2026-07-24 15:03:27.598 |     return self.__get_result()
2026-07-24 15:03:27.598 |            ^^^^^^^^^^^^^^^^^^^
2026-07-24 15:03:27.598 |   File "/usr/local/lib/python3.12/concurrent/futures/_base.py", line 401, in __get_result
2026-07-24 15:03:27.598 |     raise self._exception
2026-07-24 15:03:27.598 |   File "/usr/local/lib/python3.12/concurrent/futures/thread.py", line 59, in run
2026-07-24 15:03:27.598 |     result = self.fn(*self.args, **self.kwargs)
2026-07-24 15:03:27.598 |              ^^^^^^^^^^^^^^^^^^^^^^^^^^^^^^^^^^
2026-07-24 15:03:27.598 |   File "/app/src/registry.py", line 69, in _do_scrape
2026-07-24 15:03:27.598 |     conn = adapter.get_connection()
2026-07-24 15:03:27.598 |            ^^^^^^^^^^^^^^^^^^^^^^^^
2026-07-24 15:03:27.598 |   File "/app/src/collectors/base.py", line 65, in get_connection
2026-07-24 15:03:27.598 |     self._conn = self.connect()
2026-07-24 15:03:27.598 |                  ^^^^^^^^^^^^^^
2026-07-24 15:03:27.598 |   File "/app/src/collectors/sqlserver.py", line 70, in connect
2026-07-24 15:03:27.598 |     conn = pymssql.connect(
2026-07-24 15:03:27.598 |            ^^^^^^^^^^^^^^^^
2026-07-24 15:03:27.598 |   File "src/pymssql/_pymssql.pyx", line 659, in pymssql._pymssql.connect
2026-07-24 15:03:27.598 | pymssql.exceptions.OperationalError: (20009, b'DB-Lib error message 20009, severity 9:\nUnable to connect: Adaptive Server is unavailable or does not exist (COSWINDE516D1)\n')
2026-07-24 15:03:27.598 | 2026-07-24 22:03:27,598 INFO 172.19.0.3 - "GET /metrics?target=hris-scl-engineering-db HTTP/1.1" 200 -
2026-07-24 15:03:31.792 | 2026-07-24 22:03:31,791 ERROR query 'size' failed for target 'hris-card-db'
2026-07-24 15:03:31.792 | Traceback (most recent call last):
2026-07-24 15:03:31.792 |   File "/app/src/collectors/base.py", line 52, in safe_collect_family
2026-07-24 15:03:31.792 |     result = builder()
2026-07-24 15:03:31.792 |              ^^^^^^^^^
2026-07-24 15:03:31.792 |   File "/app/src/collectors/postgres.py", line 94, in <lambda>
2026-07-24 15:03:31.792 |     ("size", lambda: self._size_family(cur)),
2026-07-24 15:03:31.792 |                      ^^^^^^^^^^^^^^^^^^^^^^
2026-07-24 15:03:31.792 |   File "/app/src/collectors/postgres.py", line 168, in _size_family
2026-07-24 15:03:31.792 |     cur.execute(_SIZE_SQL)
2026-07-24 15:03:31.792 |   File "/usr/local/lib/python3.12/site-packages/psycopg2/extras.py", line 146, in execute
2026-07-24 15:03:31.792 |     return super().execute(query, vars)
2026-07-24 15:03:31.792 |            ^^^^^^^^^^^^^^^^^^^^^^^^^^^^
2026-07-24 15:03:31.792 | psycopg2.errors.InsufficientPrivilege: permission denied for database rdsadmin
2026-07-24 15:03:31.792 | 
2026-07-24 15:03:31.792 | 2026-07-24 22:03:31,792 INFO 172.19.0.3 - "GET /metrics?target=hris-card-db HTTP/1.1" 200 -
2026-07-24 15:03:41.278 | 2026-07-24 22:03:41,278 ERROR query 'query_duration' failed for target 'hris-hims-db'
2026-07-24 15:03:41.278 | Traceback (most recent call last):
2026-07-24 15:03:41.278 |   File "/app/src/collectors/base.py", line 52, in safe_collect_family
2026-07-24 15:03:41.278 |     result = builder()
2026-07-24 15:03:41.278 |              ^^^^^^^^^
2026-07-24 15:03:41.278 |   File "/app/src/collectors/oracle.py", line 103, in <lambda>
2026-07-24 15:03:41.278 |     ("query_duration", lambda: self._query_duration_family(conn)),
2026-07-24 15:03:41.278 |                                ^^^^^^^^^^^^^^^^^^^^^^^^^^^^^^^^^
2026-07-24 15:03:41.278 |   File "/app/src/collectors/oracle.py", line 119, in _query_duration_family
2026-07-24 15:03:41.278 |     cur.execute(_QUERY_STATS_SQL)
2026-07-24 15:03:41.278 |   File "/usr/local/lib/python3.12/site-packages/oracledb/cursor.py", line 710, in execute
2026-07-24 15:03:41.278 |     impl.execute(self)
2026-07-24 15:03:41.278 |   File "src/oracledb/impl/thin/cursor.pyx", line 196, in oracledb.thin_impl.ThinCursorImpl.execute
2026-07-24 15:03:41.278 |   File "src/oracledb/impl/thin/protocol.pyx", line 440, in oracledb.thin_impl.Protocol._process_single_message
2026-07-24 15:03:41.278 |   File "src/oracledb/impl/thin/protocol.pyx", line 441, in oracledb.thin_impl.Protocol._process_single_message
2026-07-24 15:03:41.278 |   File "src/oracledb/impl/thin/protocol.pyx", line 433, in oracledb.thin_impl.Protocol._process_message
2026-07-24 15:03:41.278 |   File "src/oracledb/impl/thin/messages.pyx", line 74, in oracledb.thin_impl.Message._check_and_raise_exception
2026-07-24 15:03:41.278 | oracledb.exceptions.DatabaseError: ORA-00942: table or view does not exist
2026-07-24 15:03:41.278 | Help: https://docs.oracle.com/error-help/db/ora-00942/
2026-07-24 15:03:41.373 | 2026-07-24 22:03:41,372 INFO 172.19.0.3 - "GET /metrics?target=hris-hims-db HTTP/1.1" 200 -
2026-07-24 15:03:42.598 | 2026-07-24 22:03:42,597 ERROR scrape of target 'hris-scl-engineering-db' failed
2026-07-24 15:03:42.598 | Traceback (most recent call last):
2026-07-24 15:03:42.598 |   File "src/pymssql/_pymssql.pyx", line 650, in pymssql._pymssql.connect
2026-07-24 15:03:42.598 |   File "src/pymssql/_mssql.pyx", line 2158, in pymssql._mssql.connect
2026-07-24 15:03:42.598 |   File "src/pymssql/_mssql.pyx", line 712, in pymssql._mssql.MSSQLConnection.__init__
2026-07-24 15:03:42.598 |   File "src/pymssql/_mssql.pyx", line 1884, in pymssql._mssql.maybe_raise_MSSQLDatabaseException
2026-07-24 15:03:42.598 |   File "src/pymssql/_mssql.pyx", line 1901, in pymssql._mssql.raise_MSSQLDatabaseException
2026-07-24 15:03:42.598 | pymssql._mssql.MSSQLDatabaseException: (20009, b'DB-Lib error message 20009, severity 9:\nUnable to connect: Adaptive Server is unavailable or does not exist (COSWINDE516D1)\n')
2026-07-24 15:03:42.598 | 
2026-07-24 15:03:42.598 | During handling of the above exception, another exception occurred:
2026-07-24 15:03:42.598 | 
2026-07-24 15:03:42.598 | Traceback (most recent call last):
2026-07-24 15:03:42.598 |   File "/app/src/registry.py", line 74, in scrape
2026-07-24 15:03:42.598 |     families, had_partial_error = future.result(timeout=target.scrape_timeout_seconds)
2026-07-24 15:03:42.598 |                                   ^^^^^^^^^^^^^^^^^^^^^^^^^^^^^^^^^^^^^^^^^^^^^^^^^^^^
2026-07-24 15:03:42.598 |   File "/usr/local/lib/python3.12/concurrent/futures/_base.py", line 456, in result
2026-07-24 15:03:42.598 |     return self.__get_result()
2026-07-24 15:03:42.598 |            ^^^^^^^^^^^^^^^^^^^
2026-07-24 15:03:42.598 |   File "/usr/local/lib/python3.12/concurrent/futures/_base.py", line 401, in __get_result
2026-07-24 15:03:42.598 |     raise self._exception
2026-07-24 15:03:42.598 |   File "/usr/local/lib/python3.12/concurrent/futures/thread.py", line 59, in run
2026-07-24 15:03:42.598 |     result = self.fn(*self.args, **self.kwargs)
2026-07-24 15:03:42.598 |              ^^^^^^^^^^^^^^^^^^^^^^^^^^^^^^^^^^
2026-07-24 15:03:42.598 |   File "/app/src/registry.py", line 69, in _do_scrape
2026-07-24 15:03:42.598 |     conn = adapter.get_connection()
2026-07-24 15:03:42.598 |            ^^^^^^^^^^^^^^^^^^^^^^^^
2026-07-24 15:03:42.598 |   File "/app/src/collectors/base.py", line 65, in get_connection
2026-07-24 15:03:42.598 |     self._conn = self.connect()
2026-07-24 15:03:42.598 |                  ^^^^^^^^^^^^^^
2026-07-24 15:03:42.598 |   File "/app/src/collectors/sqlserver.py", line 70, in connect
2026-07-24 15:03:42.598 |     conn = pymssql.connect(
2026-07-24 15:03:42.598 |            ^^^^^^^^^^^^^^^^
2026-07-24 15:03:42.598 |   File "src/pymssql/_pymssql.pyx", line 659, in pymssql._pymssql.connect
2026-07-24 15:03:42.598 | pymssql.exceptions.OperationalError: (20009, b'DB-Lib error message 20009, severity 9:\nUnable to connect: Adaptive Server is unavailable or does not exist (COSWINDE516D1)\n')
2026-07-24 15:03:42.598 | 2026-07-24 22:03:42,598 INFO 172.19.0.3 - "GET /metrics?target=hris-scl-engineering-db HTTP/1.1" 200 -
2026-07-24 15:03:46.791 | 2026-07-24 22:03:46,790 ERROR query 'size' failed for target 'hris-card-db'
2026-07-24 15:03:46.791 | Traceback (most recent call last):
2026-07-24 15:03:46.791 |   File "/app/src/collectors/base.py", line 52, in safe_collect_family
2026-07-24 15:03:46.791 |     result = builder()
2026-07-24 15:03:46.791 |              ^^^^^^^^^
2026-07-24 15:03:46.791 |   File "/app/src/collectors/postgres.py", line 94, in <lambda>
2026-07-24 15:03:46.791 |     ("size", lambda: self._size_family(cur)),
2026-07-24 15:03:46.791 |                      ^^^^^^^^^^^^^^^^^^^^^^
2026-07-24 15:03:46.791 |   File "/app/src/collectors/postgres.py", line 168, in _size_family
2026-07-24 15:03:46.791 |     cur.execute(_SIZE_SQL)
2026-07-24 15:03:46.791 |   File "/usr/local/lib/python3.12/site-packages/psycopg2/extras.py", line 146, in execute
2026-07-24 15:03:46.791 |     return super().execute(query, vars)
2026-07-24 15:03:46.791 |            ^^^^^^^^^^^^^^^^^^^^^^^^^^^^
2026-07-24 15:03:46.791 | psycopg2.errors.InsufficientPrivilege: permission denied for database rdsadmin
2026-07-24 15:03:46.791 | 
2026-07-24 15:03:46.791 | 2026-07-24 22:03:46,791 INFO 172.19.0.3 - "GET /metrics?target=hris-card-db HTTP/1.1" 200 -
2026-07-24 15:03:49.928 | 2026-07-24 22:03:49,927 INFO 127.0.0.1 - "GET /health HTTP/1.1" 200 -
2026-07-24 15:03:56.280 | 2026-07-24 22:03:56,280 ERROR query 'query_duration' failed for target 'hris-hims-db'
2026-07-24 15:03:56.280 | Traceback (most recent call last):
2026-07-24 15:03:56.280 |   File "/app/src/collectors/base.py", line 52, in safe_collect_family
2026-07-24 15:03:56.280 |     result = builder()
2026-07-24 15:03:56.280 |              ^^^^^^^^^
2026-07-24 15:03:56.280 |   File "/app/src/collectors/oracle.py", line 103, in <lambda>
2026-07-24 15:03:56.280 |     ("query_duration", lambda: self._query_duration_family(conn)),
2026-07-24 15:03:56.280 |                                ^^^^^^^^^^^^^^^^^^^^^^^^^^^^^^^^^
2026-07-24 15:03:56.280 |   File "/app/src/collectors/oracle.py", line 119, in _query_duration_family
2026-07-24 15:03:56.280 |     cur.execute(_QUERY_STATS_SQL)
2026-07-24 15:03:56.280 |   File "/usr/local/lib/python3.12/site-packages/oracledb/cursor.py", line 710, in execute
2026-07-24 15:03:56.280 |     impl.execute(self)
2026-07-24 15:03:56.280 |   File "src/oracledb/impl/thin/cursor.pyx", line 196, in oracledb.thin_impl.ThinCursorImpl.execute
2026-07-24 15:03:56.280 |   File "src/oracledb/impl/thin/protocol.pyx", line 440, in oracledb.thin_impl.Protocol._process_single_message
2026-07-24 15:03:56.280 |   File "src/oracledb/impl/thin/protocol.pyx", line 441, in oracledb.thin_impl.Protocol._process_single_message
2026-07-24 15:03:56.280 |   File "src/oracledb/impl/thin/protocol.pyx", line 433, in oracledb.thin_impl.Protocol._process_message
2026-07-24 15:03:56.280 |   File "src/oracledb/impl/thin/messages.pyx", line 74, in oracledb.thin_impl.Message._check_and_raise_exception
2026-07-24 15:03:56.280 | oracledb.exceptions.DatabaseError: ORA-00942: table or view does not exist
2026-07-24 15:03:56.280 | Help: https://docs.oracle.com/error-help/db/ora-00942/
2026-07-24 15:03:56.368 | 2026-07-24 22:03:56,368 INFO 172.19.0.3 - "GET /metrics?target=hris-hims-db HTTP/1.1" 200 -
2026-07-24 15:03:57.602 | 2026-07-24 22:03:57,601 ERROR scrape of target 'hris-scl-engineering-db' failed
2026-07-24 15:03:57.602 | Traceback (most recent call last):
2026-07-24 15:03:57.602 |   File "src/pymssql/_pymssql.pyx", line 650, in pymssql._pymssql.connect
2026-07-24 15:03:57.602 |   File "src/pymssql/_mssql.pyx", line 2158, in pymssql._mssql.connect
2026-07-24 15:03:57.602 |   File "src/pymssql/_mssql.pyx", line 712, in pymssql._mssql.MSSQLConnection.__init__
2026-07-24 15:03:57.602 |   File "src/pymssql/_mssql.pyx", line 1884, in pymssql._mssql.maybe_raise_MSSQLDatabaseException
2026-07-24 15:03:57.602 |   File "src/pymssql/_mssql.pyx", line 1901, in pymssql._mssql.raise_MSSQLDatabaseException
2026-07-24 15:03:57.602 | pymssql._mssql.MSSQLDatabaseException: (20009, b'DB-Lib error message 20009, severity 9:\nUnable to connect: Adaptive Server is unavailable or does not exist (COSWINDE516D1)\n')
2026-07-24 15:03:57.602 | 
2026-07-24 15:03:57.602 | During handling of the above exception, another exception occurred:
2026-07-24 15:03:57.602 | 
2026-07-24 15:03:57.602 | Traceback (most recent call last):
2026-07-24 15:03:57.602 |   File "/app/src/registry.py", line 74, in scrape
2026-07-24 15:03:57.602 |     families, had_partial_error = future.result(timeout=target.scrape_timeout_seconds)
2026-07-24 15:03:57.602 |                                   ^^^^^^^^^^^^^^^^^^^^^^^^^^^^^^^^^^^^^^^^^^^^^^^^^^^^
2026-07-24 15:03:57.602 |   File "/usr/local/lib/python3.12/concurrent/futures/_base.py", line 456, in result
2026-07-24 15:03:57.602 |     return self.__get_result()
2026-07-24 15:03:57.602 |            ^^^^^^^^^^^^^^^^^^^
2026-07-24 15:03:57.602 |   File "/usr/local/lib/python3.12/concurrent/futures/_base.py", line 401, in __get_result
2026-07-24 15:03:57.602 |     raise self._exception
2026-07-24 15:03:57.602 |   File "/usr/local/lib/python3.12/concurrent/futures/thread.py", line 59, in run
2026-07-24 15:03:57.602 |     result = self.fn(*self.args, **self.kwargs)
2026-07-24 15:03:57.602 |              ^^^^^^^^^^^^^^^^^^^^^^^^^^^^^^^^^^
2026-07-24 15:03:57.602 |   File "/app/src/registry.py", line 69, in _do_scrape
2026-07-24 15:03:57.602 |     conn = adapter.get_connection()
2026-07-24 15:03:57.602 |            ^^^^^^^^^^^^^^^^^^^^^^^^
2026-07-24 15:03:57.602 |   File "/app/src/collectors/base.py", line 65, in get_connection
2026-07-24 15:03:57.602 |     self._conn = self.connect()
2026-07-24 15:03:57.602 |                  ^^^^^^^^^^^^^^
2026-07-24 15:03:57.602 |   File "/app/src/collectors/sqlserver.py", line 70, in connect
2026-07-24 15:03:57.602 |     conn = pymssql.connect(
2026-07-24 15:03:57.602 |            ^^^^^^^^^^^^^^^^
2026-07-24 15:03:57.602 |   File "src/pymssql/_pymssql.pyx", line 659, in pymssql._pymssql.connect
2026-07-24 15:03:57.602 | pymssql.exceptions.OperationalError: (20009, b'DB-Lib error message 20009, severity 9:\nUnable to connect: Adaptive Server is unavailable or does not exist (COSWINDE516D1)\n')
2026-07-24 15:03:57.602 | 2026-07-24 22:03:57,602 INFO 172.19.0.3 - "GET /metrics?target=hris-scl-engineering-db HTTP/1.1" 200 -
2026-07-24 15:04:01.801 | 2026-07-24 22:04:01,800 ERROR query 'size' failed for target 'hris-card-db'
2026-07-24 15:04:01.801 | Traceback (most recent call last):
2026-07-24 15:04:01.801 |   File "/app/src/collectors/base.py", line 52, in safe_collect_family
2026-07-24 15:04:01.801 |     result = builder()
2026-07-24 15:04:01.801 |              ^^^^^^^^^
2026-07-24 15:04:01.801 |   File "/app/src/collectors/postgres.py", line 94, in <lambda>
2026-07-24 15:04:01.801 |     ("size", lambda: self._size_family(cur)),
2026-07-24 15:04:01.801 |                      ^^^^^^^^^^^^^^^^^^^^^^
2026-07-24 15:04:01.801 |   File "/app/src/collectors/postgres.py", line 168, in _size_family
2026-07-24 15:04:01.801 |     cur.execute(_SIZE_SQL)
2026-07-24 15:04:01.801 |   File "/usr/local/lib/python3.12/site-packages/psycopg2/extras.py", line 146, in execute
2026-07-24 15:04:01.801 |     return super().execute(query, vars)
2026-07-24 15:04:01.801 |            ^^^^^^^^^^^^^^^^^^^^^^^^^^^^
2026-07-24 15:04:01.801 | psycopg2.errors.InsufficientPrivilege: permission denied for database rdsadmin
2026-07-24 15:04:01.801 | 
2026-07-24 15:04:01.801 | 2026-07-24 22:04:01,801 INFO 172.19.0.3 - "GET /metrics?target=hris-card-db HTTP/1.1" 200 -
2026-07-24 15:04:11.279 | 2026-07-24 22:04:11,278 ERROR query 'query_duration' failed for target 'hris-hims-db'
2026-07-24 15:04:11.279 | Traceback (most recent call last):
2026-07-24 15:04:11.279 |   File "/app/src/collectors/base.py", line 52, in safe_collect_family
2026-07-24 15:04:11.279 |     result = builder()
2026-07-24 15:04:11.279 |              ^^^^^^^^^
2026-07-24 15:04:11.279 |   File "/app/src/collectors/oracle.py", line 103, in <lambda>
2026-07-24 15:04:11.279 |     ("query_duration", lambda: self._query_duration_family(conn)),
2026-07-24 15:04:11.279 |                                ^^^^^^^^^^^^^^^^^^^^^^^^^^^^^^^^^
2026-07-24 15:04:11.279 |   File "/app/src/collectors/oracle.py", line 119, in _query_duration_family
2026-07-24 15:04:11.279 |     cur.execute(_QUERY_STATS_SQL)
2026-07-24 15:04:11.279 |   File "/usr/local/lib/python3.12/site-packages/oracledb/cursor.py", line 710, in execute
2026-07-24 15:04:11.279 |     impl.execute(self)
2026-07-24 15:04:11.279 |   File "src/oracledb/impl/thin/cursor.pyx", line 196, in oracledb.thin_impl.ThinCursorImpl.execute
2026-07-24 15:04:11.279 |   File "src/oracledb/impl/thin/protocol.pyx", line 440, in oracledb.thin_impl.Protocol._process_single_message
2026-07-24 15:04:11.279 |   File "src/oracledb/impl/thin/protocol.pyx", line 441, in oracledb.thin_impl.Protocol._process_single_message
2026-07-24 15:04:11.279 |   File "src/oracledb/impl/thin/protocol.pyx", line 433, in oracledb.thin_impl.Protocol._process_message
2026-07-24 15:04:11.279 |   File "src/oracledb/impl/thin/messages.pyx", line 74, in oracledb.thin_impl.Message._check_and_raise_exception
2026-07-24 15:04:11.279 | oracledb.exceptions.DatabaseError: ORA-00942: table or view does not exist
2026-07-24 15:04:11.279 | Help: https://docs.oracle.com/error-help/db/ora-00942/
2026-07-24 15:04:11.368 | 2026-07-24 22:04:11,368 INFO 172.19.0.3 - "GET /metrics?target=hris-hims-db HTTP/1.1" 200 -
2026-07-24 15:04:12.603 | 2026-07-24 22:04:12,601 ERROR scrape of target 'hris-scl-engineering-db' failed
2026-07-24 15:04:12.603 | Traceback (most recent call last):
2026-07-24 15:04:12.603 |   File "src/pymssql/_pymssql.pyx", line 650, in pymssql._pymssql.connect
2026-07-24 15:04:12.603 |   File "src/pymssql/_mssql.pyx", line 2158, in pymssql._mssql.connect
2026-07-24 15:04:12.603 |   File "src/pymssql/_mssql.pyx", line 712, in pymssql._mssql.MSSQLConnection.__init__
2026-07-24 15:04:12.603 |   File "src/pymssql/_mssql.pyx", line 1884, in pymssql._mssql.maybe_raise_MSSQLDatabaseException
2026-07-24 15:04:12.603 |   File "src/pymssql/_mssql.pyx", line 1901, in pymssql._mssql.raise_MSSQLDatabaseException
2026-07-24 15:04:12.603 | pymssql._mssql.MSSQLDatabaseException: (20009, b'DB-Lib error message 20009, severity 9:\nUnable to connect: Adaptive Server is unavailable or does not exist (COSWINDE516D1)\n')
2026-07-24 15:04:12.603 | 
2026-07-24 15:04:12.603 | During handling of the above exception, another exception occurred:
2026-07-24 15:04:12.603 | 
2026-07-24 15:04:12.603 | Traceback (most recent call last):
2026-07-24 15:04:12.603 |   File "/app/src/registry.py", line 74, in scrape
2026-07-24 15:04:12.603 |     families, had_partial_error = future.result(timeout=target.scrape_timeout_seconds)
2026-07-24 15:04:12.603 |                                   ^^^^^^^^^^^^^^^^^^^^^^^^^^^^^^^^^^^^^^^^^^^^^^^^^^^^
2026-07-24 15:04:12.603 |   File "/usr/local/lib/python3.12/concurrent/futures/_base.py", line 456, in result
2026-07-24 15:04:12.603 |     return self.__get_result()
2026-07-24 15:04:12.603 |            ^^^^^^^^^^^^^^^^^^^
2026-07-24 15:04:12.603 |   File "/usr/local/lib/python3.12/concurrent/futures/_base.py", line 401, in __get_result
2026-07-24 15:04:12.603 |     raise self._exception
2026-07-24 15:04:12.603 |   File "/usr/local/lib/python3.12/concurrent/futures/thread.py", line 59, in run
2026-07-24 15:04:12.603 |     result = self.fn(*self.args, **self.kwargs)
2026-07-24 15:04:12.603 |              ^^^^^^^^^^^^^^^^^^^^^^^^^^^^^^^^^^
2026-07-24 15:04:12.603 |   File "/app/src/registry.py", line 69, in _do_scrape
2026-07-24 15:04:12.603 |     conn = adapter.get_connection()
2026-07-24 15:04:12.603 |            ^^^^^^^^^^^^^^^^^^^^^^^^
2026-07-24 15:04:12.603 |   File "/app/src/collectors/base.py", line 65, in get_connection
2026-07-24 15:04:12.603 |     self._conn = self.connect()
2026-07-24 15:04:12.603 |                  ^^^^^^^^^^^^^^
2026-07-24 15:04:12.603 |   File "/app/src/collectors/sqlserver.py", line 70, in connect
2026-07-24 15:04:12.603 |     conn = pymssql.connect(
2026-07-24 15:04:12.603 |            ^^^^^^^^^^^^^^^^
2026-07-24 15:04:12.603 |   File "src/pymssql/_pymssql.pyx", line 659, in pymssql._pymssql.connect
2026-07-24 15:04:12.603 | pymssql.exceptions.OperationalError: (20009, b'DB-Lib error message 20009, severity 9:\nUnable to connect: Adaptive Server is unavailable or does not exist (COSWINDE516D1)\n')
2026-07-24 15:04:12.603 | 2026-07-24 22:04:12,602 INFO 172.19.0.3 - "GET /metrics?target=hris-scl-engineering-db HTTP/1.1" 200 -
2026-07-24 15:04:16.791 | 2026-07-24 22:04:16,790 ERROR query 'size' failed for target 'hris-card-db'
2026-07-24 15:04:16.791 | Traceback (most recent call last):
2026-07-24 15:04:16.791 |   File "/app/src/collectors/base.py", line 52, in safe_collect_family
2026-07-24 15:04:16.791 |     result = builder()
2026-07-24 15:04:16.791 |              ^^^^^^^^^
2026-07-24 15:04:16.791 |   File "/app/src/collectors/postgres.py", line 94, in <lambda>
2026-07-24 15:04:16.791 |     ("size", lambda: self._size_family(cur)),
2026-07-24 15:04:16.791 |                      ^^^^^^^^^^^^^^^^^^^^^^
2026-07-24 15:04:16.791 |   File "/app/src/collectors/postgres.py", line 168, in _size_family
2026-07-24 15:04:16.791 |     cur.execute(_SIZE_SQL)
2026-07-24 15:04:16.791 |   File "/usr/local/lib/python3.12/site-packages/psycopg2/extras.py", line 146, in execute
2026-07-24 15:04:16.791 |     return super().execute(query, vars)
2026-07-24 15:04:16.791 |            ^^^^^^^^^^^^^^^^^^^^^^^^^^^^
2026-07-24 15:04:16.791 | psycopg2.errors.InsufficientPrivilege: permission denied for database rdsadmin
2026-07-24 15:04:16.791 | 
2026-07-24 15:04:16.791 | 2026-07-24 22:04:16,791 INFO 172.19.0.3 - "GET /metrics?target=hris-card-db HTTP/1.1" 200 -
2026-07-24 15:04:20.046 | 2026-07-24 22:04:20,046 INFO 127.0.0.1 - "GET /health HTTP/1.1" 200 -
2026-07-24 15:04:26.279 | 2026-07-24 22:04:26,278 ERROR query 'query_duration' failed for target 'hris-hims-db'
2026-07-24 15:04:26.279 | Traceback (most recent call last):
2026-07-24 15:04:26.279 |   File "/app/src/collectors/base.py", line 52, in safe_collect_family
2026-07-24 15:04:26.279 |     result = builder()
2026-07-24 15:04:26.279 |              ^^^^^^^^^
2026-07-24 15:04:26.279 |   File "/app/src/collectors/oracle.py", line 103, in <lambda>
2026-07-24 15:04:26.279 |     ("query_duration", lambda: self._query_duration_family(conn)),
2026-07-24 15:04:26.279 |                                ^^^^^^^^^^^^^^^^^^^^^^^^^^^^^^^^^
2026-07-24 15:04:26.279 |   File "/app/src/collectors/oracle.py", line 119, in _query_duration_family
2026-07-24 15:04:26.279 |     cur.execute(_QUERY_STATS_SQL)
2026-07-24 15:04:26.279 |   File "/usr/local/lib/python3.12/site-packages/oracledb/cursor.py", line 710, in execute
2026-07-24 15:04:26.279 |     impl.execute(self)
2026-07-24 15:04:26.279 |   File "src/oracledb/impl/thin/cursor.pyx", line 196, in oracledb.thin_impl.ThinCursorImpl.execute
2026-07-24 15:04:26.279 |   File "src/oracledb/impl/thin/protocol.pyx", line 440, in oracledb.thin_impl.Protocol._process_single_message
2026-07-24 15:04:26.279 |   File "src/oracledb/impl/thin/protocol.pyx", line 441, in oracledb.thin_impl.Protocol._process_single_message
2026-07-24 15:04:26.279 |   File "src/oracledb/impl/thin/protocol.pyx", line 433, in oracledb.thin_impl.Protocol._process_message
2026-07-24 15:04:26.279 |   File "src/oracledb/impl/thin/messages.pyx", line 74, in oracledb.thin_impl.Message._check_and_raise_exception
2026-07-24 15:04:26.279 | oracledb.exceptions.DatabaseError: ORA-00942: table or view does not exist
2026-07-24 15:04:26.279 | Help: https://docs.oracle.com/error-help/db/ora-00942/
2026-07-24 15:04:26.367 | 2026-07-24 22:04:26,367 INFO 172.19.0.3 - "GET /metrics?target=hris-hims-db HTTP/1.1" 200 -
2026-07-24 15:04:27.596 | 2026-07-24 22:04:27,595 ERROR scrape of target 'hris-scl-engineering-db' failed
2026-07-24 15:04:27.596 | Traceback (most recent call last):
2026-07-24 15:04:27.596 |   File "src/pymssql/_pymssql.pyx", line 650, in pymssql._pymssql.connect
2026-07-24 15:04:27.596 |   File "src/pymssql/_mssql.pyx", line 2158, in pymssql._mssql.connect
2026-07-24 15:04:27.596 |   File "src/pymssql/_mssql.pyx", line 712, in pymssql._mssql.MSSQLConnection.__init__
2026-07-24 15:04:27.596 |   File "src/pymssql/_mssql.pyx", line 1884, in pymssql._mssql.maybe_raise_MSSQLDatabaseException
2026-07-24 15:04:27.596 |   File "src/pymssql/_mssql.pyx", line 1901, in pymssql._mssql.raise_MSSQLDatabaseException
2026-07-24 15:04:27.596 | pymssql._mssql.MSSQLDatabaseException: (20009, b'DB-Lib error message 20009, severity 9:\nUnable to connect: Adaptive Server is unavailable or does not exist (COSWINDE516D1)\n')
2026-07-24 15:04:27.596 | 
2026-07-24 15:04:27.596 | During handling of the above exception, another exception occurred:
2026-07-24 15:04:27.596 | 
2026-07-24 15:04:27.596 | Traceback (most recent call last):
2026-07-24 15:04:27.596 |   File "/app/src/registry.py", line 74, in scrape
2026-07-24 15:04:27.596 |     families, had_partial_error = future.result(timeout=target.scrape_timeout_seconds)
2026-07-24 15:04:27.596 |                                   ^^^^^^^^^^^^^^^^^^^^^^^^^^^^^^^^^^^^^^^^^^^^^^^^^^^^
2026-07-24 15:04:27.596 |   File "/usr/local/lib/python3.12/concurrent/futures/_base.py", line 456, in result
2026-07-24 15:04:27.596 |     return self.__get_result()
2026-07-24 15:04:27.596 |            ^^^^^^^^^^^^^^^^^^^
2026-07-24 15:04:27.596 |   File "/usr/local/lib/python3.12/concurrent/futures/_base.py", line 401, in __get_result
2026-07-24 15:04:27.596 |     raise self._exception
2026-07-24 15:04:27.596 |   File "/usr/local/lib/python3.12/concurrent/futures/thread.py", line 59, in run
2026-07-24 15:04:27.596 |     result = self.fn(*self.args, **self.kwargs)
2026-07-24 15:04:27.596 |              ^^^^^^^^^^^^^^^^^^^^^^^^^^^^^^^^^^
2026-07-24 15:04:27.596 |   File "/app/src/registry.py", line 69, in _do_scrape
2026-07-24 15:04:27.596 |     conn = adapter.get_connection()
2026-07-24 15:04:27.596 |            ^^^^^^^^^^^^^^^^^^^^^^^^
2026-07-24 15:04:27.596 |   File "/app/src/collectors/base.py", line 65, in get_connection
2026-07-24 15:04:27.596 |     self._conn = self.connect()
2026-07-24 15:04:27.596 |                  ^^^^^^^^^^^^^^
2026-07-24 15:04:27.596 |   File "/app/src/collectors/sqlserver.py", line 70, in connect
2026-07-24 15:04:27.596 |     conn = pymssql.connect(
2026-07-24 15:04:27.596 |            ^^^^^^^^^^^^^^^^
2026-07-24 15:04:27.596 |   File "src/pymssql/_pymssql.pyx", line 659, in pymssql._pymssql.connect
2026-07-24 15:04:27.596 | pymssql.exceptions.OperationalError: (20009, b'DB-Lib error message 20009, severity 9:\nUnable to connect: Adaptive Server is unavailable or does not exist (COSWINDE516D1)\n')
2026-07-24 15:04:27.596 | 2026-07-24 22:04:27,596 INFO 172.19.0.3 - "GET /metrics?target=hris-scl-engineering-db HTTP/1.1" 200 -
2026-07-24 15:04:31.800 | 2026-07-24 22:04:31,799 ERROR query 'size' failed for target 'hris-card-db'
2026-07-24 15:04:31.800 | Traceback (most recent call last):
2026-07-24 15:04:31.800 |   File "/app/src/collectors/base.py", line 52, in safe_collect_family
2026-07-24 15:04:31.800 |     result = builder()
2026-07-24 15:04:31.800 |              ^^^^^^^^^
2026-07-24 15:04:31.800 |   File "/app/src/collectors/postgres.py", line 94, in <lambda>
2026-07-24 15:04:31.800 |     ("size", lambda: self._size_family(cur)),
2026-07-24 15:04:31.800 |                      ^^^^^^^^^^^^^^^^^^^^^^
2026-07-24 15:04:31.800 |   File "/app/src/collectors/postgres.py", line 168, in _size_family
2026-07-24 15:04:31.800 |     cur.execute(_SIZE_SQL)
2026-07-24 15:04:31.800 |   File "/usr/local/lib/python3.12/site-packages/psycopg2/extras.py", line 146, in execute
2026-07-24 15:04:31.800 |     return super().execute(query, vars)
2026-07-24 15:04:31.800 |            ^^^^^^^^^^^^^^^^^^^^^^^^^^^^
2026-07-24 15:04:31.800 | psycopg2.errors.InsufficientPrivilege: permission denied for database rdsadmin
2026-07-24 15:04:31.800 | 
2026-07-24 15:04:31.800 | 2026-07-24 22:04:31,800 INFO 172.19.0.3 - "GET /metrics?target=hris-card-db HTTP/1.1" 200 -
2026-07-24 15:04:41.282 | 2026-07-24 22:04:41,281 ERROR query 'query_duration' failed for target 'hris-hims-db'
2026-07-24 15:04:41.282 | Traceback (most recent call last):
2026-07-24 15:04:41.282 |   File "/app/src/collectors/base.py", line 52, in safe_collect_family
2026-07-24 15:04:41.282 |     result = builder()
2026-07-24 15:04:41.282 |              ^^^^^^^^^
2026-07-24 15:04:41.282 |   File "/app/src/collectors/oracle.py", line 103, in <lambda>
2026-07-24 15:04:41.282 |     ("query_duration", lambda: self._query_duration_family(conn)),
2026-07-24 15:04:41.282 |                                ^^^^^^^^^^^^^^^^^^^^^^^^^^^^^^^^^
2026-07-24 15:04:41.282 |   File "/app/src/collectors/oracle.py", line 119, in _query_duration_family
2026-07-24 15:04:41.282 |     cur.execute(_QUERY_STATS_SQL)
2026-07-24 15:04:41.282 |   File "/usr/local/lib/python3.12/site-packages/oracledb/cursor.py", line 710, in execute
2026-07-24 15:04:41.282 |     impl.execute(self)
2026-07-24 15:04:41.282 |   File "src/oracledb/impl/thin/cursor.pyx", line 196, in oracledb.thin_impl.ThinCursorImpl.execute
2026-07-24 15:04:41.282 |   File "src/oracledb/impl/thin/protocol.pyx", line 440, in oracledb.thin_impl.Protocol._process_single_message
2026-07-24 15:04:41.282 |   File "src/oracledb/impl/thin/protocol.pyx", line 441, in oracledb.thin_impl.Protocol._process_single_message
2026-07-24 15:04:41.282 |   File "src/oracledb/impl/thin/protocol.pyx", line 433, in oracledb.thin_impl.Protocol._process_message
2026-07-24 15:04:41.282 |   File "src/oracledb/impl/thin/messages.pyx", line 74, in oracledb.thin_impl.Message._check_and_raise_exception
2026-07-24 15:04:41.282 | oracledb.exceptions.DatabaseError: ORA-00942: table or view does not exist
2026-07-24 15:04:41.282 | Help: https://docs.oracle.com/error-help/db/ora-00942/
2026-07-24 15:04:41.370 | 2026-07-24 22:04:41,369 INFO 172.19.0.3 - "GET /metrics?target=hris-hims-db HTTP/1.1" 200 -
2026-07-24 15:04:42.595 | 2026-07-24 22:04:42,594 ERROR scrape of target 'hris-scl-engineering-db' failed
2026-07-24 15:04:42.595 | Traceback (most recent call last):
2026-07-24 15:04:42.595 |   File "src/pymssql/_pymssql.pyx", line 650, in pymssql._pymssql.connect
2026-07-24 15:04:42.595 |   File "src/pymssql/_mssql.pyx", line 2158, in pymssql._mssql.connect
2026-07-24 15:04:42.595 |   File "src/pymssql/_mssql.pyx", line 712, in pymssql._mssql.MSSQLConnection.__init__
2026-07-24 15:04:42.595 |   File "src/pymssql/_mssql.pyx", line 1884, in pymssql._mssql.maybe_raise_MSSQLDatabaseException
2026-07-24 15:04:42.595 |   File "src/pymssql/_mssql.pyx", line 1901, in pymssql._mssql.raise_MSSQLDatabaseException
2026-07-24 15:04:42.595 | pymssql._mssql.MSSQLDatabaseException: (20009, b'DB-Lib error message 20009, severity 9:\nUnable to connect: Adaptive Server is unavailable or does not exist (COSWINDE516D1)\n')
2026-07-24 15:04:42.595 | 
2026-07-24 15:04:42.595 | During handling of the above exception, another exception occurred:
2026-07-24 15:04:42.595 | 
2026-07-24 15:04:42.595 | Traceback (most recent call last):
2026-07-24 15:04:42.595 |   File "/app/src/registry.py", line 74, in scrape
2026-07-24 15:04:42.595 |     families, had_partial_error = future.result(timeout=target.scrape_timeout_seconds)
2026-07-24 15:04:42.595 |                                   ^^^^^^^^^^^^^^^^^^^^^^^^^^^^^^^^^^^^^^^^^^^^^^^^^^^^
2026-07-24 15:04:42.595 |   File "/usr/local/lib/python3.12/concurrent/futures/_base.py", line 456, in result
2026-07-24 15:04:42.595 |     return self.__get_result()
2026-07-24 15:04:42.595 |            ^^^^^^^^^^^^^^^^^^^
2026-07-24 15:04:42.595 |   File "/usr/local/lib/python3.12/concurrent/futures/_base.py", line 401, in __get_result
2026-07-24 15:04:42.595 |     raise self._exception
2026-07-24 15:04:42.595 |   File "/usr/local/lib/python3.12/concurrent/futures/thread.py", line 59, in run
2026-07-24 15:04:42.595 |     result = self.fn(*self.args, **self.kwargs)
2026-07-24 15:04:42.595 |              ^^^^^^^^^^^^^^^^^^^^^^^^^^^^^^^^^^
2026-07-24 15:04:42.595 |   File "/app/src/registry.py", line 69, in _do_scrape
2026-07-24 15:04:42.595 |     conn = adapter.get_connection()
2026-07-24 15:04:42.595 |            ^^^^^^^^^^^^^^^^^^^^^^^^
2026-07-24 15:04:42.595 |   File "/app/src/collectors/base.py", line 65, in get_connection
2026-07-24 15:04:42.595 |     self._conn = self.connect()
2026-07-24 15:04:42.595 |                  ^^^^^^^^^^^^^^
2026-07-24 15:04:42.595 |   File "/app/src/collectors/sqlserver.py", line 70, in connect
2026-07-24 15:04:42.595 |     conn = pymssql.connect(
2026-07-24 15:04:42.595 |            ^^^^^^^^^^^^^^^^
2026-07-24 15:04:42.595 |   File "src/pymssql/_pymssql.pyx", line 659, in pymssql._pymssql.connect
2026-07-24 15:04:42.595 | pymssql.exceptions.OperationalError: (20009, b'DB-Lib error message 20009, severity 9:\nUnable to connect: Adaptive Server is unavailable or does not exist (COSWINDE516D1)\n')
2026-07-24 15:04:42.595 | 2026-07-24 22:04:42,595 INFO 172.19.0.3 - "GET /metrics?target=hris-scl-engineering-db HTTP/1.1" 200 -
2026-07-24 15:04:46.790 | 2026-07-24 22:04:46,789 ERROR query 'size' failed for target 'hris-card-db'
2026-07-24 15:04:46.790 | Traceback (most recent call last):
2026-07-24 15:04:46.790 |   File "/app/src/collectors/base.py", line 52, in safe_collect_family
2026-07-24 15:04:46.790 |     result = builder()
2026-07-24 15:04:46.790 |              ^^^^^^^^^
2026-07-24 15:04:46.790 |   File "/app/src/collectors/postgres.py", line 94, in <lambda>
2026-07-24 15:04:46.790 |     ("size", lambda: self._size_family(cur)),
2026-07-24 15:04:46.790 |                      ^^^^^^^^^^^^^^^^^^^^^^
2026-07-24 15:04:46.790 |   File "/app/src/collectors/postgres.py", line 168, in _size_family
2026-07-24 15:04:46.790 |     cur.execute(_SIZE_SQL)
2026-07-24 15:04:46.790 |   File "/usr/local/lib/python3.12/site-packages/psycopg2/extras.py", line 146, in execute
2026-07-24 15:04:46.790 |     return super().execute(query, vars)
2026-07-24 15:04:46.790 |            ^^^^^^^^^^^^^^^^^^^^^^^^^^^^
2026-07-24 15:04:46.790 | psycopg2.errors.InsufficientPrivilege: permission denied for database rdsadmin
2026-07-24 15:04:46.790 | 
2026-07-24 15:04:46.790 | 2026-07-24 22:04:46,790 INFO 172.19.0.3 - "GET /metrics?target=hris-card-db HTTP/1.1" 200 -
2026-07-24 15:04:50.160 | 2026-07-24 22:04:50,160 INFO 127.0.0.1 - "GET /health HTTP/1.1" 200 -
2026-07-24 15:04:56.278 | 2026-07-24 22:04:56,277 ERROR query 'query_duration' failed for target 'hris-hims-db'
2026-07-24 15:04:56.278 | Traceback (most recent call last):
2026-07-24 15:04:56.278 |   File "/app/src/collectors/base.py", line 52, in safe_collect_family
2026-07-24 15:04:56.278 |     result = builder()
2026-07-24 15:04:56.278 |              ^^^^^^^^^
2026-07-24 15:04:56.278 |   File "/app/src/collectors/oracle.py", line 103, in <lambda>
2026-07-24 15:04:56.278 |     ("query_duration", lambda: self._query_duration_family(conn)),
2026-07-24 15:04:56.278 |                                ^^^^^^^^^^^^^^^^^^^^^^^^^^^^^^^^^
2026-07-24 15:04:56.278 |   File "/app/src/collectors/oracle.py", line 119, in _query_duration_family
2026-07-24 15:04:56.278 |     cur.execute(_QUERY_STATS_SQL)
2026-07-24 15:04:56.278 |   File "/usr/local/lib/python3.12/site-packages/oracledb/cursor.py", line 710, in execute
2026-07-24 15:04:56.278 |     impl.execute(self)
2026-07-24 15:04:56.278 |   File "src/oracledb/impl/thin/cursor.pyx", line 196, in oracledb.thin_impl.ThinCursorImpl.execute
2026-07-24 15:04:56.278 |   File "src/oracledb/impl/thin/protocol.pyx", line 440, in oracledb.thin_impl.Protocol._process_single_message
2026-07-24 15:04:56.278 |   File "src/oracledb/impl/thin/protocol.pyx", line 441, in oracledb.thin_impl.Protocol._process_single_message
2026-07-24 15:04:56.278 |   File "src/oracledb/impl/thin/protocol.pyx", line 433, in oracledb.thin_impl.Protocol._process_message
2026-07-24 15:04:56.278 |   File "src/oracledb/impl/thin/messages.pyx", line 74, in oracledb.thin_impl.Message._check_and_raise_exception
2026-07-24 15:04:56.278 | oracledb.exceptions.DatabaseError: ORA-00942: table or view does not exist
2026-07-24 15:04:56.278 | Help: https://docs.oracle.com/error-help/db/ora-00942/
2026-07-24 15:04:56.371 | 2026-07-24 22:04:56,371 INFO 172.19.0.3 - "GET /metrics?target=hris-hims-db HTTP/1.1" 200 -
2026-07-24 15:04:57.598 | 2026-07-24 22:04:57,597 ERROR scrape of target 'hris-scl-engineering-db' failed
2026-07-24 15:04:57.598 | Traceback (most recent call last):
2026-07-24 15:04:57.598 |   File "src/pymssql/_pymssql.pyx", line 650, in pymssql._pymssql.connect
2026-07-24 15:04:57.598 |   File "src/pymssql/_mssql.pyx", line 2158, in pymssql._mssql.connect
2026-07-24 15:04:57.598 |   File "src/pymssql/_mssql.pyx", line 712, in pymssql._mssql.MSSQLConnection.__init__
2026-07-24 15:04:57.598 |   File "src/pymssql/_mssql.pyx", line 1884, in pymssql._mssql.maybe_raise_MSSQLDatabaseException
2026-07-24 15:04:57.598 |   File "src/pymssql/_mssql.pyx", line 1901, in pymssql._mssql.raise_MSSQLDatabaseException
2026-07-24 15:04:57.598 | pymssql._mssql.MSSQLDatabaseException: (20009, b'DB-Lib error message 20009, severity 9:\nUnable to connect: Adaptive Server is unavailable or does not exist (COSWINDE516D1)\n')
2026-07-24 15:04:57.598 | 
2026-07-24 15:04:57.598 | During handling of the above exception, another exception occurred:
2026-07-24 15:04:57.598 | 
2026-07-24 15:04:57.598 | Traceback (most recent call last):
2026-07-24 15:04:57.598 |   File "/app/src/registry.py", line 74, in scrape
2026-07-24 15:04:57.598 |     families, had_partial_error = future.result(timeout=target.scrape_timeout_seconds)
2026-07-24 15:04:57.598 |                                   ^^^^^^^^^^^^^^^^^^^^^^^^^^^^^^^^^^^^^^^^^^^^^^^^^^^^
2026-07-24 15:04:57.598 |   File "/usr/local/lib/python3.12/concurrent/futures/_base.py", line 456, in result
2026-07-24 15:04:57.598 |     return self.__get_result()
2026-07-24 15:04:57.598 |            ^^^^^^^^^^^^^^^^^^^
2026-07-24 15:04:57.598 |   File "/usr/local/lib/python3.12/concurrent/futures/_base.py", line 401, in __get_result
2026-07-24 15:04:57.598 |     raise self._exception
2026-07-24 15:04:57.598 |   File "/usr/local/lib/python3.12/concurrent/futures/thread.py", line 59, in run
2026-07-24 15:04:57.598 |     result = self.fn(*self.args, **self.kwargs)
2026-07-24 15:04:57.598 |              ^^^^^^^^^^^^^^^^^^^^^^^^^^^^^^^^^^
2026-07-24 15:04:57.598 |   File "/app/src/registry.py", line 69, in _do_scrape
2026-07-24 15:04:57.598 |     conn = adapter.get_connection()
2026-07-24 15:04:57.598 |            ^^^^^^^^^^^^^^^^^^^^^^^^
2026-07-24 15:04:57.598 |   File "/app/src/collectors/base.py", line 65, in get_connection
2026-07-24 15:04:57.598 |     self._conn = self.connect()
2026-07-24 15:04:57.598 |                  ^^^^^^^^^^^^^^
2026-07-24 15:04:57.598 |   File "/app/src/collectors/sqlserver.py", line 70, in connect
2026-07-24 15:04:57.598 |     conn = pymssql.connect(
2026-07-24 15:04:57.598 |            ^^^^^^^^^^^^^^^^
2026-07-24 15:04:57.598 |   File "src/pymssql/_pymssql.pyx", line 659, in pymssql._pymssql.connect
2026-07-24 15:04:57.598 | pymssql.exceptions.OperationalError: (20009, b'DB-Lib error message 20009, severity 9:\nUnable to connect: Adaptive Server is unavailable or does not exist (COSWINDE516D1)\n')
2026-07-24 15:04:57.598 | 2026-07-24 22:04:57,598 INFO 172.19.0.3 - "GET /metrics?target=hris-scl-engineering-db HTTP/1.1" 200 -
2026-07-24 15:05:01.851 | 2026-07-24 22:05:01,850 ERROR query 'size' failed for target 'hris-card-db'
2026-07-24 15:05:01.851 | Traceback (most recent call last):
2026-07-24 15:05:01.851 |   File "/app/src/collectors/base.py", line 52, in safe_collect_family
2026-07-24 15:05:01.851 |     result = builder()
2026-07-24 15:05:01.851 |              ^^^^^^^^^
2026-07-24 15:05:01.851 |   File "/app/src/collectors/postgres.py", line 94, in <lambda>
2026-07-24 15:05:01.851 |     ("size", lambda: self._size_family(cur)),
2026-07-24 15:05:01.851 |                      ^^^^^^^^^^^^^^^^^^^^^^
2026-07-24 15:05:01.851 |   File "/app/src/collectors/postgres.py", line 168, in _size_family
2026-07-24 15:05:01.851 |     cur.execute(_SIZE_SQL)
2026-07-24 15:05:01.851 |   File "/usr/local/lib/python3.12/site-packages/psycopg2/extras.py", line 146, in execute
2026-07-24 15:05:01.851 |     return super().execute(query, vars)
2026-07-24 15:05:01.851 |            ^^^^^^^^^^^^^^^^^^^^^^^^^^^^
2026-07-24 15:05:01.851 | psycopg2.errors.InsufficientPrivilege: permission denied for database rdsadmin
2026-07-24 15:05:01.851 | 
2026-07-24 15:05:01.851 | 2026-07-24 22:05:01,851 INFO 172.19.0.3 - "GET /metrics?target=hris-card-db HTTP/1.1" 200 -
2026-07-24 15:05:11.278 | 2026-07-24 22:05:11,278 ERROR query 'query_duration' failed for target 'hris-hims-db'
2026-07-24 15:05:11.278 | Traceback (most recent call last):
2026-07-24 15:05:11.278 |   File "/app/src/collectors/base.py", line 52, in safe_collect_family
2026-07-24 15:05:11.278 |     result = builder()
2026-07-24 15:05:11.278 |              ^^^^^^^^^
2026-07-24 15:05:11.278 |   File "/app/src/collectors/oracle.py", line 103, in <lambda>
2026-07-24 15:05:11.278 |     ("query_duration", lambda: self._query_duration_family(conn)),
2026-07-24 15:05:11.278 |                                ^^^^^^^^^^^^^^^^^^^^^^^^^^^^^^^^^
2026-07-24 15:05:11.278 |   File "/app/src/collectors/oracle.py", line 119, in _query_duration_family
2026-07-24 15:05:11.278 |     cur.execute(_QUERY_STATS_SQL)
2026-07-24 15:05:11.278 |   File "/usr/local/lib/python3.12/site-packages/oracledb/cursor.py", line 710, in execute
2026-07-24 15:05:11.278 |     impl.execute(self)
2026-07-24 15:05:11.278 |   File "src/oracledb/impl/thin/cursor.pyx", line 196, in oracledb.thin_impl.ThinCursorImpl.execute
2026-07-24 15:05:11.278 |   File "src/oracledb/impl/thin/protocol.pyx", line 440, in oracledb.thin_impl.Protocol._process_single_message
2026-07-24 15:05:11.278 |   File "src/oracledb/impl/thin/protocol.pyx", line 441, in oracledb.thin_impl.Protocol._process_single_message
2026-07-24 15:05:11.278 |   File "src/oracledb/impl/thin/protocol.pyx", line 433, in oracledb.thin_impl.Protocol._process_message
2026-07-24 15:05:11.278 |   File "src/oracledb/impl/thin/messages.pyx", line 74, in oracledb.thin_impl.Message._check_and_raise_exception
2026-07-24 15:05:11.278 | oracledb.exceptions.DatabaseError: ORA-00942: table or view does not exist
2026-07-24 15:05:11.278 | Help: https://docs.oracle.com/error-help/db/ora-00942/
2026-07-24 15:05:11.374 | 2026-07-24 22:05:11,374 INFO 172.19.0.3 - "GET /metrics?target=hris-hims-db HTTP/1.1" 200 -
2026-07-24 15:05:12.595 | 2026-07-24 22:05:12,595 ERROR scrape of target 'hris-scl-engineering-db' failed
2026-07-24 15:05:12.595 | Traceback (most recent call last):
2026-07-24 15:05:12.595 |   File "src/pymssql/_pymssql.pyx", line 650, in pymssql._pymssql.connect
2026-07-24 15:05:12.595 |   File "src/pymssql/_mssql.pyx", line 2158, in pymssql._mssql.connect
2026-07-24 15:05:12.595 |   File "src/pymssql/_mssql.pyx", line 712, in pymssql._mssql.MSSQLConnection.__init__
2026-07-24 15:05:12.595 |   File "src/pymssql/_mssql.pyx", line 1884, in pymssql._mssql.maybe_raise_MSSQLDatabaseException
2026-07-24 15:05:12.595 |   File "src/pymssql/_mssql.pyx", line 1901, in pymssql._mssql.raise_MSSQLDatabaseException
2026-07-24 15:05:12.595 | pymssql._mssql.MSSQLDatabaseException: (20009, b'DB-Lib error message 20009, severity 9:\nUnable to connect: Adaptive Server is unavailable or does not exist (COSWINDE516D1)\n')
2026-07-24 15:05:12.596 | 
2026-07-24 15:05:12.596 | During handling of the above exception, another exception occurred:
2026-07-24 15:05:12.596 | 
2026-07-24 15:05:12.596 | Traceback (most recent call last):
2026-07-24 15:05:12.596 |   File "/app/src/registry.py", line 74, in scrape
2026-07-24 15:05:12.596 |     families, had_partial_error = future.result(timeout=target.scrape_timeout_seconds)
2026-07-24 15:05:12.596 |                                   ^^^^^^^^^^^^^^^^^^^^^^^^^^^^^^^^^^^^^^^^^^^^^^^^^^^^
2026-07-24 15:05:12.596 |   File "/usr/local/lib/python3.12/concurrent/futures/_base.py", line 456, in result
2026-07-24 15:05:12.596 |     return self.__get_result()
2026-07-24 15:05:12.596 |            ^^^^^^^^^^^^^^^^^^^
2026-07-24 15:05:12.596 |   File "/usr/local/lib/python3.12/concurrent/futures/_base.py", line 401, in __get_result
2026-07-24 15:05:12.596 |     raise self._exception
2026-07-24 15:05:12.596 |   File "/usr/local/lib/python3.12/concurrent/futures/thread.py", line 59, in run
2026-07-24 15:05:12.596 |     result = self.fn(*self.args, **self.kwargs)
2026-07-24 15:05:12.596 |              ^^^^^^^^^^^^^^^^^^^^^^^^^^^^^^^^^^
2026-07-24 15:05:12.596 |   File "/app/src/registry.py", line 69, in _do_scrape
2026-07-24 15:05:12.596 |     conn = adapter.get_connection()
2026-07-24 15:05:12.596 |            ^^^^^^^^^^^^^^^^^^^^^^^^
2026-07-24 15:05:12.596 |   File "/app/src/collectors/base.py", line 65, in get_connection
2026-07-24 15:05:12.596 |     self._conn = self.connect()
2026-07-24 15:05:12.596 |                  ^^^^^^^^^^^^^^
2026-07-24 15:05:12.596 |   File "/app/src/collectors/sqlserver.py", line 70, in connect
2026-07-24 15:05:12.596 |     conn = pymssql.connect(
2026-07-24 15:05:12.596 |            ^^^^^^^^^^^^^^^^
2026-07-24 15:05:12.596 |   File "src/pymssql/_pymssql.pyx", line 659, in pymssql._pymssql.connect
2026-07-24 15:05:12.596 | pymssql.exceptions.OperationalError: (20009, b'DB-Lib error message 20009, severity 9:\nUnable to connect: Adaptive Server is unavailable or does not exist (COSWINDE516D1)\n')
2026-07-24 15:05:12.596 | 2026-07-24 22:05:12,595 INFO 172.19.0.3 - "GET /metrics?target=hris-scl-engineering-db HTTP/1.1" 200 -
2026-07-24 15:05:16.781 | 2026-07-24 22:05:16,781 ERROR query 'size' failed for target 'hris-card-db'
2026-07-24 15:05:16.781 | Traceback (most recent call last):
2026-07-24 15:05:16.781 |   File "/app/src/collectors/base.py", line 52, in safe_collect_family
2026-07-24 15:05:16.781 |     result = builder()
2026-07-24 15:05:16.781 |              ^^^^^^^^^
2026-07-24 15:05:16.781 |   File "/app/src/collectors/postgres.py", line 94, in <lambda>
2026-07-24 15:05:16.781 |     ("size", lambda: self._size_family(cur)),
2026-07-24 15:05:16.781 |                      ^^^^^^^^^^^^^^^^^^^^^^
2026-07-24 15:05:16.781 |   File "/app/src/collectors/postgres.py", line 168, in _size_family
2026-07-24 15:05:16.781 |     cur.execute(_SIZE_SQL)
2026-07-24 15:05:16.781 |   File "/usr/local/lib/python3.12/site-packages/psycopg2/extras.py", line 146, in execute
2026-07-24 15:05:16.781 |     return super().execute(query, vars)
2026-07-24 15:05:16.781 |            ^^^^^^^^^^^^^^^^^^^^^^^^^^^^
2026-07-24 15:05:16.781 | psycopg2.errors.InsufficientPrivilege: permission denied for database rdsadmin
2026-07-24 15:05:16.781 | 
2026-07-24 15:05:16.782 | 2026-07-24 22:05:16,781 INFO 172.19.0.3 - "GET /metrics?target=hris-card-db HTTP/1.1" 200 -
2026-07-24 15:05:20.272 | 2026-07-24 22:05:20,272 INFO 127.0.0.1 - "GET /health HTTP/1.1" 200 -
2026-07-24 15:05:26.280 | 2026-07-24 22:05:26,279 ERROR query 'query_duration' failed for target 'hris-hims-db'
2026-07-24 15:05:26.280 | Traceback (most recent call last):
2026-07-24 15:05:26.280 |   File "/app/src/collectors/base.py", line 52, in safe_collect_family
2026-07-24 15:05:26.280 |     result = builder()
2026-07-24 15:05:26.280 |              ^^^^^^^^^
2026-07-24 15:05:26.280 |   File "/app/src/collectors/oracle.py", line 103, in <lambda>
2026-07-24 15:05:26.280 |     ("query_duration", lambda: self._query_duration_family(conn)),
2026-07-24 15:05:26.280 |                                ^^^^^^^^^^^^^^^^^^^^^^^^^^^^^^^^^
2026-07-24 15:05:26.280 |   File "/app/src/collectors/oracle.py", line 119, in _query_duration_family
2026-07-24 15:05:26.280 |     cur.execute(_QUERY_STATS_SQL)
2026-07-24 15:05:26.280 |   File "/usr/local/lib/python3.12/site-packages/oracledb/cursor.py", line 710, in execute
2026-07-24 15:05:26.280 |     impl.execute(self)
2026-07-24 15:05:26.280 |   File "src/oracledb/impl/thin/cursor.pyx", line 196, in oracledb.thin_impl.ThinCursorImpl.execute
2026-07-24 15:05:26.280 |   File "src/oracledb/impl/thin/protocol.pyx", line 440, in oracledb.thin_impl.Protocol._process_single_message
2026-07-24 15:05:26.280 |   File "src/oracledb/impl/thin/protocol.pyx", line 441, in oracledb.thin_impl.Protocol._process_single_message
2026-07-24 15:05:26.280 |   File "src/oracledb/impl/thin/protocol.pyx", line 433, in oracledb.thin_impl.Protocol._process_message
2026-07-24 15:05:26.280 |   File "src/oracledb/impl/thin/messages.pyx", line 74, in oracledb.thin_impl.Message._check_and_raise_exception
2026-07-24 15:05:26.280 | oracledb.exceptions.DatabaseError: ORA-00942: table or view does not exist
2026-07-24 15:05:26.280 | Help: https://docs.oracle.com/error-help/db/ora-00942/
2026-07-24 15:05:26.385 | 2026-07-24 22:05:26,384 INFO 172.19.0.3 - "GET /metrics?target=hris-hims-db HTTP/1.1" 200 -
2026-07-24 15:05:27.598 | 2026-07-24 22:05:27,598 ERROR scrape of target 'hris-scl-engineering-db' failed
2026-07-24 15:05:27.598 | Traceback (most recent call last):
2026-07-24 15:05:27.598 |   File "src/pymssql/_pymssql.pyx", line 650, in pymssql._pymssql.connect
2026-07-24 15:05:27.598 |   File "src/pymssql/_mssql.pyx", line 2158, in pymssql._mssql.connect
2026-07-24 15:05:27.598 |   File "src/pymssql/_mssql.pyx", line 712, in pymssql._mssql.MSSQLConnection.__init__
2026-07-24 15:05:27.598 |   File "src/pymssql/_mssql.pyx", line 1884, in pymssql._mssql.maybe_raise_MSSQLDatabaseException
2026-07-24 15:05:27.598 |   File "src/pymssql/_mssql.pyx", line 1901, in pymssql._mssql.raise_MSSQLDatabaseException
2026-07-24 15:05:27.598 | pymssql._mssql.MSSQLDatabaseException: (20009, b'DB-Lib error message 20009, severity 9:\nUnable to connect: Adaptive Server is unavailable or does not exist (COSWINDE516D1)\n')
2026-07-24 15:05:27.598 | 
2026-07-24 15:05:27.598 | During handling of the above exception, another exception occurred:
2026-07-24 15:05:27.598 | 
2026-07-24 15:05:27.598 | Traceback (most recent call last):
2026-07-24 15:05:27.598 |   File "/app/src/registry.py", line 74, in scrape
2026-07-24 15:05:27.598 |     families, had_partial_error = future.result(timeout=target.scrape_timeout_seconds)
2026-07-24 15:05:27.598 |                                   ^^^^^^^^^^^^^^^^^^^^^^^^^^^^^^^^^^^^^^^^^^^^^^^^^^^^
2026-07-24 15:05:27.598 |   File "/usr/local/lib/python3.12/concurrent/futures/_base.py", line 456, in result
2026-07-24 15:05:27.598 |     return self.__get_result()
2026-07-24 15:05:27.598 |            ^^^^^^^^^^^^^^^^^^^
2026-07-24 15:05:27.598 |   File "/usr/local/lib/python3.12/concurrent/futures/_base.py", line 401, in __get_result
2026-07-24 15:05:27.598 |     raise self._exception
2026-07-24 15:05:27.598 |   File "/usr/local/lib/python3.12/concurrent/futures/thread.py", line 59, in run
2026-07-24 15:05:27.598 |     result = self.fn(*self.args, **self.kwargs)
2026-07-24 15:05:27.598 |              ^^^^^^^^^^^^^^^^^^^^^^^^^^^^^^^^^^
2026-07-24 15:05:27.598 |   File "/app/src/registry.py", line 69, in _do_scrape
2026-07-24 15:05:27.598 |     conn = adapter.get_connection()
2026-07-24 15:05:27.598 |            ^^^^^^^^^^^^^^^^^^^^^^^^
2026-07-24 15:05:27.598 |   File "/app/src/collectors/base.py", line 65, in get_connection
2026-07-24 15:05:27.598 |     self._conn = self.connect()
2026-07-24 15:05:27.598 |                  ^^^^^^^^^^^^^^
2026-07-24 15:05:27.598 |   File "/app/src/collectors/sqlserver.py", line 70, in connect
2026-07-24 15:05:27.598 |     conn = pymssql.connect(
2026-07-24 15:05:27.598 |            ^^^^^^^^^^^^^^^^
2026-07-24 15:05:27.598 |   File "src/pymssql/_pymssql.pyx", line 659, in pymssql._pymssql.connect
2026-07-24 15:05:27.598 | pymssql.exceptions.OperationalError: (20009, b'DB-Lib error message 20009, severity 9:\nUnable to connect: Adaptive Server is unavailable or does not exist (COSWINDE516D1)\n')
2026-07-24 15:05:27.599 | 2026-07-24 22:05:27,598 INFO 172.19.0.3 - "GET /metrics?target=hris-scl-engineering-db HTTP/1.1" 200 -
2026-07-24 15:05:31.803 | 2026-07-24 22:05:31,802 ERROR query 'size' failed for target 'hris-card-db'
2026-07-24 15:05:31.803 | Traceback (most recent call last):
2026-07-24 15:05:31.803 |   File "/app/src/collectors/base.py", line 52, in safe_collect_family
2026-07-24 15:05:31.803 |     result = builder()
2026-07-24 15:05:31.803 |              ^^^^^^^^^
2026-07-24 15:05:31.803 |   File "/app/src/collectors/postgres.py", line 94, in <lambda>
2026-07-24 15:05:31.803 |     ("size", lambda: self._size_family(cur)),
2026-07-24 15:05:31.803 |                      ^^^^^^^^^^^^^^^^^^^^^^
2026-07-24 15:05:31.803 |   File "/app/src/collectors/postgres.py", line 168, in _size_family
2026-07-24 15:05:31.803 |     cur.execute(_SIZE_SQL)
2026-07-24 15:05:31.803 |   File "/usr/local/lib/python3.12/site-packages/psycopg2/extras.py", line 146, in execute
2026-07-24 15:05:31.803 |     return super().execute(query, vars)
2026-07-24 15:05:31.803 |            ^^^^^^^^^^^^^^^^^^^^^^^^^^^^
2026-07-24 15:05:31.803 | psycopg2.errors.InsufficientPrivilege: permission denied for database rdsadmin
2026-07-24 15:05:31.803 | 
2026-07-24 15:05:31.803 | 2026-07-24 22:05:31,803 INFO 172.19.0.3 - "GET /metrics?target=hris-card-db HTTP/1.1" 200 -
2026-07-24 15:05:41.279 | 2026-07-24 22:05:41,278 ERROR query 'query_duration' failed for target 'hris-hims-db'
2026-07-24 15:05:41.279 | Traceback (most recent call last):
2026-07-24 15:05:41.279 |   File "/app/src/collectors/base.py", line 52, in safe_collect_family
2026-07-24 15:05:41.279 |     result = builder()
2026-07-24 15:05:41.279 |              ^^^^^^^^^
2026-07-24 15:05:41.279 |   File "/app/src/collectors/oracle.py", line 103, in <lambda>
2026-07-24 15:05:41.279 |     ("query_duration", lambda: self._query_duration_family(conn)),
2026-07-24 15:05:41.279 |                                ^^^^^^^^^^^^^^^^^^^^^^^^^^^^^^^^^
2026-07-24 15:05:41.279 |   File "/app/src/collectors/oracle.py", line 119, in _query_duration_family
2026-07-24 15:05:41.279 |     cur.execute(_QUERY_STATS_SQL)
2026-07-24 15:05:41.279 |   File "/usr/local/lib/python3.12/site-packages/oracledb/cursor.py", line 710, in execute
2026-07-24 15:05:41.279 |     impl.execute(self)
2026-07-24 15:05:41.279 |   File "src/oracledb/impl/thin/cursor.pyx", line 196, in oracledb.thin_impl.ThinCursorImpl.execute
2026-07-24 15:05:41.279 |   File "src/oracledb/impl/thin/protocol.pyx", line 440, in oracledb.thin_impl.Protocol._process_single_message
2026-07-24 15:05:41.279 |   File "src/oracledb/impl/thin/protocol.pyx", line 441, in oracledb.thin_impl.Protocol._process_single_message
2026-07-24 15:05:41.279 |   File "src/oracledb/impl/thin/protocol.pyx", line 433, in oracledb.thin_impl.Protocol._process_message
2026-07-24 15:05:41.279 |   File "src/oracledb/impl/thin/messages.pyx", line 74, in oracledb.thin_impl.Message._check_and_raise_exception
2026-07-24 15:05:41.279 | oracledb.exceptions.DatabaseError: ORA-00942: table or view does not exist
2026-07-24 15:05:41.279 | Help: https://docs.oracle.com/error-help/db/ora-00942/
2026-07-24 15:05:41.358 | 2026-07-24 22:05:41,358 INFO 172.19.0.3 - "GET /metrics?target=hris-hims-db HTTP/1.1" 200 -
2026-07-24 15:05:42.596 | 2026-07-24 22:05:42,595 ERROR scrape of target 'hris-scl-engineering-db' failed
2026-07-24 15:05:42.596 | Traceback (most recent call last):
2026-07-24 15:05:42.596 |   File "src/pymssql/_pymssql.pyx", line 650, in pymssql._pymssql.connect
2026-07-24 15:05:42.596 |   File "src/pymssql/_mssql.pyx", line 2158, in pymssql._mssql.connect
2026-07-24 15:05:42.596 |   File "src/pymssql/_mssql.pyx", line 712, in pymssql._mssql.MSSQLConnection.__init__
2026-07-24 15:05:42.596 |   File "src/pymssql/_mssql.pyx", line 1884, in pymssql._mssql.maybe_raise_MSSQLDatabaseException
2026-07-24 15:05:42.596 |   File "src/pymssql/_mssql.pyx", line 1901, in pymssql._mssql.raise_MSSQLDatabaseException
2026-07-24 15:05:42.596 | pymssql._mssql.MSSQLDatabaseException: (20009, b'DB-Lib error message 20009, severity 9:\nUnable to connect: Adaptive Server is unavailable or does not exist (COSWINDE516D1)\n')
2026-07-24 15:05:42.596 | 
2026-07-24 15:05:42.596 | During handling of the above exception, another exception occurred:
2026-07-24 15:05:42.596 | 
2026-07-24 15:05:42.596 | Traceback (most recent call last):
2026-07-24 15:05:42.596 |   File "/app/src/registry.py", line 74, in scrape
2026-07-24 15:05:42.596 |     families, had_partial_error = future.result(timeout=target.scrape_timeout_seconds)
2026-07-24 15:05:42.596 |                                   ^^^^^^^^^^^^^^^^^^^^^^^^^^^^^^^^^^^^^^^^^^^^^^^^^^^^
2026-07-24 15:05:42.596 |   File "/usr/local/lib/python3.12/concurrent/futures/_base.py", line 456, in result
2026-07-24 15:05:42.596 |     return self.__get_result()
2026-07-24 15:05:42.596 |            ^^^^^^^^^^^^^^^^^^^
2026-07-24 15:05:42.596 |   File "/usr/local/lib/python3.12/concurrent/futures/_base.py", line 401, in __get_result
2026-07-24 15:05:42.596 |     raise self._exception
2026-07-24 15:05:42.596 |   File "/usr/local/lib/python3.12/concurrent/futures/thread.py", line 59, in run
2026-07-24 15:05:42.596 |     result = self.fn(*self.args, **self.kwargs)
2026-07-24 15:05:42.596 |              ^^^^^^^^^^^^^^^^^^^^^^^^^^^^^^^^^^
2026-07-24 15:05:42.596 |   File "/app/src/registry.py", line 69, in _do_scrape
2026-07-24 15:05:42.596 |     conn = adapter.get_connection()
2026-07-24 15:05:42.596 |            ^^^^^^^^^^^^^^^^^^^^^^^^
2026-07-24 15:05:42.596 |   File "/app/src/collectors/base.py", line 65, in get_connection
2026-07-24 15:05:42.596 |     self._conn = self.connect()
2026-07-24 15:05:42.596 |                  ^^^^^^^^^^^^^^
2026-07-24 15:05:42.596 |   File "/app/src/collectors/sqlserver.py", line 70, in connect
2026-07-24 15:05:42.596 |     conn = pymssql.connect(
2026-07-24 15:05:42.596 |            ^^^^^^^^^^^^^^^^
2026-07-24 15:05:42.596 |   File "src/pymssql/_pymssql.pyx", line 659, in pymssql._pymssql.connect
2026-07-24 15:05:42.596 | pymssql.exceptions.OperationalError: (20009, b'DB-Lib error message 20009, severity 9:\nUnable to connect: Adaptive Server is unavailable or does not exist (COSWINDE516D1)\n')
2026-07-24 15:05:42.596 | 2026-07-24 22:05:42,596 INFO 172.19.0.3 - "GET /metrics?target=hris-scl-engineering-db HTTP/1.1" 200 -
2026-07-24 15:05:46.793 | 2026-07-24 22:05:46,792 ERROR query 'size' failed for target 'hris-card-db'
2026-07-24 15:05:46.793 | Traceback (most recent call last):
2026-07-24 15:05:46.793 |   File "/app/src/collectors/base.py", line 52, in safe_collect_family
2026-07-24 15:05:46.793 |     result = builder()
2026-07-24 15:05:46.793 |              ^^^^^^^^^
2026-07-24 15:05:46.793 |   File "/app/src/collectors/postgres.py", line 94, in <lambda>
2026-07-24 15:05:46.793 |     ("size", lambda: self._size_family(cur)),
2026-07-24 15:05:46.793 |                      ^^^^^^^^^^^^^^^^^^^^^^
2026-07-24 15:05:46.793 |   File "/app/src/collectors/postgres.py", line 168, in _size_family
2026-07-24 15:05:46.793 |     cur.execute(_SIZE_SQL)
2026-07-24 15:05:46.793 |   File "/usr/local/lib/python3.12/site-packages/psycopg2/extras.py", line 146, in execute
2026-07-24 15:05:46.793 |     return super().execute(query, vars)
2026-07-24 15:05:46.793 |            ^^^^^^^^^^^^^^^^^^^^^^^^^^^^
2026-07-24 15:05:46.793 | psycopg2.errors.InsufficientPrivilege: permission denied for database rdsadmin
2026-07-24 15:05:46.793 | 
2026-07-24 15:05:46.793 | 2026-07-24 22:05:46,793 INFO 172.19.0.3 - "GET /metrics?target=hris-card-db HTTP/1.1" 200 -
2026-07-24 15:05:50.391 | 2026-07-24 22:05:50,391 INFO 127.0.0.1 - "GET /health HTTP/1.1" 200 -
2026-07-24 15:05:56.280 | 2026-07-24 22:05:56,279 ERROR query 'query_duration' failed for target 'hris-hims-db'
2026-07-24 15:05:56.280 | Traceback (most recent call last):
2026-07-24 15:05:56.280 |   File "/app/src/collectors/base.py", line 52, in safe_collect_family
2026-07-24 15:05:56.280 |     result = builder()
2026-07-24 15:05:56.280 |              ^^^^^^^^^
2026-07-24 15:05:56.280 |   File "/app/src/collectors/oracle.py", line 103, in <lambda>
2026-07-24 15:05:56.280 |     ("query_duration", lambda: self._query_duration_family(conn)),
2026-07-24 15:05:56.280 |                                ^^^^^^^^^^^^^^^^^^^^^^^^^^^^^^^^^
2026-07-24 15:05:56.280 |   File "/app/src/collectors/oracle.py", line 119, in _query_duration_family
2026-07-24 15:05:56.280 |     cur.execute(_QUERY_STATS_SQL)
2026-07-24 15:05:56.280 |   File "/usr/local/lib/python3.12/site-packages/oracledb/cursor.py", line 710, in execute
2026-07-24 15:05:56.280 |     impl.execute(self)
2026-07-24 15:05:56.280 |   File "src/oracledb/impl/thin/cursor.pyx", line 196, in oracledb.thin_impl.ThinCursorImpl.execute
2026-07-24 15:05:56.280 |   File "src/oracledb/impl/thin/protocol.pyx", line 440, in oracledb.thin_impl.Protocol._process_single_message
2026-07-24 15:05:56.280 |   File "src/oracledb/impl/thin/protocol.pyx", line 441, in oracledb.thin_impl.Protocol._process_single_message
2026-07-24 15:05:56.280 |   File "src/oracledb/impl/thin/protocol.pyx", line 433, in oracledb.thin_impl.Protocol._process_message
2026-07-24 15:05:56.280 |   File "src/oracledb/impl/thin/messages.pyx", line 74, in oracledb.thin_impl.Message._check_and_raise_exception
2026-07-24 15:05:56.280 | oracledb.exceptions.DatabaseError: ORA-00942: table or view does not exist
2026-07-24 15:05:56.280 | Help: https://docs.oracle.com/error-help/db/ora-00942/
2026-07-24 15:05:56.354 | 2026-07-24 22:05:56,354 INFO 172.19.0.3 - "GET /metrics?target=hris-hims-db HTTP/1.1" 200 -
2026-07-24 15:05:57.598 | 2026-07-24 22:05:57,597 ERROR scrape of target 'hris-scl-engineering-db' failed
2026-07-24 15:05:57.598 | Traceback (most recent call last):
2026-07-24 15:05:57.598 |   File "src/pymssql/_pymssql.pyx", line 650, in pymssql._pymssql.connect
2026-07-24 15:05:57.598 |   File "src/pymssql/_mssql.pyx", line 2158, in pymssql._mssql.connect
2026-07-24 15:05:57.598 |   File "src/pymssql/_mssql.pyx", line 712, in pymssql._mssql.MSSQLConnection.__init__
2026-07-24 15:05:57.598 |   File "src/pymssql/_mssql.pyx", line 1884, in pymssql._mssql.maybe_raise_MSSQLDatabaseException
2026-07-24 15:05:57.598 |   File "src/pymssql/_mssql.pyx", line 1901, in pymssql._mssql.raise_MSSQLDatabaseException
2026-07-24 15:05:57.598 | pymssql._mssql.MSSQLDatabaseException: (20009, b'DB-Lib error message 20009, severity 9:\nUnable to connect: Adaptive Server is unavailable or does not exist (COSWINDE516D1)\n')
2026-07-24 15:05:57.598 | 
2026-07-24 15:05:57.598 | During handling of the above exception, another exception occurred:
2026-07-24 15:05:57.598 | 
2026-07-24 15:05:57.598 | Traceback (most recent call last):
2026-07-24 15:05:57.598 |   File "/app/src/registry.py", line 74, in scrape
2026-07-24 15:05:57.598 |     families, had_partial_error = future.result(timeout=target.scrape_timeout_seconds)
2026-07-24 15:05:57.598 |                                   ^^^^^^^^^^^^^^^^^^^^^^^^^^^^^^^^^^^^^^^^^^^^^^^^^^^^
2026-07-24 15:05:57.598 |   File "/usr/local/lib/python3.12/concurrent/futures/_base.py", line 456, in result
2026-07-24 15:05:57.598 |     return self.__get_result()
2026-07-24 15:05:57.598 |            ^^^^^^^^^^^^^^^^^^^
2026-07-24 15:05:57.598 |   File "/usr/local/lib/python3.12/concurrent/futures/_base.py", line 401, in __get_result
2026-07-24 15:05:57.598 |     raise self._exception
2026-07-24 15:05:57.598 |   File "/usr/local/lib/python3.12/concurrent/futures/thread.py", line 59, in run
2026-07-24 15:05:57.598 |     result = self.fn(*self.args, **self.kwargs)
2026-07-24 15:05:57.598 |              ^^^^^^^^^^^^^^^^^^^^^^^^^^^^^^^^^^
2026-07-24 15:05:57.598 |   File "/app/src/registry.py", line 69, in _do_scrape
2026-07-24 15:05:57.598 |     conn = adapter.get_connection()
2026-07-24 15:05:57.598 |            ^^^^^^^^^^^^^^^^^^^^^^^^
2026-07-24 15:05:57.598 |   File "/app/src/collectors/base.py", line 65, in get_connection
2026-07-24 15:05:57.598 |     self._conn = self.connect()
2026-07-24 15:05:57.598 |                  ^^^^^^^^^^^^^^
2026-07-24 15:05:57.598 |   File "/app/src/collectors/sqlserver.py", line 70, in connect
2026-07-24 15:05:57.598 |     conn = pymssql.connect(
2026-07-24 15:05:57.598 |            ^^^^^^^^^^^^^^^^
2026-07-24 15:05:57.598 |   File "src/pymssql/_pymssql.pyx", line 659, in pymssql._pymssql.connect
2026-07-24 15:05:57.598 | pymssql.exceptions.OperationalError: (20009, b'DB-Lib error message 20009, severity 9:\nUnable to connect: Adaptive Server is unavailable or does not exist (COSWINDE516D1)\n')
2026-07-24 15:05:57.598 | 2026-07-24 22:05:57,597 INFO 172.19.0.3 - "GET /metrics?target=hris-scl-engineering-db HTTP/1.1" 200 -
2026-07-24 15:06:01.822 | 2026-07-24 22:06:01,821 ERROR query 'size' failed for target 'hris-card-db'
2026-07-24 15:06:01.822 | Traceback (most recent call last):
2026-07-24 15:06:01.822 |   File "/app/src/collectors/base.py", line 52, in safe_collect_family
2026-07-24 15:06:01.822 |     result = builder()
2026-07-24 15:06:01.822 |              ^^^^^^^^^
2026-07-24 15:06:01.822 |   File "/app/src/collectors/postgres.py", line 94, in <lambda>
2026-07-24 15:06:01.822 |     ("size", lambda: self._size_family(cur)),
2026-07-24 15:06:01.822 |                      ^^^^^^^^^^^^^^^^^^^^^^
2026-07-24 15:06:01.822 |   File "/app/src/collectors/postgres.py", line 168, in _size_family
2026-07-24 15:06:01.822 |     cur.execute(_SIZE_SQL)
2026-07-24 15:06:01.822 |   File "/usr/local/lib/python3.12/site-packages/psycopg2/extras.py", line 146, in execute
2026-07-24 15:06:01.822 |     return super().execute(query, vars)
2026-07-24 15:06:01.822 |            ^^^^^^^^^^^^^^^^^^^^^^^^^^^^
2026-07-24 15:06:01.822 | psycopg2.errors.InsufficientPrivilege: permission denied for database rdsadmin
2026-07-24 15:06:01.822 | 
2026-07-24 15:06:01.822 | 2026-07-24 22:06:01,822 INFO 172.19.0.3 - "GET /metrics?target=hris-card-db HTTP/1.1" 200 -
2026-07-24 15:06:11.276 | 2026-07-24 22:06:11,276 ERROR query 'query_duration' failed for target 'hris-hims-db'
2026-07-24 15:06:11.276 | Traceback (most recent call last):
2026-07-24 15:06:11.276 |   File "/app/src/collectors/base.py", line 52, in safe_collect_family
2026-07-24 15:06:11.276 |     result = builder()
2026-07-24 15:06:11.276 |              ^^^^^^^^^
2026-07-24 15:06:11.276 |   File "/app/src/collectors/oracle.py", line 103, in <lambda>
2026-07-24 15:06:11.276 |     ("query_duration", lambda: self._query_duration_family(conn)),
2026-07-24 15:06:11.276 |                                ^^^^^^^^^^^^^^^^^^^^^^^^^^^^^^^^^
2026-07-24 15:06:11.276 |   File "/app/src/collectors/oracle.py", line 119, in _query_duration_family
2026-07-24 15:06:11.276 |     cur.execute(_QUERY_STATS_SQL)
2026-07-24 15:06:11.276 |   File "/usr/local/lib/python3.12/site-packages/oracledb/cursor.py", line 710, in execute
2026-07-24 15:06:11.276 |     impl.execute(self)
2026-07-24 15:06:11.276 |   File "src/oracledb/impl/thin/cursor.pyx", line 196, in oracledb.thin_impl.ThinCursorImpl.execute
2026-07-24 15:06:11.276 |   File "src/oracledb/impl/thin/protocol.pyx", line 440, in oracledb.thin_impl.Protocol._process_single_message
2026-07-24 15:06:11.276 |   File "src/oracledb/impl/thin/protocol.pyx", line 441, in oracledb.thin_impl.Protocol._process_single_message
2026-07-24 15:06:11.276 |   File "src/oracledb/impl/thin/protocol.pyx", line 433, in oracledb.thin_impl.Protocol._process_message
2026-07-24 15:06:11.276 |   File "src/oracledb/impl/thin/messages.pyx", line 74, in oracledb.thin_impl.Message._check_and_raise_exception
2026-07-24 15:06:11.276 | oracledb.exceptions.DatabaseError: ORA-00942: table or view does not exist
2026-07-24 15:06:11.276 | Help: https://docs.oracle.com/error-help/db/ora-00942/
2026-07-24 15:06:11.367 | 2026-07-24 22:06:11,366 INFO 172.19.0.3 - "GET /metrics?target=hris-hims-db HTTP/1.1" 200 -
2026-07-24 15:06:12.595 | 2026-07-24 22:06:12,594 ERROR scrape of target 'hris-scl-engineering-db' failed
2026-07-24 15:06:12.595 | Traceback (most recent call last):
2026-07-24 15:06:12.595 |   File "src/pymssql/_pymssql.pyx", line 650, in pymssql._pymssql.connect
2026-07-24 15:06:12.595 |   File "src/pymssql/_mssql.pyx", line 2158, in pymssql._mssql.connect
2026-07-24 15:06:12.595 |   File "src/pymssql/_mssql.pyx", line 712, in pymssql._mssql.MSSQLConnection.__init__
2026-07-24 15:06:12.595 |   File "src/pymssql/_mssql.pyx", line 1884, in pymssql._mssql.maybe_raise_MSSQLDatabaseException
2026-07-24 15:06:12.595 |   File "src/pymssql/_mssql.pyx", line 1901, in pymssql._mssql.raise_MSSQLDatabaseException
2026-07-24 15:06:12.595 | pymssql._mssql.MSSQLDatabaseException: (20009, b'DB-Lib error message 20009, severity 9:\nUnable to connect: Adaptive Server is unavailable or does not exist (COSWINDE516D1)\n')
2026-07-24 15:06:12.595 | 
2026-07-24 15:06:12.595 | During handling of the above exception, another exception occurred:
2026-07-24 15:06:12.595 | 
2026-07-24 15:06:12.595 | Traceback (most recent call last):
2026-07-24 15:06:12.595 |   File "/app/src/registry.py", line 74, in scrape
2026-07-24 15:06:12.595 |     families, had_partial_error = future.result(timeout=target.scrape_timeout_seconds)
2026-07-24 15:06:12.595 |                                   ^^^^^^^^^^^^^^^^^^^^^^^^^^^^^^^^^^^^^^^^^^^^^^^^^^^^
2026-07-24 15:06:12.595 |   File "/usr/local/lib/python3.12/concurrent/futures/_base.py", line 456, in result
2026-07-24 15:06:12.595 |     return self.__get_result()
2026-07-24 15:06:12.595 |            ^^^^^^^^^^^^^^^^^^^
2026-07-24 15:06:12.595 |   File "/usr/local/lib/python3.12/concurrent/futures/_base.py", line 401, in __get_result
2026-07-24 15:06:12.595 |     raise self._exception
2026-07-24 15:06:12.595 |   File "/usr/local/lib/python3.12/concurrent/futures/thread.py", line 59, in run
2026-07-24 15:06:12.595 |     result = self.fn(*self.args, **self.kwargs)
2026-07-24 15:06:12.595 |              ^^^^^^^^^^^^^^^^^^^^^^^^^^^^^^^^^^
2026-07-24 15:06:12.595 |   File "/app/src/registry.py", line 69, in _do_scrape
2026-07-24 15:06:12.595 |     conn = adapter.get_connection()
2026-07-24 15:06:12.595 |            ^^^^^^^^^^^^^^^^^^^^^^^^
2026-07-24 15:06:12.595 |   File "/app/src/collectors/base.py", line 65, in get_connection
2026-07-24 15:06:12.595 |     self._conn = self.connect()
2026-07-24 15:06:12.595 |                  ^^^^^^^^^^^^^^
2026-07-24 15:06:12.595 |   File "/app/src/collectors/sqlserver.py", line 70, in connect
2026-07-24 15:06:12.595 |     conn = pymssql.connect(
2026-07-24 15:06:12.595 |            ^^^^^^^^^^^^^^^^
2026-07-24 15:06:12.595 |   File "src/pymssql/_pymssql.pyx", line 659, in pymssql._pymssql.connect
2026-07-24 15:06:12.595 | pymssql.exceptions.OperationalError: (20009, b'DB-Lib error message 20009, severity 9:\nUnable to connect: Adaptive Server is unavailable or does not exist (COSWINDE516D1)\n')
2026-07-24 15:06:12.595 | 2026-07-24 22:06:12,595 INFO 172.19.0.3 - "GET /metrics?target=hris-scl-engineering-db HTTP/1.1" 200 -
2026-07-24 15:06:16.794 | 2026-07-24 22:06:16,794 ERROR query 'size' failed for target 'hris-card-db'
2026-07-24 15:06:16.794 | Traceback (most recent call last):
2026-07-24 15:06:16.794 |   File "/app/src/collectors/base.py", line 52, in safe_collect_family
2026-07-24 15:06:16.794 |     result = builder()
2026-07-24 15:06:16.794 |              ^^^^^^^^^
2026-07-24 15:06:16.794 |   File "/app/src/collectors/postgres.py", line 94, in <lambda>
2026-07-24 15:06:16.794 |     ("size", lambda: self._size_family(cur)),
2026-07-24 15:06:16.794 |                      ^^^^^^^^^^^^^^^^^^^^^^
2026-07-24 15:06:16.794 |   File "/app/src/collectors/postgres.py", line 168, in _size_family
2026-07-24 15:06:16.794 |     cur.execute(_SIZE_SQL)
2026-07-24 15:06:16.794 |   File "/usr/local/lib/python3.12/site-packages/psycopg2/extras.py", line 146, in execute
2026-07-24 15:06:16.794 |     return super().execute(query, vars)
2026-07-24 15:06:16.794 |            ^^^^^^^^^^^^^^^^^^^^^^^^^^^^
2026-07-24 15:06:16.794 | psycopg2.errors.InsufficientPrivilege: permission denied for database rdsadmin
2026-07-24 15:06:16.794 | 
2026-07-24 15:06:16.795 | 2026-07-24 22:06:16,794 INFO 172.19.0.3 - "GET /metrics?target=hris-card-db HTTP/1.1" 200 -
2026-07-24 15:06:20.511 | 2026-07-24 22:06:20,511 INFO 127.0.0.1 - "GET /health HTTP/1.1" 200 -
2026-07-24 15:06:26.280 | 2026-07-24 22:06:26,279 ERROR query 'query_duration' failed for target 'hris-hims-db'
2026-07-24 15:06:26.280 | Traceback (most recent call last):
2026-07-24 15:06:26.280 |   File "/app/src/collectors/base.py", line 52, in safe_collect_family
2026-07-24 15:06:26.280 |     result = builder()
2026-07-24 15:06:26.280 |              ^^^^^^^^^
2026-07-24 15:06:26.280 |   File "/app/src/collectors/oracle.py", line 103, in <lambda>
2026-07-24 15:06:26.280 |     ("query_duration", lambda: self._query_duration_family(conn)),
2026-07-24 15:06:26.280 |                                ^^^^^^^^^^^^^^^^^^^^^^^^^^^^^^^^^
2026-07-24 15:06:26.280 |   File "/app/src/collectors/oracle.py", line 119, in _query_duration_family
2026-07-24 15:06:26.280 |     cur.execute(_QUERY_STATS_SQL)
2026-07-24 15:06:26.280 |   File "/usr/local/lib/python3.12/site-packages/oracledb/cursor.py", line 710, in execute
2026-07-24 15:06:26.280 |     impl.execute(self)
2026-07-24 15:06:26.280 |   File "src/oracledb/impl/thin/cursor.pyx", line 196, in oracledb.thin_impl.ThinCursorImpl.execute
2026-07-24 15:06:26.280 |   File "src/oracledb/impl/thin/protocol.pyx", line 440, in oracledb.thin_impl.Protocol._process_single_message
2026-07-24 15:06:26.280 |   File "src/oracledb/impl/thin/protocol.pyx", line 441, in oracledb.thin_impl.Protocol._process_single_message
2026-07-24 15:06:26.280 |   File "src/oracledb/impl/thin/protocol.pyx", line 433, in oracledb.thin_impl.Protocol._process_message
2026-07-24 15:06:26.280 |   File "src/oracledb/impl/thin/messages.pyx", line 74, in oracledb.thin_impl.Message._check_and_raise_exception
2026-07-24 15:06:26.280 | oracledb.exceptions.DatabaseError: ORA-00942: table or view does not exist
2026-07-24 15:06:26.280 | Help: https://docs.oracle.com/error-help/db/ora-00942/
2026-07-24 15:06:26.356 | 2026-07-24 22:06:26,355 INFO 172.19.0.3 - "GET /metrics?target=hris-hims-db HTTP/1.1" 200 -
2026-07-24 15:06:27.597 | 2026-07-24 22:06:27,596 ERROR scrape of target 'hris-scl-engineering-db' failed
2026-07-24 15:06:27.597 | Traceback (most recent call last):
2026-07-24 15:06:27.597 |   File "src/pymssql/_pymssql.pyx", line 650, in pymssql._pymssql.connect
2026-07-24 15:06:27.597 |   File "src/pymssql/_mssql.pyx", line 2158, in pymssql._mssql.connect
2026-07-24 15:06:27.597 |   File "src/pymssql/_mssql.pyx", line 712, in pymssql._mssql.MSSQLConnection.__init__
2026-07-24 15:06:27.597 |   File "src/pymssql/_mssql.pyx", line 1884, in pymssql._mssql.maybe_raise_MSSQLDatabaseException
2026-07-24 15:06:27.597 |   File "src/pymssql/_mssql.pyx", line 1901, in pymssql._mssql.raise_MSSQLDatabaseException
2026-07-24 15:06:27.597 | pymssql._mssql.MSSQLDatabaseException: (20009, b'DB-Lib error message 20009, severity 9:\nUnable to connect: Adaptive Server is unavailable or does not exist (COSWINDE516D1)\n')
2026-07-24 15:06:27.597 | 
2026-07-24 15:06:27.597 | During handling of the above exception, another exception occurred:
2026-07-24 15:06:27.597 | 
2026-07-24 15:06:27.597 | Traceback (most recent call last):
2026-07-24 15:06:27.597 |   File "/app/src/registry.py", line 74, in scrape
2026-07-24 15:06:27.597 |     families, had_partial_error = future.result(timeout=target.scrape_timeout_seconds)
2026-07-24 15:06:27.597 |                                   ^^^^^^^^^^^^^^^^^^^^^^^^^^^^^^^^^^^^^^^^^^^^^^^^^^^^
2026-07-24 15:06:27.597 |   File "/usr/local/lib/python3.12/concurrent/futures/_base.py", line 456, in result
2026-07-24 15:06:27.597 |     return self.__get_result()
2026-07-24 15:06:27.597 |            ^^^^^^^^^^^^^^^^^^^
2026-07-24 15:06:27.597 |   File "/usr/local/lib/python3.12/concurrent/futures/_base.py", line 401, in __get_result
2026-07-24 15:06:27.597 |     raise self._exception
2026-07-24 15:06:27.597 |   File "/usr/local/lib/python3.12/concurrent/futures/thread.py", line 59, in run
2026-07-24 15:06:27.597 |     result = self.fn(*self.args, **self.kwargs)
2026-07-24 15:06:27.597 |              ^^^^^^^^^^^^^^^^^^^^^^^^^^^^^^^^^^
2026-07-24 15:06:27.597 |   File "/app/src/registry.py", line 69, in _do_scrape
2026-07-24 15:06:27.597 |     conn = adapter.get_connection()
2026-07-24 15:06:27.597 |            ^^^^^^^^^^^^^^^^^^^^^^^^
2026-07-24 15:06:27.597 |   File "/app/src/collectors/base.py", line 65, in get_connection
2026-07-24 15:06:27.597 |     self._conn = self.connect()
2026-07-24 15:06:27.597 |                  ^^^^^^^^^^^^^^
2026-07-24 15:06:27.597 |   File "/app/src/collectors/sqlserver.py", line 70, in connect
2026-07-24 15:06:27.597 |     conn = pymssql.connect(
2026-07-24 15:06:27.597 |            ^^^^^^^^^^^^^^^^
2026-07-24 15:06:27.597 |   File "src/pymssql/_pymssql.pyx", line 659, in pymssql._pymssql.connect
2026-07-24 15:06:27.597 | pymssql.exceptions.OperationalError: (20009, b'DB-Lib error message 20009, severity 9:\nUnable to connect: Adaptive Server is unavailable or does not exist (COSWINDE516D1)\n')
2026-07-24 15:06:27.597 | 2026-07-24 22:06:27,597 INFO 172.19.0.3 - "GET /metrics?target=hris-scl-engineering-db HTTP/1.1" 200 -
2026-07-24 15:06:31.795 | 2026-07-24 22:06:31,794 ERROR query 'size' failed for target 'hris-card-db'
2026-07-24 15:06:31.795 | Traceback (most recent call last):
2026-07-24 15:06:31.795 |   File "/app/src/collectors/base.py", line 52, in safe_collect_family
2026-07-24 15:06:31.795 |     result = builder()
2026-07-24 15:06:31.795 |              ^^^^^^^^^
2026-07-24 15:06:31.795 |   File "/app/src/collectors/postgres.py", line 94, in <lambda>
2026-07-24 15:06:31.795 |     ("size", lambda: self._size_family(cur)),
2026-07-24 15:06:31.795 |                      ^^^^^^^^^^^^^^^^^^^^^^
2026-07-24 15:06:31.795 |   File "/app/src/collectors/postgres.py", line 168, in _size_family
2026-07-24 15:06:31.795 |     cur.execute(_SIZE_SQL)
2026-07-24 15:06:31.795 |   File "/usr/local/lib/python3.12/site-packages/psycopg2/extras.py", line 146, in execute
2026-07-24 15:06:31.795 |     return super().execute(query, vars)
2026-07-24 15:06:31.795 |            ^^^^^^^^^^^^^^^^^^^^^^^^^^^^
2026-07-24 15:06:31.795 | psycopg2.errors.InsufficientPrivilege: permission denied for database rdsadmin
2026-07-24 15:06:31.795 | 
2026-07-24 15:06:31.795 | 2026-07-24 22:06:31,795 INFO 172.19.0.3 - "GET /metrics?target=hris-card-db HTTP/1.1" 200 -
2026-07-24 15:06:41.281 | 2026-07-24 22:06:41,281 ERROR query 'query_duration' failed for target 'hris-hims-db'
2026-07-24 15:06:41.281 | Traceback (most recent call last):
2026-07-24 15:06:41.281 |   File "/app/src/collectors/base.py", line 52, in safe_collect_family
2026-07-24 15:06:41.281 |     result = builder()
2026-07-24 15:06:41.281 |              ^^^^^^^^^
2026-07-24 15:06:41.281 |   File "/app/src/collectors/oracle.py", line 103, in <lambda>
2026-07-24 15:06:41.281 |     ("query_duration", lambda: self._query_duration_family(conn)),
2026-07-24 15:06:41.281 |                                ^^^^^^^^^^^^^^^^^^^^^^^^^^^^^^^^^
2026-07-24 15:06:41.281 |   File "/app/src/collectors/oracle.py", line 119, in _query_duration_family
2026-07-24 15:06:41.281 |     cur.execute(_QUERY_STATS_SQL)
2026-07-24 15:06:41.281 |   File "/usr/local/lib/python3.12/site-packages/oracledb/cursor.py", line 710, in execute
2026-07-24 15:06:41.281 |     impl.execute(self)
2026-07-24 15:06:41.281 |   File "src/oracledb/impl/thin/cursor.pyx", line 196, in oracledb.thin_impl.ThinCursorImpl.execute
2026-07-24 15:06:41.281 |   File "src/oracledb/impl/thin/protocol.pyx", line 440, in oracledb.thin_impl.Protocol._process_single_message
2026-07-24 15:06:41.281 |   File "src/oracledb/impl/thin/protocol.pyx", line 441, in oracledb.thin_impl.Protocol._process_single_message
2026-07-24 15:06:41.281 |   File "src/oracledb/impl/thin/protocol.pyx", line 433, in oracledb.thin_impl.Protocol._process_message
2026-07-24 15:06:41.281 |   File "src/oracledb/impl/thin/messages.pyx", line 74, in oracledb.thin_impl.Message._check_and_raise_exception
2026-07-24 15:06:41.281 | oracledb.exceptions.DatabaseError: ORA-00942: table or view does not exist
2026-07-24 15:06:41.281 | Help: https://docs.oracle.com/error-help/db/ora-00942/
2026-07-24 15:06:41.372 | 2026-07-24 22:06:41,372 INFO 172.19.0.3 - "GET /metrics?target=hris-hims-db HTTP/1.1" 200 -
2026-07-24 15:06:42.596 | 2026-07-24 22:06:42,595 ERROR scrape of target 'hris-scl-engineering-db' failed
2026-07-24 15:06:42.596 | Traceback (most recent call last):
2026-07-24 15:06:42.596 |   File "src/pymssql/_pymssql.pyx", line 650, in pymssql._pymssql.connect
2026-07-24 15:06:42.596 |   File "src/pymssql/_mssql.pyx", line 2158, in pymssql._mssql.connect
2026-07-24 15:06:42.596 |   File "src/pymssql/_mssql.pyx", line 712, in pymssql._mssql.MSSQLConnection.__init__
2026-07-24 15:06:42.596 |   File "src/pymssql/_mssql.pyx", line 1884, in pymssql._mssql.maybe_raise_MSSQLDatabaseException
2026-07-24 15:06:42.596 |   File "src/pymssql/_mssql.pyx", line 1901, in pymssql._mssql.raise_MSSQLDatabaseException
2026-07-24 15:06:42.596 | pymssql._mssql.MSSQLDatabaseException: (20009, b'DB-Lib error message 20009, severity 9:\nUnable to connect: Adaptive Server is unavailable or does not exist (COSWINDE516D1)\n')
2026-07-24 15:06:42.596 | 
2026-07-24 15:06:42.596 | During handling of the above exception, another exception occurred:
2026-07-24 15:06:42.596 | 
2026-07-24 15:06:42.596 | Traceback (most recent call last):
2026-07-24 15:06:42.596 |   File "/app/src/registry.py", line 74, in scrape
2026-07-24 15:06:42.596 |     families, had_partial_error = future.result(timeout=target.scrape_timeout_seconds)
2026-07-24 15:06:42.596 |                                   ^^^^^^^^^^^^^^^^^^^^^^^^^^^^^^^^^^^^^^^^^^^^^^^^^^^^
2026-07-24 15:06:42.596 |   File "/usr/local/lib/python3.12/concurrent/futures/_base.py", line 456, in result
2026-07-24 15:06:42.596 |     return self.__get_result()
2026-07-24 15:06:42.596 |            ^^^^^^^^^^^^^^^^^^^
2026-07-24 15:06:42.596 |   File "/usr/local/lib/python3.12/concurrent/futures/_base.py", line 401, in __get_result
2026-07-24 15:06:42.596 |     raise self._exception
2026-07-24 15:06:42.596 |   File "/usr/local/lib/python3.12/concurrent/futures/thread.py", line 59, in run
2026-07-24 15:06:42.596 |     result = self.fn(*self.args, **self.kwargs)
2026-07-24 15:06:42.596 |              ^^^^^^^^^^^^^^^^^^^^^^^^^^^^^^^^^^
2026-07-24 15:06:42.596 |   File "/app/src/registry.py", line 69, in _do_scrape
2026-07-24 15:06:42.596 |     conn = adapter.get_connection()
2026-07-24 15:06:42.596 |            ^^^^^^^^^^^^^^^^^^^^^^^^
2026-07-24 15:06:42.596 |   File "/app/src/collectors/base.py", line 65, in get_connection
2026-07-24 15:06:42.596 |     self._conn = self.connect()
2026-07-24 15:06:42.596 |                  ^^^^^^^^^^^^^^
2026-07-24 15:06:42.596 |   File "/app/src/collectors/sqlserver.py", line 70, in connect
2026-07-24 15:06:42.596 |     conn = pymssql.connect(
2026-07-24 15:06:42.596 |            ^^^^^^^^^^^^^^^^
2026-07-24 15:06:42.596 |   File "src/pymssql/_pymssql.pyx", line 659, in pymssql._pymssql.connect
2026-07-24 15:06:42.596 | pymssql.exceptions.OperationalError: (20009, b'DB-Lib error message 20009, severity 9:\nUnable to connect: Adaptive Server is unavailable or does not exist (COSWINDE516D1)\n')
2026-07-24 15:06:42.596 | 2026-07-24 22:06:42,596 INFO 172.19.0.3 - "GET /metrics?target=hris-scl-engineering-db HTTP/1.1" 200 -
2026-07-24 15:06:46.792 | 2026-07-24 22:06:46,791 ERROR query 'size' failed for target 'hris-card-db'
2026-07-24 15:06:46.792 | Traceback (most recent call last):
2026-07-24 15:06:46.792 |   File "/app/src/collectors/base.py", line 52, in safe_collect_family
2026-07-24 15:06:46.792 |     result = builder()
2026-07-24 15:06:46.792 |              ^^^^^^^^^
2026-07-24 15:06:46.792 |   File "/app/src/collectors/postgres.py", line 94, in <lambda>
2026-07-24 15:06:46.792 |     ("size", lambda: self._size_family(cur)),
2026-07-24 15:06:46.792 |                      ^^^^^^^^^^^^^^^^^^^^^^
2026-07-24 15:06:46.792 |   File "/app/src/collectors/postgres.py", line 168, in _size_family
2026-07-24 15:06:46.792 |     cur.execute(_SIZE_SQL)
2026-07-24 15:06:46.792 |   File "/usr/local/lib/python3.12/site-packages/psycopg2/extras.py", line 146, in execute
2026-07-24 15:06:46.792 |     return super().execute(query, vars)
2026-07-24 15:06:46.792 |            ^^^^^^^^^^^^^^^^^^^^^^^^^^^^
2026-07-24 15:06:46.792 | psycopg2.errors.InsufficientPrivilege: permission denied for database rdsadmin
2026-07-24 15:06:46.792 | 
2026-07-24 15:06:46.792 | 2026-07-24 22:06:46,792 INFO 172.19.0.3 - "GET /metrics?target=hris-card-db HTTP/1.1" 200 -
2026-07-24 15:06:50.635 | 2026-07-24 22:06:50,635 INFO 127.0.0.1 - "GET /health HTTP/1.1" 200 -
2026-07-24 15:06:56.290 | 2026-07-24 22:06:56,289 ERROR query 'query_duration' failed for target 'hris-hims-db'
2026-07-24 15:06:56.290 | Traceback (most recent call last):
2026-07-24 15:06:56.290 |   File "/app/src/collectors/base.py", line 52, in safe_collect_family
2026-07-24 15:06:56.290 |     result = builder()
2026-07-24 15:06:56.290 |              ^^^^^^^^^
2026-07-24 15:06:56.290 |   File "/app/src/collectors/oracle.py", line 103, in <lambda>
2026-07-24 15:06:56.290 |     ("query_duration", lambda: self._query_duration_family(conn)),
2026-07-24 15:06:56.290 |                                ^^^^^^^^^^^^^^^^^^^^^^^^^^^^^^^^^
2026-07-24 15:06:56.290 |   File "/app/src/collectors/oracle.py", line 119, in _query_duration_family
2026-07-24 15:06:56.290 |     cur.execute(_QUERY_STATS_SQL)
2026-07-24 15:06:56.290 |   File "/usr/local/lib/python3.12/site-packages/oracledb/cursor.py", line 710, in execute
2026-07-24 15:06:56.290 |     impl.execute(self)
2026-07-24 15:06:56.290 |   File "src/oracledb/impl/thin/cursor.pyx", line 196, in oracledb.thin_impl.ThinCursorImpl.execute
2026-07-24 15:06:56.290 |   File "src/oracledb/impl/thin/protocol.pyx", line 440, in oracledb.thin_impl.Protocol._process_single_message
2026-07-24 15:06:56.290 |   File "src/oracledb/impl/thin/protocol.pyx", line 441, in oracledb.thin_impl.Protocol._process_single_message
2026-07-24 15:06:56.290 |   File "src/oracledb/impl/thin/protocol.pyx", line 433, in oracledb.thin_impl.Protocol._process_message
2026-07-24 15:06:56.290 |   File "src/oracledb/impl/thin/messages.pyx", line 74, in oracledb.thin_impl.Message._check_and_raise_exception
2026-07-24 15:06:56.290 | oracledb.exceptions.DatabaseError: ORA-00942: table or view does not exist
2026-07-24 15:06:56.290 | Help: https://docs.oracle.com/error-help/db/ora-00942/
2026-07-24 15:06:56.421 | 2026-07-24 22:06:56,421 INFO 172.19.0.3 - "GET /metrics?target=hris-hims-db HTTP/1.1" 200 -
2026-07-24 15:06:57.599 | 2026-07-24 22:06:57,598 ERROR scrape of target 'hris-scl-engineering-db' failed
2026-07-24 15:06:57.599 | Traceback (most recent call last):
2026-07-24 15:06:57.599 |   File "src/pymssql/_pymssql.pyx", line 650, in pymssql._pymssql.connect
2026-07-24 15:06:57.599 |   File "src/pymssql/_mssql.pyx", line 2158, in pymssql._mssql.connect
2026-07-24 15:06:57.599 |   File "src/pymssql/_mssql.pyx", line 712, in pymssql._mssql.MSSQLConnection.__init__
2026-07-24 15:06:57.599 |   File "src/pymssql/_mssql.pyx", line 1884, in pymssql._mssql.maybe_raise_MSSQLDatabaseException
2026-07-24 15:06:57.599 |   File "src/pymssql/_mssql.pyx", line 1901, in pymssql._mssql.raise_MSSQLDatabaseException
2026-07-24 15:06:57.599 | pymssql._mssql.MSSQLDatabaseException: (20009, b'DB-Lib error message 20009, severity 9:\nUnable to connect: Adaptive Server is unavailable or does not exist (COSWINDE516D1)\n')
2026-07-24 15:06:57.599 | 
2026-07-24 15:06:57.599 | During handling of the above exception, another exception occurred:
2026-07-24 15:06:57.599 | 
2026-07-24 15:06:57.599 | Traceback (most recent call last):
2026-07-24 15:06:57.599 |   File "/app/src/registry.py", line 74, in scrape
2026-07-24 15:06:57.599 |     families, had_partial_error = future.result(timeout=target.scrape_timeout_seconds)
2026-07-24 15:06:57.599 |                                   ^^^^^^^^^^^^^^^^^^^^^^^^^^^^^^^^^^^^^^^^^^^^^^^^^^^^
2026-07-24 15:06:57.599 |   File "/usr/local/lib/python3.12/concurrent/futures/_base.py", line 456, in result
2026-07-24 15:06:57.599 |     return self.__get_result()
2026-07-24 15:06:57.599 |            ^^^^^^^^^^^^^^^^^^^
2026-07-24 15:06:57.599 |   File "/usr/local/lib/python3.12/concurrent/futures/_base.py", line 401, in __get_result
2026-07-24 15:06:57.599 |     raise self._exception
2026-07-24 15:06:57.599 |   File "/usr/local/lib/python3.12/concurrent/futures/thread.py", line 59, in run
2026-07-24 15:06:57.599 |     result = self.fn(*self.args, **self.kwargs)
2026-07-24 15:06:57.599 |              ^^^^^^^^^^^^^^^^^^^^^^^^^^^^^^^^^^
2026-07-24 15:06:57.599 |   File "/app/src/registry.py", line 69, in _do_scrape
2026-07-24 15:06:57.599 |     conn = adapter.get_connection()
2026-07-24 15:06:57.599 |            ^^^^^^^^^^^^^^^^^^^^^^^^
2026-07-24 15:06:57.599 |   File "/app/src/collectors/base.py", line 65, in get_connection
2026-07-24 15:06:57.599 |     self._conn = self.connect()
2026-07-24 15:06:57.599 |                  ^^^^^^^^^^^^^^
2026-07-24 15:06:57.599 |   File "/app/src/collectors/sqlserver.py", line 70, in connect
2026-07-24 15:06:57.599 |     conn = pymssql.connect(
2026-07-24 15:06:57.599 |            ^^^^^^^^^^^^^^^^
2026-07-24 15:06:57.599 |   File "src/pymssql/_pymssql.pyx", line 659, in pymssql._pymssql.connect
2026-07-24 15:06:57.599 | pymssql.exceptions.OperationalError: (20009, b'DB-Lib error message 20009, severity 9:\nUnable to connect: Adaptive Server is unavailable or does not exist (COSWINDE516D1)\n')
2026-07-24 15:06:57.599 | 2026-07-24 22:06:57,599 INFO 172.19.0.3 - "GET /metrics?target=hris-scl-engineering-db HTTP/1.1" 200 -
2026-07-24 15:07:01.815 | 2026-07-24 22:07:01,814 ERROR query 'size' failed for target 'hris-card-db'
2026-07-24 15:07:01.815 | Traceback (most recent call last):
2026-07-24 15:07:01.815 |   File "/app/src/collectors/base.py", line 52, in safe_collect_family
2026-07-24 15:07:01.815 |     result = builder()
2026-07-24 15:07:01.815 |              ^^^^^^^^^
2026-07-24 15:07:01.815 |   File "/app/src/collectors/postgres.py", line 94, in <lambda>
2026-07-24 15:07:01.815 |     ("size", lambda: self._size_family(cur)),
2026-07-24 15:07:01.815 |                      ^^^^^^^^^^^^^^^^^^^^^^
2026-07-24 15:07:01.815 |   File "/app/src/collectors/postgres.py", line 168, in _size_family
2026-07-24 15:07:01.815 |     cur.execute(_SIZE_SQL)
2026-07-24 15:07:01.815 |   File "/usr/local/lib/python3.12/site-packages/psycopg2/extras.py", line 146, in execute
2026-07-24 15:07:01.815 |     return super().execute(query, vars)
2026-07-24 15:07:01.815 |            ^^^^^^^^^^^^^^^^^^^^^^^^^^^^
2026-07-24 15:07:01.815 | psycopg2.errors.InsufficientPrivilege: permission denied for database rdsadmin
2026-07-24 15:07:01.815 | 
2026-07-24 15:07:01.815 | 2026-07-24 22:07:01,815 INFO 172.19.0.3 - "GET /metrics?target=hris-card-db HTTP/1.1" 200 -
2026-07-24 15:07:11.277 | 2026-07-24 22:07:11,276 ERROR query 'query_duration' failed for target 'hris-hims-db'
2026-07-24 15:07:11.277 | Traceback (most recent call last):
2026-07-24 15:07:11.277 |   File "/app/src/collectors/base.py", line 52, in safe_collect_family
2026-07-24 15:07:11.277 |     result = builder()
2026-07-24 15:07:11.277 |              ^^^^^^^^^
2026-07-24 15:07:11.277 |   File "/app/src/collectors/oracle.py", line 103, in <lambda>
2026-07-24 15:07:11.277 |     ("query_duration", lambda: self._query_duration_family(conn)),
2026-07-24 15:07:11.277 |                                ^^^^^^^^^^^^^^^^^^^^^^^^^^^^^^^^^
2026-07-24 15:07:11.277 |   File "/app/src/collectors/oracle.py", line 119, in _query_duration_family
2026-07-24 15:07:11.277 |     cur.execute(_QUERY_STATS_SQL)
2026-07-24 15:07:11.277 |   File "/usr/local/lib/python3.12/site-packages/oracledb/cursor.py", line 710, in execute
2026-07-24 15:07:11.277 |     impl.execute(self)
2026-07-24 15:07:11.277 |   File "src/oracledb/impl/thin/cursor.pyx", line 196, in oracledb.thin_impl.ThinCursorImpl.execute
2026-07-24 15:07:11.277 |   File "src/oracledb/impl/thin/protocol.pyx", line 440, in oracledb.thin_impl.Protocol._process_single_message
2026-07-24 15:07:11.277 |   File "src/oracledb/impl/thin/protocol.pyx", line 441, in oracledb.thin_impl.Protocol._process_single_message
2026-07-24 15:07:11.277 |   File "src/oracledb/impl/thin/protocol.pyx", line 433, in oracledb.thin_impl.Protocol._process_message
2026-07-24 15:07:11.277 |   File "src/oracledb/impl/thin/messages.pyx", line 74, in oracledb.thin_impl.Message._check_and_raise_exception
2026-07-24 15:07:11.277 | oracledb.exceptions.DatabaseError: ORA-00942: table or view does not exist
2026-07-24 15:07:11.277 | Help: https://docs.oracle.com/error-help/db/ora-00942/
2026-07-24 15:07:11.373 | 2026-07-24 22:07:11,373 INFO 172.19.0.3 - "GET /metrics?target=hris-hims-db HTTP/1.1" 200 -
2026-07-24 15:07:12.597 | 2026-07-24 22:07:12,596 ERROR scrape of target 'hris-scl-engineering-db' failed
2026-07-24 15:07:12.597 | Traceback (most recent call last):
2026-07-24 15:07:12.597 |   File "src/pymssql/_pymssql.pyx", line 650, in pymssql._pymssql.connect
2026-07-24 15:07:12.597 |   File "src/pymssql/_mssql.pyx", line 2158, in pymssql._mssql.connect
2026-07-24 15:07:12.597 |   File "src/pymssql/_mssql.pyx", line 712, in pymssql._mssql.MSSQLConnection.__init__
2026-07-24 15:07:12.597 |   File "src/pymssql/_mssql.pyx", line 1884, in pymssql._mssql.maybe_raise_MSSQLDatabaseException
2026-07-24 15:07:12.597 |   File "src/pymssql/_mssql.pyx", line 1901, in pymssql._mssql.raise_MSSQLDatabaseException
2026-07-24 15:07:12.597 | pymssql._mssql.MSSQLDatabaseException: (20009, b'DB-Lib error message 20009, severity 9:\nUnable to connect: Adaptive Server is unavailable or does not exist (COSWINDE516D1)\n')
2026-07-24 15:07:12.597 | 
2026-07-24 15:07:12.597 | During handling of the above exception, another exception occurred:
2026-07-24 15:07:12.597 | 
2026-07-24 15:07:12.597 | Traceback (most recent call last):
2026-07-24 15:07:12.597 |   File "/app/src/registry.py", line 74, in scrape
2026-07-24 15:07:12.597 |     families, had_partial_error = future.result(timeout=target.scrape_timeout_seconds)
2026-07-24 15:07:12.597 |                                   ^^^^^^^^^^^^^^^^^^^^^^^^^^^^^^^^^^^^^^^^^^^^^^^^^^^^
2026-07-24 15:07:12.597 |   File "/usr/local/lib/python3.12/concurrent/futures/_base.py", line 456, in result
2026-07-24 15:07:12.597 |     return self.__get_result()
2026-07-24 15:07:12.597 |            ^^^^^^^^^^^^^^^^^^^
2026-07-24 15:07:12.597 |   File "/usr/local/lib/python3.12/concurrent/futures/_base.py", line 401, in __get_result
2026-07-24 15:07:12.597 |     raise self._exception
2026-07-24 15:07:12.597 |   File "/usr/local/lib/python3.12/concurrent/futures/thread.py", line 59, in run
2026-07-24 15:07:12.597 |     result = self.fn(*self.args, **self.kwargs)
2026-07-24 15:07:12.597 |              ^^^^^^^^^^^^^^^^^^^^^^^^^^^^^^^^^^
2026-07-24 15:07:12.597 |   File "/app/src/registry.py", line 69, in _do_scrape
2026-07-24 15:07:12.597 |     conn = adapter.get_connection()
2026-07-24 15:07:12.597 |            ^^^^^^^^^^^^^^^^^^^^^^^^
2026-07-24 15:07:12.597 |   File "/app/src/collectors/base.py", line 65, in get_connection
2026-07-24 15:07:12.597 |     self._conn = self.connect()
2026-07-24 15:07:12.597 |                  ^^^^^^^^^^^^^^
2026-07-24 15:07:12.597 |   File "/app/src/collectors/sqlserver.py", line 70, in connect
2026-07-24 15:07:12.597 |     conn = pymssql.connect(
2026-07-24 15:07:12.597 |            ^^^^^^^^^^^^^^^^
2026-07-24 15:07:12.597 |   File "src/pymssql/_pymssql.pyx", line 659, in pymssql._pymssql.connect
2026-07-24 15:07:12.597 | pymssql.exceptions.OperationalError: (20009, b'DB-Lib error message 20009, severity 9:\nUnable to connect: Adaptive Server is unavailable or does not exist (COSWINDE516D1)\n')
2026-07-24 15:07:12.597 | 2026-07-24 22:07:12,597 INFO 172.19.0.3 - "GET /metrics?target=hris-scl-engineering-db HTTP/1.1" 200 -
2026-07-24 15:07:16.787 | 2026-07-24 22:07:16,786 ERROR query 'size' failed for target 'hris-card-db'
2026-07-24 15:07:16.787 | Traceback (most recent call last):
2026-07-24 15:07:16.787 |   File "/app/src/collectors/base.py", line 52, in safe_collect_family
2026-07-24 15:07:16.787 |     result = builder()
2026-07-24 15:07:16.787 |              ^^^^^^^^^
2026-07-24 15:07:16.787 |   File "/app/src/collectors/postgres.py", line 94, in <lambda>
2026-07-24 15:07:16.787 |     ("size", lambda: self._size_family(cur)),
2026-07-24 15:07:16.787 |                      ^^^^^^^^^^^^^^^^^^^^^^
2026-07-24 15:07:16.787 |   File "/app/src/collectors/postgres.py", line 168, in _size_family
2026-07-24 15:07:16.787 |     cur.execute(_SIZE_SQL)
2026-07-24 15:07:16.787 |   File "/usr/local/lib/python3.12/site-packages/psycopg2/extras.py", line 146, in execute
2026-07-24 15:07:16.787 |     return super().execute(query, vars)
2026-07-24 15:07:16.787 |            ^^^^^^^^^^^^^^^^^^^^^^^^^^^^
2026-07-24 15:07:16.787 | psycopg2.errors.InsufficientPrivilege: permission denied for database rdsadmin
2026-07-24 15:07:16.787 | 
2026-07-24 15:07:16.787 | 2026-07-24 22:07:16,787 INFO 172.19.0.3 - "GET /metrics?target=hris-card-db HTTP/1.1" 200 -
2026-07-24 15:07:20.759 | 2026-07-24 22:07:20,759 INFO 127.0.0.1 - "GET /health HTTP/1.1" 200 -
2026-07-24 15:07:26.277 | 2026-07-24 22:07:26,276 ERROR query 'query_duration' failed for target 'hris-hims-db'
2026-07-24 15:07:26.277 | Traceback (most recent call last):
2026-07-24 15:07:26.277 |   File "/app/src/collectors/base.py", line 52, in safe_collect_family
2026-07-24 15:07:26.277 |     result = builder()
2026-07-24 15:07:26.277 |              ^^^^^^^^^
2026-07-24 15:07:26.277 |   File "/app/src/collectors/oracle.py", line 103, in <lambda>
2026-07-24 15:07:26.277 |     ("query_duration", lambda: self._query_duration_family(conn)),
2026-07-24 15:07:26.277 |                                ^^^^^^^^^^^^^^^^^^^^^^^^^^^^^^^^^
2026-07-24 15:07:26.277 |   File "/app/src/collectors/oracle.py", line 119, in _query_duration_family
2026-07-24 15:07:26.277 |     cur.execute(_QUERY_STATS_SQL)
2026-07-24 15:07:26.277 |   File "/usr/local/lib/python3.12/site-packages/oracledb/cursor.py", line 710, in execute
2026-07-24 15:07:26.277 |     impl.execute(self)
2026-07-24 15:07:26.277 |   File "src/oracledb/impl/thin/cursor.pyx", line 196, in oracledb.thin_impl.ThinCursorImpl.execute
2026-07-24 15:07:26.277 |   File "src/oracledb/impl/thin/protocol.pyx", line 440, in oracledb.thin_impl.Protocol._process_single_message
2026-07-24 15:07:26.277 |   File "src/oracledb/impl/thin/protocol.pyx", line 441, in oracledb.thin_impl.Protocol._process_single_message
2026-07-24 15:07:26.277 |   File "src/oracledb/impl/thin/protocol.pyx", line 433, in oracledb.thin_impl.Protocol._process_message
2026-07-24 15:07:26.277 |   File "src/oracledb/impl/thin/messages.pyx", line 74, in oracledb.thin_impl.Message._check_and_raise_exception
2026-07-24 15:07:26.277 | oracledb.exceptions.DatabaseError: ORA-00942: table or view does not exist
2026-07-24 15:07:26.277 | Help: https://docs.oracle.com/error-help/db/ora-00942/
2026-07-24 15:07:26.351 | 2026-07-24 22:07:26,350 INFO 172.19.0.3 - "GET /metrics?target=hris-hims-db HTTP/1.1" 200 -
2026-07-24 15:07:27.595 | 2026-07-24 22:07:27,594 ERROR scrape of target 'hris-scl-engineering-db' failed
2026-07-24 15:07:27.595 | Traceback (most recent call last):
2026-07-24 15:07:27.595 |   File "src/pymssql/_pymssql.pyx", line 650, in pymssql._pymssql.connect
2026-07-24 15:07:27.595 |   File "src/pymssql/_mssql.pyx", line 2158, in pymssql._mssql.connect
2026-07-24 15:07:27.595 |   File "src/pymssql/_mssql.pyx", line 712, in pymssql._mssql.MSSQLConnection.__init__
2026-07-24 15:07:27.595 |   File "src/pymssql/_mssql.pyx", line 1884, in pymssql._mssql.maybe_raise_MSSQLDatabaseException
2026-07-24 15:07:27.595 |   File "src/pymssql/_mssql.pyx", line 1901, in pymssql._mssql.raise_MSSQLDatabaseException
2026-07-24 15:07:27.595 | pymssql._mssql.MSSQLDatabaseException: (20009, b'DB-Lib error message 20009, severity 9:\nUnable to connect: Adaptive Server is unavailable or does not exist (COSWINDE516D1)\n')
2026-07-24 15:07:27.595 | 
2026-07-24 15:07:27.595 | During handling of the above exception, another exception occurred:
2026-07-24 15:07:27.595 | 
2026-07-24 15:07:27.595 | Traceback (most recent call last):
2026-07-24 15:07:27.595 |   File "/app/src/registry.py", line 74, in scrape
2026-07-24 15:07:27.595 |     families, had_partial_error = future.result(timeout=target.scrape_timeout_seconds)
2026-07-24 15:07:27.595 |                                   ^^^^^^^^^^^^^^^^^^^^^^^^^^^^^^^^^^^^^^^^^^^^^^^^^^^^
2026-07-24 15:07:27.595 |   File "/usr/local/lib/python3.12/concurrent/futures/_base.py", line 456, in result
2026-07-24 15:07:27.595 |     return self.__get_result()
2026-07-24 15:07:27.595 |            ^^^^^^^^^^^^^^^^^^^
2026-07-24 15:07:27.595 |   File "/usr/local/lib/python3.12/concurrent/futures/_base.py", line 401, in __get_result
2026-07-24 15:07:27.595 |     raise self._exception
2026-07-24 15:07:27.595 |   File "/usr/local/lib/python3.12/concurrent/futures/thread.py", line 59, in run
2026-07-24 15:07:27.595 |     result = self.fn(*self.args, **self.kwargs)
2026-07-24 15:07:27.595 |              ^^^^^^^^^^^^^^^^^^^^^^^^^^^^^^^^^^
2026-07-24 15:07:27.595 |   File "/app/src/registry.py", line 69, in _do_scrape
2026-07-24 15:07:27.595 |     conn = adapter.get_connection()
2026-07-24 15:07:27.595 |            ^^^^^^^^^^^^^^^^^^^^^^^^
2026-07-24 15:07:27.595 |   File "/app/src/collectors/base.py", line 65, in get_connection
2026-07-24 15:07:27.595 |     self._conn = self.connect()
2026-07-24 15:07:27.595 |                  ^^^^^^^^^^^^^^
2026-07-24 15:07:27.595 |   File "/app/src/collectors/sqlserver.py", line 70, in connect
2026-07-24 15:07:27.595 |     conn = pymssql.connect(
2026-07-24 15:07:27.595 |            ^^^^^^^^^^^^^^^^
2026-07-24 15:07:27.595 |   File "src/pymssql/_pymssql.pyx", line 659, in pymssql._pymssql.connect
2026-07-24 15:07:27.595 | pymssql.exceptions.OperationalError: (20009, b'DB-Lib error message 20009, severity 9:\nUnable to connect: Adaptive Server is unavailable or does not exist (COSWINDE516D1)\n')
2026-07-24 15:07:27.595 | 2026-07-24 22:07:27,595 INFO 172.19.0.3 - "GET /metrics?target=hris-scl-engineering-db HTTP/1.1" 200 -
2026-07-24 15:07:31.786 | 2026-07-24 22:07:31,785 ERROR query 'size' failed for target 'hris-card-db'
2026-07-24 15:07:31.786 | Traceback (most recent call last):
2026-07-24 15:07:31.786 |   File "/app/src/collectors/base.py", line 52, in safe_collect_family
2026-07-24 15:07:31.786 |     result = builder()
2026-07-24 15:07:31.786 |              ^^^^^^^^^
2026-07-24 15:07:31.786 |   File "/app/src/collectors/postgres.py", line 94, in <lambda>
2026-07-24 15:07:31.786 |     ("size", lambda: self._size_family(cur)),
2026-07-24 15:07:31.786 |                      ^^^^^^^^^^^^^^^^^^^^^^
2026-07-24 15:07:31.786 |   File "/app/src/collectors/postgres.py", line 168, in _size_family
2026-07-24 15:07:31.786 |     cur.execute(_SIZE_SQL)
2026-07-24 15:07:31.786 |   File "/usr/local/lib/python3.12/site-packages/psycopg2/extras.py", line 146, in execute
2026-07-24 15:07:31.786 |     return super().execute(query, vars)
2026-07-24 15:07:31.786 |            ^^^^^^^^^^^^^^^^^^^^^^^^^^^^
2026-07-24 15:07:31.786 | psycopg2.errors.InsufficientPrivilege: permission denied for database rdsadmin
2026-07-24 15:07:31.786 | 
2026-07-24 15:07:31.786 | 2026-07-24 22:07:31,786 INFO 172.19.0.3 - "GET /metrics?target=hris-card-db HTTP/1.1" 200 -
2026-07-24 15:07:41.276 | 2026-07-24 22:07:41,275 ERROR query 'query_duration' failed for target 'hris-hims-db'
2026-07-24 15:07:41.276 | Traceback (most recent call last):
2026-07-24 15:07:41.276 |   File "/app/src/collectors/base.py", line 52, in safe_collect_family
2026-07-24 15:07:41.276 |     result = builder()
2026-07-24 15:07:41.276 |              ^^^^^^^^^
2026-07-24 15:07:41.276 |   File "/app/src/collectors/oracle.py", line 103, in <lambda>
2026-07-24 15:07:41.276 |     ("query_duration", lambda: self._query_duration_family(conn)),
2026-07-24 15:07:41.276 |                                ^^^^^^^^^^^^^^^^^^^^^^^^^^^^^^^^^
2026-07-24 15:07:41.276 |   File "/app/src/collectors/oracle.py", line 119, in _query_duration_family
2026-07-24 15:07:41.276 |     cur.execute(_QUERY_STATS_SQL)
2026-07-24 15:07:41.276 |   File "/usr/local/lib/python3.12/site-packages/oracledb/cursor.py", line 710, in execute
2026-07-24 15:07:41.276 |     impl.execute(self)
2026-07-24 15:07:41.276 |   File "src/oracledb/impl/thin/cursor.pyx", line 196, in oracledb.thin_impl.ThinCursorImpl.execute
2026-07-24 15:07:41.276 |   File "src/oracledb/impl/thin/protocol.pyx", line 440, in oracledb.thin_impl.Protocol._process_single_message
2026-07-24 15:07:41.276 |   File "src/oracledb/impl/thin/protocol.pyx", line 441, in oracledb.thin_impl.Protocol._process_single_message
2026-07-24 15:07:41.276 |   File "src/oracledb/impl/thin/protocol.pyx", line 433, in oracledb.thin_impl.Protocol._process_message
2026-07-24 15:07:41.276 |   File "src/oracledb/impl/thin/messages.pyx", line 74, in oracledb.thin_impl.Message._check_and_raise_exception
2026-07-24 15:07:41.276 | oracledb.exceptions.DatabaseError: ORA-00942: table or view does not exist
2026-07-24 15:07:41.276 | Help: https://docs.oracle.com/error-help/db/ora-00942/
2026-07-24 15:07:41.356 | 2026-07-24 22:07:41,356 INFO 172.19.0.3 - "GET /metrics?target=hris-hims-db HTTP/1.1" 200 -
2026-07-24 15:07:42.601 | 2026-07-24 22:07:42,600 ERROR scrape of target 'hris-scl-engineering-db' failed
2026-07-24 15:07:42.601 | Traceback (most recent call last):
2026-07-24 15:07:42.601 |   File "src/pymssql/_pymssql.pyx", line 650, in pymssql._pymssql.connect
2026-07-24 15:07:42.601 |   File "src/pymssql/_mssql.pyx", line 2158, in pymssql._mssql.connect
2026-07-24 15:07:42.601 |   File "src/pymssql/_mssql.pyx", line 712, in pymssql._mssql.MSSQLConnection.__init__
2026-07-24 15:07:42.601 |   File "src/pymssql/_mssql.pyx", line 1884, in pymssql._mssql.maybe_raise_MSSQLDatabaseException
2026-07-24 15:07:42.601 |   File "src/pymssql/_mssql.pyx", line 1901, in pymssql._mssql.raise_MSSQLDatabaseException
2026-07-24 15:07:42.601 | pymssql._mssql.MSSQLDatabaseException: (20009, b'DB-Lib error message 20009, severity 9:\nUnable to connect: Adaptive Server is unavailable or does not exist (COSWINDE516D1)\n')
2026-07-24 15:07:42.601 | 
2026-07-24 15:07:42.601 | During handling of the above exception, another exception occurred:
2026-07-24 15:07:42.601 | 
2026-07-24 15:07:42.601 | Traceback (most recent call last):
2026-07-24 15:07:42.601 |   File "/app/src/registry.py", line 74, in scrape
2026-07-24 15:07:42.601 |     families, had_partial_error = future.result(timeout=target.scrape_timeout_seconds)
2026-07-24 15:07:42.601 |                                   ^^^^^^^^^^^^^^^^^^^^^^^^^^^^^^^^^^^^^^^^^^^^^^^^^^^^
2026-07-24 15:07:42.601 |   File "/usr/local/lib/python3.12/concurrent/futures/_base.py", line 456, in result
2026-07-24 15:07:42.601 |     return self.__get_result()
2026-07-24 15:07:42.601 |            ^^^^^^^^^^^^^^^^^^^
2026-07-24 15:07:42.601 |   File "/usr/local/lib/python3.12/concurrent/futures/_base.py", line 401, in __get_result
2026-07-24 15:07:42.601 |     raise self._exception
2026-07-24 15:07:42.601 |   File "/usr/local/lib/python3.12/concurrent/futures/thread.py", line 59, in run
2026-07-24 15:07:42.601 |     result = self.fn(*self.args, **self.kwargs)
2026-07-24 15:07:42.601 |              ^^^^^^^^^^^^^^^^^^^^^^^^^^^^^^^^^^
2026-07-24 15:07:42.601 |   File "/app/src/registry.py", line 69, in _do_scrape
2026-07-24 15:07:42.601 |     conn = adapter.get_connection()
2026-07-24 15:07:42.601 |            ^^^^^^^^^^^^^^^^^^^^^^^^
2026-07-24 15:07:42.601 |   File "/app/src/collectors/base.py", line 65, in get_connection
2026-07-24 15:07:42.601 |     self._conn = self.connect()
2026-07-24 15:07:42.601 |                  ^^^^^^^^^^^^^^
2026-07-24 15:07:42.601 |   File "/app/src/collectors/sqlserver.py", line 70, in connect
2026-07-24 15:07:42.601 |     conn = pymssql.connect(
2026-07-24 15:07:42.601 |            ^^^^^^^^^^^^^^^^
2026-07-24 15:07:42.601 |   File "src/pymssql/_pymssql.pyx", line 659, in pymssql._pymssql.connect
2026-07-24 15:07:42.601 | pymssql.exceptions.OperationalError: (20009, b'DB-Lib error message 20009, severity 9:\nUnable to connect: Adaptive Server is unavailable or does not exist (COSWINDE516D1)\n')
2026-07-24 15:07:42.601 | 2026-07-24 22:07:42,600 INFO 172.19.0.3 - "GET /metrics?target=hris-scl-engineering-db HTTP/1.1" 200 -
2026-07-24 15:07:46.780 | 2026-07-24 22:07:46,779 ERROR query 'size' failed for target 'hris-card-db'
2026-07-24 15:07:46.780 | Traceback (most recent call last):
2026-07-24 15:07:46.780 |   File "/app/src/collectors/base.py", line 52, in safe_collect_family
2026-07-24 15:07:46.780 |     result = builder()
2026-07-24 15:07:46.780 |              ^^^^^^^^^
2026-07-24 15:07:46.780 |   File "/app/src/collectors/postgres.py", line 94, in <lambda>
2026-07-24 15:07:46.780 |     ("size", lambda: self._size_family(cur)),
2026-07-24 15:07:46.780 |                      ^^^^^^^^^^^^^^^^^^^^^^
2026-07-24 15:07:46.780 |   File "/app/src/collectors/postgres.py", line 168, in _size_family
2026-07-24 15:07:46.780 |     cur.execute(_SIZE_SQL)
2026-07-24 15:07:46.780 |   File "/usr/local/lib/python3.12/site-packages/psycopg2/extras.py", line 146, in execute
2026-07-24 15:07:46.780 |     return super().execute(query, vars)
2026-07-24 15:07:46.780 |            ^^^^^^^^^^^^^^^^^^^^^^^^^^^^
2026-07-24 15:07:46.780 | psycopg2.errors.InsufficientPrivilege: permission denied for database rdsadmin
2026-07-24 15:07:46.780 | 
2026-07-24 15:07:46.780 | 2026-07-24 22:07:46,780 INFO 172.19.0.3 - "GET /metrics?target=hris-card-db HTTP/1.1" 200 -
2026-07-24 15:07:50.874 | 2026-07-24 22:07:50,874 INFO 127.0.0.1 - "GET /health HTTP/1.1" 200 -
2026-07-24 15:07:56.276 | 2026-07-24 22:07:56,275 ERROR query 'query_duration' failed for target 'hris-hims-db'
2026-07-24 15:07:56.276 | Traceback (most recent call last):
2026-07-24 15:07:56.278 |   File "/app/src/collectors/base.py", line 52, in safe_collect_family
2026-07-24 15:07:56.278 |     result = builder()
2026-07-24 15:07:56.278 |              ^^^^^^^^^
2026-07-24 15:07:56.278 |   File "/app/src/collectors/oracle.py", line 103, in <lambda>
2026-07-24 15:07:56.278 |     ("query_duration", lambda: self._query_duration_family(conn)),
2026-07-24 15:07:56.278 |                                ^^^^^^^^^^^^^^^^^^^^^^^^^^^^^^^^^
2026-07-24 15:07:56.278 |   File "/app/src/collectors/oracle.py", line 119, in _query_duration_family
2026-07-24 15:07:56.278 |     cur.execute(_QUERY_STATS_SQL)
2026-07-24 15:07:56.278 |   File "/usr/local/lib/python3.12/site-packages/oracledb/cursor.py", line 710, in execute
2026-07-24 15:07:56.278 |     impl.execute(self)
2026-07-24 15:07:56.278 |   File "src/oracledb/impl/thin/cursor.pyx", line 196, in oracledb.thin_impl.ThinCursorImpl.execute
2026-07-24 15:07:56.278 |   File "src/oracledb/impl/thin/protocol.pyx", line 440, in oracledb.thin_impl.Protocol._process_single_message
2026-07-24 15:07:56.278 |   File "src/oracledb/impl/thin/protocol.pyx", line 441, in oracledb.thin_impl.Protocol._process_single_message
2026-07-24 15:07:56.278 |   File "src/oracledb/impl/thin/protocol.pyx", line 433, in oracledb.thin_impl.Protocol._process_message
2026-07-24 15:07:56.278 |   File "src/oracledb/impl/thin/messages.pyx", line 74, in oracledb.thin_impl.Message._check_and_raise_exception
2026-07-24 15:07:56.278 | oracledb.exceptions.DatabaseError: ORA-00942: table or view does not exist
2026-07-24 15:07:56.278 | Help: https://docs.oracle.com/error-help/db/ora-00942/
2026-07-24 15:07:56.349 | 2026-07-24 22:07:56,349 INFO 172.19.0.3 - "GET /metrics?target=hris-hims-db HTTP/1.1" 200 -
2026-07-24 15:07:57.598 | 2026-07-24 22:07:57,598 ERROR scrape of target 'hris-scl-engineering-db' failed
2026-07-24 15:07:57.598 | Traceback (most recent call last):
2026-07-24 15:07:57.598 |   File "src/pymssql/_pymssql.pyx", line 650, in pymssql._pymssql.connect
2026-07-24 15:07:57.598 |   File "src/pymssql/_mssql.pyx", line 2158, in pymssql._mssql.connect
2026-07-24 15:07:57.598 |   File "src/pymssql/_mssql.pyx", line 712, in pymssql._mssql.MSSQLConnection.__init__
2026-07-24 15:07:57.598 |   File "src/pymssql/_mssql.pyx", line 1884, in pymssql._mssql.maybe_raise_MSSQLDatabaseException
2026-07-24 15:07:57.598 |   File "src/pymssql/_mssql.pyx", line 1901, in pymssql._mssql.raise_MSSQLDatabaseException
2026-07-24 15:07:57.598 | pymssql._mssql.MSSQLDatabaseException: (20009, b'DB-Lib error message 20009, severity 9:\nUnable to connect: Adaptive Server is unavailable or does not exist (COSWINDE516D1)\n')
2026-07-24 15:07:57.598 | 
2026-07-24 15:07:57.598 | During handling of the above exception, another exception occurred:
2026-07-24 15:07:57.598 | 
2026-07-24 15:07:57.598 | Traceback (most recent call last):
2026-07-24 15:07:57.598 |   File "/app/src/registry.py", line 74, in scrape
2026-07-24 15:07:57.598 |     families, had_partial_error = future.result(timeout=target.scrape_timeout_seconds)
2026-07-24 15:07:57.598 |                                   ^^^^^^^^^^^^^^^^^^^^^^^^^^^^^^^^^^^^^^^^^^^^^^^^^^^^
2026-07-24 15:07:57.598 |   File "/usr/local/lib/python3.12/concurrent/futures/_base.py", line 456, in result
2026-07-24 15:07:57.598 |     return self.__get_result()
2026-07-24 15:07:57.598 |            ^^^^^^^^^^^^^^^^^^^
2026-07-24 15:07:57.598 |   File "/usr/local/lib/python3.12/concurrent/futures/_base.py", line 401, in __get_result
2026-07-24 15:07:57.598 |     raise self._exception
2026-07-24 15:07:57.598 |   File "/usr/local/lib/python3.12/concurrent/futures/thread.py", line 59, in run
2026-07-24 15:07:57.598 |     result = self.fn(*self.args, **self.kwargs)
2026-07-24 15:07:57.598 |              ^^^^^^^^^^^^^^^^^^^^^^^^^^^^^^^^^^
2026-07-24 15:07:57.598 |   File "/app/src/registry.py", line 69, in _do_scrape
2026-07-24 15:07:57.598 |     conn = adapter.get_connection()
2026-07-24 15:07:57.598 |            ^^^^^^^^^^^^^^^^^^^^^^^^
2026-07-24 15:07:57.598 |   File "/app/src/collectors/base.py", line 65, in get_connection
2026-07-24 15:07:57.598 |     self._conn = self.connect()
2026-07-24 15:07:57.598 |                  ^^^^^^^^^^^^^^
2026-07-24 15:07:57.598 |   File "/app/src/collectors/sqlserver.py", line 70, in connect
2026-07-24 15:07:57.598 |     conn = pymssql.connect(
2026-07-24 15:07:57.598 |            ^^^^^^^^^^^^^^^^
2026-07-24 15:07:57.598 |   File "src/pymssql/_pymssql.pyx", line 659, in pymssql._pymssql.connect
2026-07-24 15:07:57.599 | pymssql.exceptions.OperationalError: (20009, b'DB-Lib error message 20009, severity 9:\nUnable to connect: Adaptive Server is unavailable or does not exist (COSWINDE516D1)\n')
2026-07-24 15:07:57.599 | 2026-07-24 22:07:57,598 INFO 172.19.0.3 - "GET /metrics?target=hris-scl-engineering-db HTTP/1.1" 200 -
2026-07-24 15:08:01.797 | 2026-07-24 22:08:01,796 ERROR query 'size' failed for target 'hris-card-db'
2026-07-24 15:08:01.797 | Traceback (most recent call last):
2026-07-24 15:08:01.797 |   File "/app/src/collectors/base.py", line 52, in safe_collect_family
2026-07-24 15:08:01.797 |     result = builder()
2026-07-24 15:08:01.797 |              ^^^^^^^^^
2026-07-24 15:08:01.797 |   File "/app/src/collectors/postgres.py", line 94, in <lambda>
2026-07-24 15:08:01.797 |     ("size", lambda: self._size_family(cur)),
2026-07-24 15:08:01.797 |                      ^^^^^^^^^^^^^^^^^^^^^^
2026-07-24 15:08:01.797 |   File "/app/src/collectors/postgres.py", line 168, in _size_family
2026-07-24 15:08:01.797 |     cur.execute(_SIZE_SQL)
2026-07-24 15:08:01.797 |   File "/usr/local/lib/python3.12/site-packages/psycopg2/extras.py", line 146, in execute
2026-07-24 15:08:01.797 |     return super().execute(query, vars)
2026-07-24 15:08:01.797 |            ^^^^^^^^^^^^^^^^^^^^^^^^^^^^
2026-07-24 15:08:01.797 | psycopg2.errors.InsufficientPrivilege: permission denied for database rdsadmin
2026-07-24 15:08:01.797 | 
2026-07-24 15:08:01.797 | 2026-07-24 22:08:01,797 INFO 172.19.0.3 - "GET /metrics?target=hris-card-db HTTP/1.1" 200 -
2026-07-24 15:08:11.278 | 2026-07-24 22:08:11,277 ERROR query 'query_duration' failed for target 'hris-hims-db'
2026-07-24 15:08:11.278 | Traceback (most recent call last):
2026-07-24 15:08:11.278 |   File "/app/src/collectors/base.py", line 52, in safe_collect_family
2026-07-24 15:08:11.278 |     result = builder()
2026-07-24 15:08:11.278 |              ^^^^^^^^^
2026-07-24 15:08:11.278 |   File "/app/src/collectors/oracle.py", line 103, in <lambda>
2026-07-24 15:08:11.278 |     ("query_duration", lambda: self._query_duration_family(conn)),
2026-07-24 15:08:11.278 |                                ^^^^^^^^^^^^^^^^^^^^^^^^^^^^^^^^^
2026-07-24 15:08:11.278 |   File "/app/src/collectors/oracle.py", line 119, in _query_duration_family
2026-07-24 15:08:11.278 |     cur.execute(_QUERY_STATS_SQL)
2026-07-24 15:08:11.278 |   File "/usr/local/lib/python3.12/site-packages/oracledb/cursor.py", line 710, in execute
2026-07-24 15:08:11.278 |     impl.execute(self)
2026-07-24 15:08:11.278 |   File "src/oracledb/impl/thin/cursor.pyx", line 196, in oracledb.thin_impl.ThinCursorImpl.execute
2026-07-24 15:08:11.278 |   File "src/oracledb/impl/thin/protocol.pyx", line 440, in oracledb.thin_impl.Protocol._process_single_message
2026-07-24 15:08:11.278 |   File "src/oracledb/impl/thin/protocol.pyx", line 441, in oracledb.thin_impl.Protocol._process_single_message
2026-07-24 15:08:11.278 |   File "src/oracledb/impl/thin/protocol.pyx", line 433, in oracledb.thin_impl.Protocol._process_message
2026-07-24 15:08:11.278 |   File "src/oracledb/impl/thin/messages.pyx", line 74, in oracledb.thin_impl.Message._check_and_raise_exception
2026-07-24 15:08:11.278 | oracledb.exceptions.DatabaseError: ORA-00942: table or view does not exist
2026-07-24 15:08:11.278 | Help: https://docs.oracle.com/error-help/db/ora-00942/
2026-07-24 15:08:11.365 | 2026-07-24 22:08:11,364 INFO 172.19.0.3 - "GET /metrics?target=hris-hims-db HTTP/1.1" 200 -
2026-07-24 15:08:12.596 | 2026-07-24 22:08:12,595 ERROR scrape of target 'hris-scl-engineering-db' failed
2026-07-24 15:08:12.596 | Traceback (most recent call last):
2026-07-24 15:08:12.596 |   File "src/pymssql/_pymssql.pyx", line 650, in pymssql._pymssql.connect
2026-07-24 15:08:12.596 |   File "src/pymssql/_mssql.pyx", line 2158, in pymssql._mssql.connect
2026-07-24 15:08:12.596 |   File "src/pymssql/_mssql.pyx", line 712, in pymssql._mssql.MSSQLConnection.__init__
2026-07-24 15:08:12.596 |   File "src/pymssql/_mssql.pyx", line 1884, in pymssql._mssql.maybe_raise_MSSQLDatabaseException
2026-07-24 15:08:12.596 |   File "src/pymssql/_mssql.pyx", line 1901, in pymssql._mssql.raise_MSSQLDatabaseException
2026-07-24 15:08:12.596 | pymssql._mssql.MSSQLDatabaseException: (20009, b'DB-Lib error message 20009, severity 9:\nUnable to connect: Adaptive Server is unavailable or does not exist (COSWINDE516D1)\n')
2026-07-24 15:08:12.596 | 
2026-07-24 15:08:12.596 | During handling of the above exception, another exception occurred:
2026-07-24 15:08:12.596 | 
2026-07-24 15:08:12.596 | Traceback (most recent call last):
2026-07-24 15:08:12.596 |   File "/app/src/registry.py", line 74, in scrape
2026-07-24 15:08:12.596 |     families, had_partial_error = future.result(timeout=target.scrape_timeout_seconds)
2026-07-24 15:08:12.596 |                                   ^^^^^^^^^^^^^^^^^^^^^^^^^^^^^^^^^^^^^^^^^^^^^^^^^^^^
2026-07-24 15:08:12.596 |   File "/usr/local/lib/python3.12/concurrent/futures/_base.py", line 456, in result
2026-07-24 15:08:12.596 |     return self.__get_result()
2026-07-24 15:08:12.596 |            ^^^^^^^^^^^^^^^^^^^
2026-07-24 15:08:12.596 |   File "/usr/local/lib/python3.12/concurrent/futures/_base.py", line 401, in __get_result
2026-07-24 15:08:12.596 |     raise self._exception
2026-07-24 15:08:12.596 |   File "/usr/local/lib/python3.12/concurrent/futures/thread.py", line 59, in run
2026-07-24 15:08:12.596 |     result = self.fn(*self.args, **self.kwargs)
2026-07-24 15:08:12.596 |              ^^^^^^^^^^^^^^^^^^^^^^^^^^^^^^^^^^
2026-07-24 15:08:12.596 |   File "/app/src/registry.py", line 69, in _do_scrape
2026-07-24 15:08:12.596 |     conn = adapter.get_connection()
2026-07-24 15:08:12.596 |            ^^^^^^^^^^^^^^^^^^^^^^^^
2026-07-24 15:08:12.596 |   File "/app/src/collectors/base.py", line 65, in get_connection
2026-07-24 15:08:12.596 |     self._conn = self.connect()
2026-07-24 15:08:12.596 |                  ^^^^^^^^^^^^^^
2026-07-24 15:08:12.596 |   File "/app/src/collectors/sqlserver.py", line 70, in connect
2026-07-24 15:08:12.596 |     conn = pymssql.connect(
2026-07-24 15:08:12.596 |            ^^^^^^^^^^^^^^^^
2026-07-24 15:08:12.596 |   File "src/pymssql/_pymssql.pyx", line 659, in pymssql._pymssql.connect
2026-07-24 15:08:12.596 | pymssql.exceptions.OperationalError: (20009, b'DB-Lib error message 20009, severity 9:\nUnable to connect: Adaptive Server is unavailable or does not exist (COSWINDE516D1)\n')
2026-07-24 15:08:12.596 | 2026-07-24 22:08:12,596 INFO 172.19.0.3 - "GET /metrics?target=hris-scl-engineering-db HTTP/1.1" 200 -
2026-07-24 15:08:16.789 | 2026-07-24 22:08:16,788 ERROR query 'size' failed for target 'hris-card-db'
2026-07-24 15:08:16.789 | Traceback (most recent call last):
2026-07-24 15:08:16.789 |   File "/app/src/collectors/base.py", line 52, in safe_collect_family
2026-07-24 15:08:16.789 |     result = builder()
2026-07-24 15:08:16.789 |              ^^^^^^^^^
2026-07-24 15:08:16.789 |   File "/app/src/collectors/postgres.py", line 94, in <lambda>
2026-07-24 15:08:16.789 |     ("size", lambda: self._size_family(cur)),
2026-07-24 15:08:16.789 |                      ^^^^^^^^^^^^^^^^^^^^^^
2026-07-24 15:08:16.789 |   File "/app/src/collectors/postgres.py", line 168, in _size_family
2026-07-24 15:08:16.789 |     cur.execute(_SIZE_SQL)
2026-07-24 15:08:16.789 |   File "/usr/local/lib/python3.12/site-packages/psycopg2/extras.py", line 146, in execute
2026-07-24 15:08:16.789 |     return super().execute(query, vars)
2026-07-24 15:08:16.789 |            ^^^^^^^^^^^^^^^^^^^^^^^^^^^^
2026-07-24 15:08:16.789 | psycopg2.errors.InsufficientPrivilege: permission denied for database rdsadmin
2026-07-24 15:08:16.789 | 
2026-07-24 15:08:16.789 | 2026-07-24 22:08:16,789 INFO 172.19.0.3 - "GET /metrics?target=hris-card-db HTTP/1.1" 200 -
2026-07-24 15:08:20.994 | 2026-07-24 22:08:20,994 INFO 127.0.0.1 - "GET /health HTTP/1.1" 200 -
2026-07-24 15:08:26.277 | 2026-07-24 22:08:26,276 ERROR query 'query_duration' failed for target 'hris-hims-db'
2026-07-24 15:08:26.277 | Traceback (most recent call last):
2026-07-24 15:08:26.277 |   File "/app/src/collectors/base.py", line 52, in safe_collect_family
2026-07-24 15:08:26.277 |     result = builder()
2026-07-24 15:08:26.277 |              ^^^^^^^^^
2026-07-24 15:08:26.277 |   File "/app/src/collectors/oracle.py", line 103, in <lambda>
2026-07-24 15:08:26.277 |     ("query_duration", lambda: self._query_duration_family(conn)),
2026-07-24 15:08:26.277 |                                ^^^^^^^^^^^^^^^^^^^^^^^^^^^^^^^^^
2026-07-24 15:08:26.277 |   File "/app/src/collectors/oracle.py", line 119, in _query_duration_family
2026-07-24 15:08:26.277 |     cur.execute(_QUERY_STATS_SQL)
2026-07-24 15:08:26.277 |   File "/usr/local/lib/python3.12/site-packages/oracledb/cursor.py", line 710, in execute
2026-07-24 15:08:26.277 |     impl.execute(self)
2026-07-24 15:08:26.277 |   File "src/oracledb/impl/thin/cursor.pyx", line 196, in oracledb.thin_impl.ThinCursorImpl.execute
2026-07-24 15:08:26.277 |   File "src/oracledb/impl/thin/protocol.pyx", line 440, in oracledb.thin_impl.Protocol._process_single_message
2026-07-24 15:08:26.277 |   File "src/oracledb/impl/thin/protocol.pyx", line 441, in oracledb.thin_impl.Protocol._process_single_message
2026-07-24 15:08:26.277 |   File "src/oracledb/impl/thin/protocol.pyx", line 433, in oracledb.thin_impl.Protocol._process_message
2026-07-24 15:08:26.277 |   File "src/oracledb/impl/thin/messages.pyx", line 74, in oracledb.thin_impl.Message._check_and_raise_exception
2026-07-24 15:08:26.277 | oracledb.exceptions.DatabaseError: ORA-00942: table or view does not exist
2026-07-24 15:08:26.277 | Help: https://docs.oracle.com/error-help/db/ora-00942/
2026-07-24 15:08:26.354 | 2026-07-24 22:08:26,354 INFO 172.19.0.3 - "GET /metrics?target=hris-hims-db HTTP/1.1" 200 -
2026-07-24 15:08:27.579 | 2026-07-24 22:08:27,578 ERROR scrape of target 'hris-scl-engineering-db' failed
2026-07-24 15:08:27.579 | Traceback (most recent call last):
2026-07-24 15:08:27.579 |   File "src/pymssql/_pymssql.pyx", line 650, in pymssql._pymssql.connect
2026-07-24 15:08:27.579 |   File "src/pymssql/_mssql.pyx", line 2158, in pymssql._mssql.connect
2026-07-24 15:08:27.579 |   File "src/pymssql/_mssql.pyx", line 712, in pymssql._mssql.MSSQLConnection.__init__
2026-07-24 15:08:27.579 |   File "src/pymssql/_mssql.pyx", line 1884, in pymssql._mssql.maybe_raise_MSSQLDatabaseException
2026-07-24 15:08:27.579 |   File "src/pymssql/_mssql.pyx", line 1901, in pymssql._mssql.raise_MSSQLDatabaseException
2026-07-24 15:08:27.579 | pymssql._mssql.MSSQLDatabaseException: (20009, b'DB-Lib error message 20009, severity 9:\nUnable to connect: Adaptive Server is unavailable or does not exist (COSWINDE516D1)\n')
2026-07-24 15:08:27.579 | 
2026-07-24 15:08:27.579 | During handling of the above exception, another exception occurred:
2026-07-24 15:08:27.579 | 
2026-07-24 15:08:27.579 | Traceback (most recent call last):
2026-07-24 15:08:27.579 |   File "/app/src/registry.py", line 74, in scrape
2026-07-24 15:08:27.579 |     families, had_partial_error = future.result(timeout=target.scrape_timeout_seconds)
2026-07-24 15:08:27.579 |                                   ^^^^^^^^^^^^^^^^^^^^^^^^^^^^^^^^^^^^^^^^^^^^^^^^^^^^
2026-07-24 15:08:27.579 |   File "/usr/local/lib/python3.12/concurrent/futures/_base.py", line 456, in result
2026-07-24 15:08:27.579 |     return self.__get_result()
2026-07-24 15:08:27.579 |            ^^^^^^^^^^^^^^^^^^^
2026-07-24 15:08:27.579 |   File "/usr/local/lib/python3.12/concurrent/futures/_base.py", line 401, in __get_result
2026-07-24 15:08:27.579 |     raise self._exception
2026-07-24 15:08:27.579 |   File "/usr/local/lib/python3.12/concurrent/futures/thread.py", line 59, in run
2026-07-24 15:08:27.579 |     result = self.fn(*self.args, **self.kwargs)
2026-07-24 15:08:27.579 |              ^^^^^^^^^^^^^^^^^^^^^^^^^^^^^^^^^^
2026-07-24 15:08:27.579 |   File "/app/src/registry.py", line 69, in _do_scrape
2026-07-24 15:08:27.579 |     conn = adapter.get_connection()
2026-07-24 15:08:27.579 |            ^^^^^^^^^^^^^^^^^^^^^^^^
2026-07-24 15:08:27.579 |   File "/app/src/collectors/base.py", line 65, in get_connection
2026-07-24 15:08:27.579 |     self._conn = self.connect()
2026-07-24 15:08:27.579 |                  ^^^^^^^^^^^^^^
2026-07-24 15:08:27.579 |   File "/app/src/collectors/sqlserver.py", line 70, in connect
2026-07-24 15:08:27.579 |     conn = pymssql.connect(
2026-07-24 15:08:27.579 |            ^^^^^^^^^^^^^^^^
2026-07-24 15:08:27.579 |   File "src/pymssql/_pymssql.pyx", line 659, in pymssql._pymssql.connect
2026-07-24 15:08:27.579 | pymssql.exceptions.OperationalError: (20009, b'DB-Lib error message 20009, severity 9:\nUnable to connect: Adaptive Server is unavailable or does not exist (COSWINDE516D1)\n')
2026-07-24 15:08:27.579 | 2026-07-24 22:08:27,579 INFO 172.19.0.3 - "GET /metrics?target=hris-scl-engineering-db HTTP/1.1" 200 -
2026-07-24 15:08:31.778 | 2026-07-24 22:08:31,778 ERROR query 'size' failed for target 'hris-card-db'
2026-07-24 15:08:31.778 | Traceback (most recent call last):
2026-07-24 15:08:31.778 |   File "/app/src/collectors/base.py", line 52, in safe_collect_family
2026-07-24 15:08:31.778 |     result = builder()
2026-07-24 15:08:31.778 |              ^^^^^^^^^
2026-07-24 15:08:31.778 |   File "/app/src/collectors/postgres.py", line 94, in <lambda>
2026-07-24 15:08:31.778 |     ("size", lambda: self._size_family(cur)),
2026-07-24 15:08:31.778 |                      ^^^^^^^^^^^^^^^^^^^^^^
2026-07-24 15:08:31.778 |   File "/app/src/collectors/postgres.py", line 168, in _size_family
2026-07-24 15:08:31.778 |     cur.execute(_SIZE_SQL)
2026-07-24 15:08:31.778 |   File "/usr/local/lib/python3.12/site-packages/psycopg2/extras.py", line 146, in execute
2026-07-24 15:08:31.778 |     return super().execute(query, vars)
2026-07-24 15:08:31.778 |            ^^^^^^^^^^^^^^^^^^^^^^^^^^^^
2026-07-24 15:08:31.778 | psycopg2.errors.InsufficientPrivilege: permission denied for database rdsadmin
2026-07-24 15:08:31.778 | 
2026-07-24 15:08:31.778 | 2026-07-24 22:08:31,778 INFO 172.19.0.3 - "GET /metrics?target=hris-card-db HTTP/1.1" 200 -
2026-07-24 15:08:41.279 | 2026-07-24 22:08:41,278 ERROR query 'query_duration' failed for target 'hris-hims-db'
2026-07-24 15:08:41.279 | Traceback (most recent call last):
2026-07-24 15:08:41.279 |   File "/app/src/collectors/base.py", line 52, in safe_collect_family
2026-07-24 15:08:41.279 |     result = builder()
2026-07-24 15:08:41.279 |              ^^^^^^^^^
2026-07-24 15:08:41.279 |   File "/app/src/collectors/oracle.py", line 103, in <lambda>
2026-07-24 15:08:41.279 |     ("query_duration", lambda: self._query_duration_family(conn)),
2026-07-24 15:08:41.279 |                                ^^^^^^^^^^^^^^^^^^^^^^^^^^^^^^^^^
2026-07-24 15:08:41.279 |   File "/app/src/collectors/oracle.py", line 119, in _query_duration_family
2026-07-24 15:08:41.279 |     cur.execute(_QUERY_STATS_SQL)
2026-07-24 15:08:41.279 |   File "/usr/local/lib/python3.12/site-packages/oracledb/cursor.py", line 710, in execute
2026-07-24 15:08:41.279 |     impl.execute(self)
2026-07-24 15:08:41.279 |   File "src/oracledb/impl/thin/cursor.pyx", line 196, in oracledb.thin_impl.ThinCursorImpl.execute
2026-07-24 15:08:41.279 |   File "src/oracledb/impl/thin/protocol.pyx", line 440, in oracledb.thin_impl.Protocol._process_single_message
2026-07-24 15:08:41.279 |   File "src/oracledb/impl/thin/protocol.pyx", line 441, in oracledb.thin_impl.Protocol._process_single_message
2026-07-24 15:08:41.279 |   File "src/oracledb/impl/thin/protocol.pyx", line 433, in oracledb.thin_impl.Protocol._process_message
2026-07-24 15:08:41.279 |   File "src/oracledb/impl/thin/messages.pyx", line 74, in oracledb.thin_impl.Message._check_and_raise_exception
2026-07-24 15:08:41.279 | oracledb.exceptions.DatabaseError: ORA-00942: table or view does not exist
2026-07-24 15:08:41.279 | Help: https://docs.oracle.com/error-help/db/ora-00942/
2026-07-24 15:08:42.501 | 2026-07-24 22:08:42,501 INFO 172.19.0.3 - "GET /metrics?target=hris-hims-db HTTP/1.1" 200 -
2026-07-24 15:08:42.581 | 2026-07-24 22:08:42,579 ERROR scrape of target 'hris-scl-engineering-db' failed
2026-07-24 15:08:42.581 | Traceback (most recent call last):
2026-07-24 15:08:42.581 |   File "src/pymssql/_pymssql.pyx", line 650, in pymssql._pymssql.connect
2026-07-24 15:08:42.581 |   File "src/pymssql/_mssql.pyx", line 2158, in pymssql._mssql.connect
2026-07-24 15:08:42.581 |   File "src/pymssql/_mssql.pyx", line 712, in pymssql._mssql.MSSQLConnection.__init__
2026-07-24 15:08:42.581 |   File "src/pymssql/_mssql.pyx", line 1884, in pymssql._mssql.maybe_raise_MSSQLDatabaseException
2026-07-24 15:08:42.581 |   File "src/pymssql/_mssql.pyx", line 1901, in pymssql._mssql.raise_MSSQLDatabaseException
2026-07-24 15:08:42.581 | pymssql._mssql.MSSQLDatabaseException: (20009, b'DB-Lib error message 20009, severity 9:\nUnable to connect: Adaptive Server is unavailable or does not exist (COSWINDE516D1)\n')
2026-07-24 15:08:42.581 | 
2026-07-24 15:08:42.581 | During handling of the above exception, another exception occurred:
2026-07-24 15:08:42.581 | 
2026-07-24 15:08:42.581 | Traceback (most recent call last):
2026-07-24 15:08:42.581 |   File "/app/src/registry.py", line 74, in scrape
2026-07-24 15:08:42.581 |     families, had_partial_error = future.result(timeout=target.scrape_timeout_seconds)
2026-07-24 15:08:42.581 |                                   ^^^^^^^^^^^^^^^^^^^^^^^^^^^^^^^^^^^^^^^^^^^^^^^^^^^^
2026-07-24 15:08:42.581 |   File "/usr/local/lib/python3.12/concurrent/futures/_base.py", line 456, in result
2026-07-24 15:08:42.581 |     return self.__get_result()
2026-07-24 15:08:42.581 |            ^^^^^^^^^^^^^^^^^^^
2026-07-24 15:08:42.581 |   File "/usr/local/lib/python3.12/concurrent/futures/_base.py", line 401, in __get_result
2026-07-24 15:08:42.581 |     raise self._exception
2026-07-24 15:08:42.581 |   File "/usr/local/lib/python3.12/concurrent/futures/thread.py", line 59, in run
2026-07-24 15:08:42.581 |     result = self.fn(*self.args, **self.kwargs)
2026-07-24 15:08:42.581 |              ^^^^^^^^^^^^^^^^^^^^^^^^^^^^^^^^^^
2026-07-24 15:08:42.581 |   File "/app/src/registry.py", line 69, in _do_scrape
2026-07-24 15:08:42.581 |     conn = adapter.get_connection()
2026-07-24 15:08:42.581 |            ^^^^^^^^^^^^^^^^^^^^^^^^
2026-07-24 15:08:42.581 |   File "/app/src/collectors/base.py", line 65, in get_connection
2026-07-24 15:08:42.581 |     self._conn = self.connect()
2026-07-24 15:08:42.581 |                  ^^^^^^^^^^^^^^
2026-07-24 15:08:42.581 |   File "/app/src/collectors/sqlserver.py", line 70, in connect
2026-07-24 15:08:42.581 |     conn = pymssql.connect(
2026-07-24 15:08:42.581 |            ^^^^^^^^^^^^^^^^
2026-07-24 15:08:42.581 |   File "src/pymssql/_pymssql.pyx", line 659, in pymssql._pymssql.connect
2026-07-24 15:08:42.581 | pymssql.exceptions.OperationalError: (20009, b'DB-Lib error message 20009, severity 9:\nUnable to connect: Adaptive Server is unavailable or does not exist (COSWINDE516D1)\n')
2026-07-24 15:08:42.581 | 2026-07-24 22:08:42,581 INFO 172.19.0.3 - "GET /metrics?target=hris-scl-engineering-db HTTP/1.1" 200 -
2026-07-24 15:08:46.791 | 2026-07-24 22:08:46,791 ERROR query 'size' failed for target 'hris-card-db'
2026-07-24 15:08:46.791 | Traceback (most recent call last):
2026-07-24 15:08:46.791 |   File "/app/src/collectors/base.py", line 52, in safe_collect_family
2026-07-24 15:08:46.791 |     result = builder()
2026-07-24 15:08:46.791 |              ^^^^^^^^^
2026-07-24 15:08:46.791 |   File "/app/src/collectors/postgres.py", line 94, in <lambda>
2026-07-24 15:08:46.791 |     ("size", lambda: self._size_family(cur)),
2026-07-24 15:08:46.791 |                      ^^^^^^^^^^^^^^^^^^^^^^
2026-07-24 15:08:46.791 |   File "/app/src/collectors/postgres.py", line 168, in _size_family
2026-07-24 15:08:46.791 |     cur.execute(_SIZE_SQL)
2026-07-24 15:08:46.791 |   File "/usr/local/lib/python3.12/site-packages/psycopg2/extras.py", line 146, in execute
2026-07-24 15:08:46.791 |     return super().execute(query, vars)
2026-07-24 15:08:46.791 |            ^^^^^^^^^^^^^^^^^^^^^^^^^^^^
2026-07-24 15:08:46.791 | psycopg2.errors.InsufficientPrivilege: permission denied for database rdsadmin
2026-07-24 15:08:46.791 | 
2026-07-24 15:08:46.792 | 2026-07-24 22:08:46,792 INFO 172.19.0.3 - "GET /metrics?target=hris-card-db HTTP/1.1" 200 -
2026-07-24 15:08:51.120 | 2026-07-24 22:08:51,119 INFO 127.0.0.1 - "GET /health HTTP/1.1" 200 -
2026-07-24 15:08:56.277 | 2026-07-24 22:08:56,277 ERROR query 'query_duration' failed for target 'hris-hims-db'
2026-07-24 15:08:56.277 | Traceback (most recent call last):
2026-07-24 15:08:56.277 |   File "/app/src/collectors/base.py", line 52, in safe_collect_family
2026-07-24 15:08:56.277 |     result = builder()
2026-07-24 15:08:56.277 |              ^^^^^^^^^
2026-07-24 15:08:56.277 |   File "/app/src/collectors/oracle.py", line 103, in <lambda>
2026-07-24 15:08:56.277 |     ("query_duration", lambda: self._query_duration_family(conn)),
2026-07-24 15:08:56.277 |                                ^^^^^^^^^^^^^^^^^^^^^^^^^^^^^^^^^
2026-07-24 15:08:56.277 |   File "/app/src/collectors/oracle.py", line 119, in _query_duration_family
2026-07-24 15:08:56.277 |     cur.execute(_QUERY_STATS_SQL)
2026-07-24 15:08:56.277 |   File "/usr/local/lib/python3.12/site-packages/oracledb/cursor.py", line 710, in execute
2026-07-24 15:08:56.277 |     impl.execute(self)
2026-07-24 15:08:56.277 |   File "src/oracledb/impl/thin/cursor.pyx", line 196, in oracledb.thin_impl.ThinCursorImpl.execute
2026-07-24 15:08:56.277 |   File "src/oracledb/impl/thin/protocol.pyx", line 440, in oracledb.thin_impl.Protocol._process_single_message
2026-07-24 15:08:56.277 |   File "src/oracledb/impl/thin/protocol.pyx", line 441, in oracledb.thin_impl.Protocol._process_single_message
2026-07-24 15:08:56.277 |   File "src/oracledb/impl/thin/protocol.pyx", line 433, in oracledb.thin_impl.Protocol._process_message
2026-07-24 15:08:56.278 |   File "src/oracledb/impl/thin/messages.pyx", line 74, in oracledb.thin_impl.Message._check_and_raise_exception
2026-07-24 15:08:56.278 | oracledb.exceptions.DatabaseError: ORA-00942: table or view does not exist
2026-07-24 15:08:56.278 | Help: https://docs.oracle.com/error-help/db/ora-00942/
2026-07-24 15:08:56.358 | 2026-07-24 22:08:56,358 INFO 172.19.0.3 - "GET /metrics?target=hris-hims-db HTTP/1.1" 200 -
2026-07-24 15:08:57.597 | 2026-07-24 22:08:57,596 ERROR scrape of target 'hris-scl-engineering-db' failed
2026-07-24 15:08:57.597 | Traceback (most recent call last):
2026-07-24 15:08:57.597 |   File "src/pymssql/_pymssql.pyx", line 650, in pymssql._pymssql.connect
2026-07-24 15:08:57.597 |   File "src/pymssql/_mssql.pyx", line 2158, in pymssql._mssql.connect
2026-07-24 15:08:57.597 |   File "src/pymssql/_mssql.pyx", line 712, in pymssql._mssql.MSSQLConnection.__init__
2026-07-24 15:08:57.597 |   File "src/pymssql/_mssql.pyx", line 1884, in pymssql._mssql.maybe_raise_MSSQLDatabaseException
2026-07-24 15:08:57.597 |   File "src/pymssql/_mssql.pyx", line 1901, in pymssql._mssql.raise_MSSQLDatabaseException
2026-07-24 15:08:57.597 | pymssql._mssql.MSSQLDatabaseException: (20009, b'DB-Lib error message 20009, severity 9:\nUnable to connect: Adaptive Server is unavailable or does not exist (COSWINDE516D1)\n')
2026-07-24 15:08:57.597 | 
2026-07-24 15:08:57.597 | During handling of the above exception, another exception occurred:
2026-07-24 15:08:57.597 | 
2026-07-24 15:08:57.597 | Traceback (most recent call last):
2026-07-24 15:08:57.597 |   File "/app/src/registry.py", line 74, in scrape
2026-07-24 15:08:57.597 |     families, had_partial_error = future.result(timeout=target.scrape_timeout_seconds)
2026-07-24 15:08:57.597 |                                   ^^^^^^^^^^^^^^^^^^^^^^^^^^^^^^^^^^^^^^^^^^^^^^^^^^^^
2026-07-24 15:08:57.597 |   File "/usr/local/lib/python3.12/concurrent/futures/_base.py", line 456, in result
2026-07-24 15:08:57.597 |     return self.__get_result()
2026-07-24 15:08:57.597 |            ^^^^^^^^^^^^^^^^^^^
2026-07-24 15:08:57.597 |   File "/usr/local/lib/python3.12/concurrent/futures/_base.py", line 401, in __get_result
2026-07-24 15:08:57.597 |     raise self._exception
2026-07-24 15:08:57.597 |   File "/usr/local/lib/python3.12/concurrent/futures/thread.py", line 59, in run
2026-07-24 15:08:57.597 |     result = self.fn(*self.args, **self.kwargs)
2026-07-24 15:08:57.597 |              ^^^^^^^^^^^^^^^^^^^^^^^^^^^^^^^^^^
2026-07-24 15:08:57.597 |   File "/app/src/registry.py", line 69, in _do_scrape
2026-07-24 15:08:57.597 |     conn = adapter.get_connection()
2026-07-24 15:08:57.597 |            ^^^^^^^^^^^^^^^^^^^^^^^^
2026-07-24 15:08:57.597 |   File "/app/src/collectors/base.py", line 65, in get_connection
2026-07-24 15:08:57.597 |     self._conn = self.connect()
2026-07-24 15:08:57.597 |                  ^^^^^^^^^^^^^^
2026-07-24 15:08:57.597 |   File "/app/src/collectors/sqlserver.py", line 70, in connect
2026-07-24 15:08:57.597 |     conn = pymssql.connect(
2026-07-24 15:08:57.597 |            ^^^^^^^^^^^^^^^^
2026-07-24 15:08:57.597 |   File "src/pymssql/_pymssql.pyx", line 659, in pymssql._pymssql.connect
2026-07-24 15:08:57.597 | pymssql.exceptions.OperationalError: (20009, b'DB-Lib error message 20009, severity 9:\nUnable to connect: Adaptive Server is unavailable or does not exist (COSWINDE516D1)\n')
2026-07-24 15:08:57.597 | 2026-07-24 22:08:57,597 INFO 172.19.0.3 - "GET /metrics?target=hris-scl-engineering-db HTTP/1.1" 200 -
2026-07-24 15:09:01.826 | 2026-07-24 22:09:01,825 ERROR query 'size' failed for target 'hris-card-db'
2026-07-24 15:09:01.826 | Traceback (most recent call last):
2026-07-24 15:09:01.826 |   File "/app/src/collectors/base.py", line 52, in safe_collect_family
2026-07-24 15:09:01.826 |     result = builder()
2026-07-24 15:09:01.826 |              ^^^^^^^^^
2026-07-24 15:09:01.826 |   File "/app/src/collectors/postgres.py", line 94, in <lambda>
2026-07-24 15:09:01.826 |     ("size", lambda: self._size_family(cur)),
2026-07-24 15:09:01.826 |                      ^^^^^^^^^^^^^^^^^^^^^^
2026-07-24 15:09:01.826 |   File "/app/src/collectors/postgres.py", line 168, in _size_family
2026-07-24 15:09:01.826 |     cur.execute(_SIZE_SQL)
2026-07-24 15:09:01.826 |   File "/usr/local/lib/python3.12/site-packages/psycopg2/extras.py", line 146, in execute
2026-07-24 15:09:01.826 |     return super().execute(query, vars)
2026-07-24 15:09:01.826 |            ^^^^^^^^^^^^^^^^^^^^^^^^^^^^
2026-07-24 15:09:01.826 | psycopg2.errors.InsufficientPrivilege: permission denied for database rdsadmin
2026-07-24 15:09:01.826 | 
2026-07-24 15:09:01.826 | 2026-07-24 22:09:01,826 INFO 172.19.0.3 - "GET /metrics?target=hris-card-db HTTP/1.1" 200 -
2026-07-24 15:09:11.276 | 2026-07-24 22:09:11,275 ERROR query 'query_duration' failed for target 'hris-hims-db'
2026-07-24 15:09:11.276 | Traceback (most recent call last):
2026-07-24 15:09:11.276 |   File "/app/src/collectors/base.py", line 52, in safe_collect_family
2026-07-24 15:09:11.276 |     result = builder()
2026-07-24 15:09:11.276 |              ^^^^^^^^^
2026-07-24 15:09:11.276 |   File "/app/src/collectors/oracle.py", line 103, in <lambda>
2026-07-24 15:09:11.276 |     ("query_duration", lambda: self._query_duration_family(conn)),
2026-07-24 15:09:11.276 |                                ^^^^^^^^^^^^^^^^^^^^^^^^^^^^^^^^^
2026-07-24 15:09:11.276 |   File "/app/src/collectors/oracle.py", line 119, in _query_duration_family
2026-07-24 15:09:11.276 |     cur.execute(_QUERY_STATS_SQL)
2026-07-24 15:09:11.276 |   File "/usr/local/lib/python3.12/site-packages/oracledb/cursor.py", line 710, in execute
2026-07-24 15:09:11.276 |     impl.execute(self)
2026-07-24 15:09:11.276 |   File "src/oracledb/impl/thin/cursor.pyx", line 196, in oracledb.thin_impl.ThinCursorImpl.execute
2026-07-24 15:09:11.276 |   File "src/oracledb/impl/thin/protocol.pyx", line 440, in oracledb.thin_impl.Protocol._process_single_message
2026-07-24 15:09:11.276 |   File "src/oracledb/impl/thin/protocol.pyx", line 441, in oracledb.thin_impl.Protocol._process_single_message
2026-07-24 15:09:11.276 |   File "src/oracledb/impl/thin/protocol.pyx", line 433, in oracledb.thin_impl.Protocol._process_message
2026-07-24 15:09:11.276 |   File "src/oracledb/impl/thin/messages.pyx", line 74, in oracledb.thin_impl.Message._check_and_raise_exception
2026-07-24 15:09:11.276 | oracledb.exceptions.DatabaseError: ORA-00942: table or view does not exist
2026-07-24 15:09:11.276 | Help: https://docs.oracle.com/error-help/db/ora-00942/
2026-07-24 15:09:11.349 | 2026-07-24 22:09:11,349 INFO 172.19.0.3 - "GET /metrics?target=hris-hims-db HTTP/1.1" 200 -
2026-07-24 15:09:12.598 | 2026-07-24 22:09:12,597 ERROR scrape of target 'hris-scl-engineering-db' failed
2026-07-24 15:09:12.598 | Traceback (most recent call last):
2026-07-24 15:09:12.598 |   File "src/pymssql/_pymssql.pyx", line 650, in pymssql._pymssql.connect
2026-07-24 15:09:12.598 |   File "src/pymssql/_mssql.pyx", line 2158, in pymssql._mssql.connect
2026-07-24 15:09:12.598 |   File "src/pymssql/_mssql.pyx", line 712, in pymssql._mssql.MSSQLConnection.__init__
2026-07-24 15:09:12.598 |   File "src/pymssql/_mssql.pyx", line 1884, in pymssql._mssql.maybe_raise_MSSQLDatabaseException
2026-07-24 15:09:12.598 |   File "src/pymssql/_mssql.pyx", line 1901, in pymssql._mssql.raise_MSSQLDatabaseException
2026-07-24 15:09:12.598 | pymssql._mssql.MSSQLDatabaseException: (20009, b'DB-Lib error message 20009, severity 9:\nUnable to connect: Adaptive Server is unavailable or does not exist (COSWINDE516D1)\n')
2026-07-24 15:09:12.598 | 
2026-07-24 15:09:12.598 | During handling of the above exception, another exception occurred:
2026-07-24 15:09:12.598 | 
2026-07-24 15:09:12.598 | Traceback (most recent call last):
2026-07-24 15:09:12.598 |   File "/app/src/registry.py", line 74, in scrape
2026-07-24 15:09:12.598 |     families, had_partial_error = future.result(timeout=target.scrape_timeout_seconds)
2026-07-24 15:09:12.598 |                                   ^^^^^^^^^^^^^^^^^^^^^^^^^^^^^^^^^^^^^^^^^^^^^^^^^^^^
2026-07-24 15:09:12.598 |   File "/usr/local/lib/python3.12/concurrent/futures/_base.py", line 456, in result
2026-07-24 15:09:12.598 |     return self.__get_result()
2026-07-24 15:09:12.598 |            ^^^^^^^^^^^^^^^^^^^
2026-07-24 15:09:12.598 |   File "/usr/local/lib/python3.12/concurrent/futures/_base.py", line 401, in __get_result
2026-07-24 15:09:12.598 |     raise self._exception
2026-07-24 15:09:12.598 |   File "/usr/local/lib/python3.12/concurrent/futures/thread.py", line 59, in run
2026-07-24 15:09:12.598 |     result = self.fn(*self.args, **self.kwargs)
2026-07-24 15:09:12.598 |              ^^^^^^^^^^^^^^^^^^^^^^^^^^^^^^^^^^
2026-07-24 15:09:12.598 |   File "/app/src/registry.py", line 69, in _do_scrape
2026-07-24 15:09:12.598 |     conn = adapter.get_connection()
2026-07-24 15:09:12.598 |            ^^^^^^^^^^^^^^^^^^^^^^^^
2026-07-24 15:09:12.598 |   File "/app/src/collectors/base.py", line 65, in get_connection
2026-07-24 15:09:12.598 |     self._conn = self.connect()
2026-07-24 15:09:12.598 |                  ^^^^^^^^^^^^^^
2026-07-24 15:09:12.598 |   File "/app/src/collectors/sqlserver.py", line 70, in connect
2026-07-24 15:09:12.598 |     conn = pymssql.connect(
2026-07-24 15:09:12.598 |            ^^^^^^^^^^^^^^^^
2026-07-24 15:09:12.598 |   File "src/pymssql/_pymssql.pyx", line 659, in pymssql._pymssql.connect
2026-07-24 15:09:12.598 | pymssql.exceptions.OperationalError: (20009, b'DB-Lib error message 20009, severity 9:\nUnable to connect: Adaptive Server is unavailable or does not exist (COSWINDE516D1)\n')
2026-07-24 15:09:12.598 | 2026-07-24 22:09:12,598 INFO 172.19.0.3 - "GET /metrics?target=hris-scl-engineering-db HTTP/1.1" 200 -
2026-07-24 15:09:16.796 | 2026-07-24 22:09:16,795 ERROR query 'size' failed for target 'hris-card-db'
2026-07-24 15:09:16.796 | Traceback (most recent call last):
2026-07-24 15:09:16.796 |   File "/app/src/collectors/base.py", line 52, in safe_collect_family
2026-07-24 15:09:16.796 |     result = builder()
2026-07-24 15:09:16.796 |              ^^^^^^^^^
2026-07-24 15:09:16.796 |   File "/app/src/collectors/postgres.py", line 94, in <lambda>
2026-07-24 15:09:16.796 |     ("size", lambda: self._size_family(cur)),
2026-07-24 15:09:16.796 |                      ^^^^^^^^^^^^^^^^^^^^^^
2026-07-24 15:09:16.796 |   File "/app/src/collectors/postgres.py", line 168, in _size_family
2026-07-24 15:09:16.796 |     cur.execute(_SIZE_SQL)
2026-07-24 15:09:16.796 |   File "/usr/local/lib/python3.12/site-packages/psycopg2/extras.py", line 146, in execute
2026-07-24 15:09:16.796 |     return super().execute(query, vars)
2026-07-24 15:09:16.796 |            ^^^^^^^^^^^^^^^^^^^^^^^^^^^^
2026-07-24 15:09:16.796 | psycopg2.errors.InsufficientPrivilege: permission denied for database rdsadmin
2026-07-24 15:09:16.796 | 
2026-07-24 15:09:16.797 | 2026-07-24 22:09:16,797 INFO 172.19.0.3 - "GET /metrics?target=hris-card-db HTTP/1.1" 200 -
2026-07-24 15:09:21.240 | 2026-07-24 22:09:21,240 INFO 127.0.0.1 - "GET /health HTTP/1.1" 200 -
2026-07-24 15:09:26.280 | 2026-07-24 22:09:26,279 ERROR query 'query_duration' failed for target 'hris-hims-db'
2026-07-24 15:09:26.280 | Traceback (most recent call last):
2026-07-24 15:09:26.280 |   File "/app/src/collectors/base.py", line 52, in safe_collect_family
2026-07-24 15:09:26.280 |     result = builder()
2026-07-24 15:09:26.280 |              ^^^^^^^^^
2026-07-24 15:09:26.280 |   File "/app/src/collectors/oracle.py", line 103, in <lambda>
2026-07-24 15:09:26.280 |     ("query_duration", lambda: self._query_duration_family(conn)),
2026-07-24 15:09:26.280 |                                ^^^^^^^^^^^^^^^^^^^^^^^^^^^^^^^^^
2026-07-24 15:09:26.280 |   File "/app/src/collectors/oracle.py", line 119, in _query_duration_family
2026-07-24 15:09:26.280 |     cur.execute(_QUERY_STATS_SQL)
2026-07-24 15:09:26.280 |   File "/usr/local/lib/python3.12/site-packages/oracledb/cursor.py", line 710, in execute
2026-07-24 15:09:26.280 |     impl.execute(self)
2026-07-24 15:09:26.280 |   File "src/oracledb/impl/thin/cursor.pyx", line 196, in oracledb.thin_impl.ThinCursorImpl.execute
2026-07-24 15:09:26.280 |   File "src/oracledb/impl/thin/protocol.pyx", line 440, in oracledb.thin_impl.Protocol._process_single_message
2026-07-24 15:09:26.280 |   File "src/oracledb/impl/thin/protocol.pyx", line 441, in oracledb.thin_impl.Protocol._process_single_message
2026-07-24 15:09:26.280 |   File "src/oracledb/impl/thin/protocol.pyx", line 433, in oracledb.thin_impl.Protocol._process_message
2026-07-24 15:09:26.280 |   File "src/oracledb/impl/thin/messages.pyx", line 74, in oracledb.thin_impl.Message._check_and_raise_exception
2026-07-24 15:09:26.280 | oracledb.exceptions.DatabaseError: ORA-00942: table or view does not exist
2026-07-24 15:09:26.280 | Help: https://docs.oracle.com/error-help/db/ora-00942/
2026-07-24 15:09:26.378 | 2026-07-24 22:09:26,377 INFO 172.19.0.3 - "GET /metrics?target=hris-hims-db HTTP/1.1" 200 -
2026-07-24 15:09:27.597 | 2026-07-24 22:09:27,595 ERROR scrape of target 'hris-scl-engineering-db' failed
2026-07-24 15:09:27.597 | Traceback (most recent call last):
2026-07-24 15:09:27.597 |   File "src/pymssql/_pymssql.pyx", line 650, in pymssql._pymssql.connect
2026-07-24 15:09:27.597 |   File "src/pymssql/_mssql.pyx", line 2158, in pymssql._mssql.connect
2026-07-24 15:09:27.597 |   File "src/pymssql/_mssql.pyx", line 712, in pymssql._mssql.MSSQLConnection.__init__
2026-07-24 15:09:27.597 |   File "src/pymssql/_mssql.pyx", line 1884, in pymssql._mssql.maybe_raise_MSSQLDatabaseException
2026-07-24 15:09:27.597 |   File "src/pymssql/_mssql.pyx", line 1901, in pymssql._mssql.raise_MSSQLDatabaseException
2026-07-24 15:09:27.597 | pymssql._mssql.MSSQLDatabaseException: (20009, b'DB-Lib error message 20009, severity 9:\nUnable to connect: Adaptive Server is unavailable or does not exist (COSWINDE516D1)\n')
2026-07-24 15:09:27.597 | 
2026-07-24 15:09:27.597 | During handling of the above exception, another exception occurred:
2026-07-24 15:09:27.597 | 
2026-07-24 15:09:27.597 | Traceback (most recent call last):
2026-07-24 15:09:27.597 |   File "/app/src/registry.py", line 74, in scrape
2026-07-24 15:09:27.597 |     families, had_partial_error = future.result(timeout=target.scrape_timeout_seconds)
2026-07-24 15:09:27.597 |                                   ^^^^^^^^^^^^^^^^^^^^^^^^^^^^^^^^^^^^^^^^^^^^^^^^^^^^
2026-07-24 15:09:27.597 |   File "/usr/local/lib/python3.12/concurrent/futures/_base.py", line 456, in result
2026-07-24 15:09:27.597 |     return self.__get_result()
2026-07-24 15:09:27.597 |            ^^^^^^^^^^^^^^^^^^^
2026-07-24 15:09:27.597 |   File "/usr/local/lib/python3.12/concurrent/futures/_base.py", line 401, in __get_result
2026-07-24 15:09:27.597 |     raise self._exception
2026-07-24 15:09:27.597 |   File "/usr/local/lib/python3.12/concurrent/futures/thread.py", line 59, in run
2026-07-24 15:09:27.597 |     result = self.fn(*self.args, **self.kwargs)
2026-07-24 15:09:27.597 |              ^^^^^^^^^^^^^^^^^^^^^^^^^^^^^^^^^^
2026-07-24 15:09:27.597 |   File "/app/src/registry.py", line 69, in _do_scrape
2026-07-24 15:09:27.597 |     conn = adapter.get_connection()
2026-07-24 15:09:27.597 |            ^^^^^^^^^^^^^^^^^^^^^^^^
2026-07-24 15:09:27.597 |   File "/app/src/collectors/base.py", line 65, in get_connection
2026-07-24 15:09:27.597 |     self._conn = self.connect()
2026-07-24 15:09:27.597 |                  ^^^^^^^^^^^^^^
2026-07-24 15:09:27.597 |   File "/app/src/collectors/sqlserver.py", line 70, in connect
2026-07-24 15:09:27.597 |     conn = pymssql.connect(
2026-07-24 15:09:27.597 |            ^^^^^^^^^^^^^^^^
2026-07-24 15:09:27.597 |   File "src/pymssql/_pymssql.pyx", line 659, in pymssql._pymssql.connect
2026-07-24 15:09:27.597 | pymssql.exceptions.OperationalError: (20009, b'DB-Lib error message 20009, severity 9:\nUnable to connect: Adaptive Server is unavailable or does not exist (COSWINDE516D1)\n')
2026-07-24 15:09:27.597 | 2026-07-24 22:09:27,596 INFO 172.19.0.3 - "GET /metrics?target=hris-scl-engineering-db HTTP/1.1" 200 -
2026-07-24 15:09:31.793 | 2026-07-24 22:09:31,792 ERROR query 'size' failed for target 'hris-card-db'
2026-07-24 15:09:31.793 | Traceback (most recent call last):
2026-07-24 15:09:31.793 |   File "/app/src/collectors/base.py", line 52, in safe_collect_family
2026-07-24 15:09:31.793 |     result = builder()
2026-07-24 15:09:31.793 |              ^^^^^^^^^
2026-07-24 15:09:31.793 |   File "/app/src/collectors/postgres.py", line 94, in <lambda>
2026-07-24 15:09:31.793 |     ("size", lambda: self._size_family(cur)),
2026-07-24 15:09:31.793 |                      ^^^^^^^^^^^^^^^^^^^^^^
2026-07-24 15:09:31.793 |   File "/app/src/collectors/postgres.py", line 168, in _size_family
2026-07-24 15:09:31.793 |     cur.execute(_SIZE_SQL)
2026-07-24 15:09:31.793 |   File "/usr/local/lib/python3.12/site-packages/psycopg2/extras.py", line 146, in execute
2026-07-24 15:09:31.793 |     return super().execute(query, vars)
2026-07-24 15:09:31.793 |            ^^^^^^^^^^^^^^^^^^^^^^^^^^^^
2026-07-24 15:09:31.793 | psycopg2.errors.InsufficientPrivilege: permission denied for database rdsadmin
2026-07-24 15:09:31.793 | 
2026-07-24 15:09:31.793 | 2026-07-24 22:09:31,793 INFO 172.19.0.3 - "GET /metrics?target=hris-card-db HTTP/1.1" 200 -
2026-07-24 15:09:41.277 | 2026-07-24 22:09:41,276 ERROR query 'query_duration' failed for target 'hris-hims-db'
2026-07-24 15:09:41.277 | Traceback (most recent call last):
2026-07-24 15:09:41.277 |   File "/app/src/collectors/base.py", line 52, in safe_collect_family
2026-07-24 15:09:41.277 |     result = builder()
2026-07-24 15:09:41.277 |              ^^^^^^^^^
2026-07-24 15:09:41.277 |   File "/app/src/collectors/oracle.py", line 103, in <lambda>
2026-07-24 15:09:41.277 |     ("query_duration", lambda: self._query_duration_family(conn)),
2026-07-24 15:09:41.277 |                                ^^^^^^^^^^^^^^^^^^^^^^^^^^^^^^^^^
2026-07-24 15:09:41.277 |   File "/app/src/collectors/oracle.py", line 119, in _query_duration_family
2026-07-24 15:09:41.277 |     cur.execute(_QUERY_STATS_SQL)
2026-07-24 15:09:41.277 |   File "/usr/local/lib/python3.12/site-packages/oracledb/cursor.py", line 710, in execute
2026-07-24 15:09:41.277 |     impl.execute(self)
2026-07-24 15:09:41.277 |   File "src/oracledb/impl/thin/cursor.pyx", line 196, in oracledb.thin_impl.ThinCursorImpl.execute
2026-07-24 15:09:41.277 |   File "src/oracledb/impl/thin/protocol.pyx", line 440, in oracledb.thin_impl.Protocol._process_single_message
2026-07-24 15:09:41.277 |   File "src/oracledb/impl/thin/protocol.pyx", line 441, in oracledb.thin_impl.Protocol._process_single_message
2026-07-24 15:09:41.277 |   File "src/oracledb/impl/thin/protocol.pyx", line 433, in oracledb.thin_impl.Protocol._process_message
2026-07-24 15:09:41.277 |   File "src/oracledb/impl/thin/messages.pyx", line 74, in oracledb.thin_impl.Message._check_and_raise_exception
2026-07-24 15:09:41.277 | oracledb.exceptions.DatabaseError: ORA-00942: table or view does not exist
2026-07-24 15:09:41.277 | Help: https://docs.oracle.com/error-help/db/ora-00942/
2026-07-24 15:09:41.355 | 2026-07-24 22:09:41,355 INFO 172.19.0.3 - "GET /metrics?target=hris-hims-db HTTP/1.1" 200 -
2026-07-24 15:09:42.596 | 2026-07-24 22:09:42,595 ERROR scrape of target 'hris-scl-engineering-db' failed
2026-07-24 15:09:42.596 | Traceback (most recent call last):
2026-07-24 15:09:42.596 |   File "src/pymssql/_pymssql.pyx", line 650, in pymssql._pymssql.connect
2026-07-24 15:09:42.596 |   File "src/pymssql/_mssql.pyx", line 2158, in pymssql._mssql.connect
2026-07-24 15:09:42.596 |   File "src/pymssql/_mssql.pyx", line 712, in pymssql._mssql.MSSQLConnection.__init__
2026-07-24 15:09:42.596 |   File "src/pymssql/_mssql.pyx", line 1884, in pymssql._mssql.maybe_raise_MSSQLDatabaseException
2026-07-24 15:09:42.596 |   File "src/pymssql/_mssql.pyx", line 1901, in pymssql._mssql.raise_MSSQLDatabaseException
2026-07-24 15:09:42.596 | pymssql._mssql.MSSQLDatabaseException: (20009, b'DB-Lib error message 20009, severity 9:\nUnable to connect: Adaptive Server is unavailable or does not exist (COSWINDE516D1)\n')
2026-07-24 15:09:42.596 | 
2026-07-24 15:09:42.596 | During handling of the above exception, another exception occurred:
2026-07-24 15:09:42.596 | 
2026-07-24 15:09:42.596 | Traceback (most recent call last):
2026-07-24 15:09:42.596 |   File "/app/src/registry.py", line 74, in scrape
2026-07-24 15:09:42.596 |     families, had_partial_error = future.result(timeout=target.scrape_timeout_seconds)
2026-07-24 15:09:42.596 |                                   ^^^^^^^^^^^^^^^^^^^^^^^^^^^^^^^^^^^^^^^^^^^^^^^^^^^^
2026-07-24 15:09:42.596 |   File "/usr/local/lib/python3.12/concurrent/futures/_base.py", line 456, in result
2026-07-24 15:09:42.596 |     return self.__get_result()
2026-07-24 15:09:42.596 |            ^^^^^^^^^^^^^^^^^^^
2026-07-24 15:09:42.596 |   File "/usr/local/lib/python3.12/concurrent/futures/_base.py", line 401, in __get_result
2026-07-24 15:09:42.596 |     raise self._exception
2026-07-24 15:09:42.596 |   File "/usr/local/lib/python3.12/concurrent/futures/thread.py", line 59, in run
2026-07-24 15:09:42.596 |     result = self.fn(*self.args, **self.kwargs)
2026-07-24 15:09:42.596 |              ^^^^^^^^^^^^^^^^^^^^^^^^^^^^^^^^^^
2026-07-24 15:09:42.596 |   File "/app/src/registry.py", line 69, in _do_scrape
2026-07-24 15:09:42.596 |     conn = adapter.get_connection()
2026-07-24 15:09:42.596 |            ^^^^^^^^^^^^^^^^^^^^^^^^
2026-07-24 15:09:42.596 |   File "/app/src/collectors/base.py", line 65, in get_connection
2026-07-24 15:09:42.596 |     self._conn = self.connect()
2026-07-24 15:09:42.596 |                  ^^^^^^^^^^^^^^
2026-07-24 15:09:42.596 |   File "/app/src/collectors/sqlserver.py", line 70, in connect
2026-07-24 15:09:42.596 |     conn = pymssql.connect(
2026-07-24 15:09:42.596 |            ^^^^^^^^^^^^^^^^
2026-07-24 15:09:42.596 |   File "src/pymssql/_pymssql.pyx", line 659, in pymssql._pymssql.connect
2026-07-24 15:09:42.596 | pymssql.exceptions.OperationalError: (20009, b'DB-Lib error message 20009, severity 9:\nUnable to connect: Adaptive Server is unavailable or does not exist (COSWINDE516D1)\n')
2026-07-24 15:09:42.596 | 2026-07-24 22:09:42,596 INFO 172.19.0.3 - "GET /metrics?target=hris-scl-engineering-db HTTP/1.1" 200 -
2026-07-24 15:09:46.792 | 2026-07-24 22:09:46,791 ERROR query 'size' failed for target 'hris-card-db'
2026-07-24 15:09:46.792 | Traceback (most recent call last):
2026-07-24 15:09:46.792 |   File "/app/src/collectors/base.py", line 52, in safe_collect_family
2026-07-24 15:09:46.792 |     result = builder()
2026-07-24 15:09:46.792 |              ^^^^^^^^^
2026-07-24 15:09:46.792 |   File "/app/src/collectors/postgres.py", line 94, in <lambda>
2026-07-24 15:09:46.792 |     ("size", lambda: self._size_family(cur)),
2026-07-24 15:09:46.792 |                      ^^^^^^^^^^^^^^^^^^^^^^
2026-07-24 15:09:46.792 |   File "/app/src/collectors/postgres.py", line 168, in _size_family
2026-07-24 15:09:46.792 |     cur.execute(_SIZE_SQL)
2026-07-24 15:09:46.792 |   File "/usr/local/lib/python3.12/site-packages/psycopg2/extras.py", line 146, in execute
2026-07-24 15:09:46.792 |     return super().execute(query, vars)
2026-07-24 15:09:46.792 |            ^^^^^^^^^^^^^^^^^^^^^^^^^^^^
2026-07-24 15:09:46.792 | psycopg2.errors.InsufficientPrivilege: permission denied for database rdsadmin
2026-07-24 15:09:46.792 | 
2026-07-24 15:09:46.792 | 2026-07-24 22:09:46,792 INFO 172.19.0.3 - "GET /metrics?target=hris-card-db HTTP/1.1" 200 -
2026-07-24 15:09:51.353 | 2026-07-24 22:09:51,352 INFO 127.0.0.1 - "GET /health HTTP/1.1" 200 -
2026-07-24 15:09:56.277 | 2026-07-24 22:09:56,276 ERROR query 'query_duration' failed for target 'hris-hims-db'
2026-07-24 15:09:56.277 | Traceback (most recent call last):
2026-07-24 15:09:56.277 |   File "/app/src/collectors/base.py", line 52, in safe_collect_family
2026-07-24 15:09:56.277 |     result = builder()
2026-07-24 15:09:56.277 |              ^^^^^^^^^
2026-07-24 15:09:56.277 |   File "/app/src/collectors/oracle.py", line 103, in <lambda>
2026-07-24 15:09:56.277 |     ("query_duration", lambda: self._query_duration_family(conn)),
2026-07-24 15:09:56.277 |                                ^^^^^^^^^^^^^^^^^^^^^^^^^^^^^^^^^
2026-07-24 15:09:56.277 |   File "/app/src/collectors/oracle.py", line 119, in _query_duration_family
2026-07-24 15:09:56.277 |     cur.execute(_QUERY_STATS_SQL)
2026-07-24 15:09:56.277 |   File "/usr/local/lib/python3.12/site-packages/oracledb/cursor.py", line 710, in execute
2026-07-24 15:09:56.277 |     impl.execute(self)
2026-07-24 15:09:56.277 |   File "src/oracledb/impl/thin/cursor.pyx", line 196, in oracledb.thin_impl.ThinCursorImpl.execute
2026-07-24 15:09:56.277 |   File "src/oracledb/impl/thin/protocol.pyx", line 440, in oracledb.thin_impl.Protocol._process_single_message
2026-07-24 15:09:56.277 |   File "src/oracledb/impl/thin/protocol.pyx", line 441, in oracledb.thin_impl.Protocol._process_single_message
2026-07-24 15:09:56.277 |   File "src/oracledb/impl/thin/protocol.pyx", line 433, in oracledb.thin_impl.Protocol._process_message
2026-07-24 15:09:56.277 |   File "src/oracledb/impl/thin/messages.pyx", line 74, in oracledb.thin_impl.Message._check_and_raise_exception
2026-07-24 15:09:56.277 | oracledb.exceptions.DatabaseError: ORA-00942: table or view does not exist
2026-07-24 15:09:56.277 | Help: https://docs.oracle.com/error-help/db/ora-00942/
2026-07-24 15:09:56.355 | 2026-07-24 22:09:56,355 INFO 172.19.0.3 - "GET /metrics?target=hris-hims-db HTTP/1.1" 200 -
2026-07-24 15:09:57.595 | 2026-07-24 22:09:57,595 ERROR scrape of target 'hris-scl-engineering-db' failed
2026-07-24 15:09:57.596 | Traceback (most recent call last):
2026-07-24 15:09:57.596 |   File "src/pymssql/_pymssql.pyx", line 650, in pymssql._pymssql.connect
2026-07-24 15:09:57.596 |   File "src/pymssql/_mssql.pyx", line 2158, in pymssql._mssql.connect
2026-07-24 15:09:57.596 |   File "src/pymssql/_mssql.pyx", line 712, in pymssql._mssql.MSSQLConnection.__init__
2026-07-24 15:09:57.596 |   File "src/pymssql/_mssql.pyx", line 1884, in pymssql._mssql.maybe_raise_MSSQLDatabaseException
2026-07-24 15:09:57.596 |   File "src/pymssql/_mssql.pyx", line 1901, in pymssql._mssql.raise_MSSQLDatabaseException
2026-07-24 15:09:57.596 | pymssql._mssql.MSSQLDatabaseException: (20009, b'DB-Lib error message 20009, severity 9:\nUnable to connect: Adaptive Server is unavailable or does not exist (COSWINDE516D1)\n')
2026-07-24 15:09:57.596 | 
2026-07-24 15:09:57.596 | During handling of the above exception, another exception occurred:
2026-07-24 15:09:57.596 | 
2026-07-24 15:09:57.596 | Traceback (most recent call last):
2026-07-24 15:09:57.596 |   File "/app/src/registry.py", line 74, in scrape
2026-07-24 15:09:57.596 |     families, had_partial_error = future.result(timeout=target.scrape_timeout_seconds)
2026-07-24 15:09:57.596 |                                   ^^^^^^^^^^^^^^^^^^^^^^^^^^^^^^^^^^^^^^^^^^^^^^^^^^^^
2026-07-24 15:09:57.596 |   File "/usr/local/lib/python3.12/concurrent/futures/_base.py", line 456, in result
2026-07-24 15:09:57.596 |     return self.__get_result()
2026-07-24 15:09:57.596 |            ^^^^^^^^^^^^^^^^^^^
2026-07-24 15:09:57.596 |   File "/usr/local/lib/python3.12/concurrent/futures/_base.py", line 401, in __get_result
2026-07-24 15:09:57.596 |     raise self._exception
2026-07-24 15:09:57.596 |   File "/usr/local/lib/python3.12/concurrent/futures/thread.py", line 59, in run
2026-07-24 15:09:57.596 |     result = self.fn(*self.args, **self.kwargs)
2026-07-24 15:09:57.596 |              ^^^^^^^^^^^^^^^^^^^^^^^^^^^^^^^^^^
2026-07-24 15:09:57.596 |   File "/app/src/registry.py", line 69, in _do_scrape
2026-07-24 15:09:57.596 |     conn = adapter.get_connection()
2026-07-24 15:09:57.596 |            ^^^^^^^^^^^^^^^^^^^^^^^^
2026-07-24 15:09:57.596 |   File "/app/src/collectors/base.py", line 65, in get_connection
2026-07-24 15:09:57.596 |     self._conn = self.connect()
2026-07-24 15:09:57.596 |                  ^^^^^^^^^^^^^^
2026-07-24 15:09:57.596 |   File "/app/src/collectors/sqlserver.py", line 70, in connect
2026-07-24 15:09:57.596 |     conn = pymssql.connect(
2026-07-24 15:09:57.596 |            ^^^^^^^^^^^^^^^^
2026-07-24 15:09:57.596 |   File "src/pymssql/_pymssql.pyx", line 659, in pymssql._pymssql.connect
2026-07-24 15:09:57.596 | pymssql.exceptions.OperationalError: (20009, b'DB-Lib error message 20009, severity 9:\nUnable to connect: Adaptive Server is unavailable or does not exist (COSWINDE516D1)\n')
2026-07-24 15:09:57.596 | 2026-07-24 22:09:57,595 INFO 172.19.0.3 - "GET /metrics?target=hris-scl-engineering-db HTTP/1.1" 200 -
2026-07-24 15:10:01.834 | 2026-07-24 22:10:01,833 ERROR query 'size' failed for target 'hris-card-db'
2026-07-24 15:10:01.834 | Traceback (most recent call last):
2026-07-24 15:10:01.834 |   File "/app/src/collectors/base.py", line 52, in safe_collect_family
2026-07-24 15:10:01.834 |     result = builder()
2026-07-24 15:10:01.834 |              ^^^^^^^^^
2026-07-24 15:10:01.834 |   File "/app/src/collectors/postgres.py", line 94, in <lambda>
2026-07-24 15:10:01.834 |     ("size", lambda: self._size_family(cur)),
2026-07-24 15:10:01.834 |                      ^^^^^^^^^^^^^^^^^^^^^^
2026-07-24 15:10:01.834 |   File "/app/src/collectors/postgres.py", line 168, in _size_family
2026-07-24 15:10:01.834 |     cur.execute(_SIZE_SQL)
2026-07-24 15:10:01.834 |   File "/usr/local/lib/python3.12/site-packages/psycopg2/extras.py", line 146, in execute
2026-07-24 15:10:01.834 |     return super().execute(query, vars)
2026-07-24 15:10:01.834 |            ^^^^^^^^^^^^^^^^^^^^^^^^^^^^
2026-07-24 15:10:01.834 | psycopg2.errors.InsufficientPrivilege: permission denied for database rdsadmin
2026-07-24 15:10:01.834 | 
2026-07-24 15:10:01.834 | 2026-07-24 22:10:01,834 INFO 172.19.0.3 - "GET /metrics?target=hris-card-db HTTP/1.1" 200 -
2026-07-24 15:10:11.276 | 2026-07-24 22:10:11,275 ERROR query 'query_duration' failed for target 'hris-hims-db'
2026-07-24 15:10:11.276 | Traceback (most recent call last):
2026-07-24 15:10:11.276 |   File "/app/src/collectors/base.py", line 52, in safe_collect_family
2026-07-24 15:10:11.276 |     result = builder()
2026-07-24 15:10:11.276 |              ^^^^^^^^^
2026-07-24 15:10:11.276 |   File "/app/src/collectors/oracle.py", line 103, in <lambda>
2026-07-24 15:10:11.276 |     ("query_duration", lambda: self._query_duration_family(conn)),
2026-07-24 15:10:11.276 |                                ^^^^^^^^^^^^^^^^^^^^^^^^^^^^^^^^^
2026-07-24 15:10:11.276 |   File "/app/src/collectors/oracle.py", line 119, in _query_duration_family
2026-07-24 15:10:11.276 |     cur.execute(_QUERY_STATS_SQL)
2026-07-24 15:10:11.276 |   File "/usr/local/lib/python3.12/site-packages/oracledb/cursor.py", line 710, in execute
2026-07-24 15:10:11.276 |     impl.execute(self)
2026-07-24 15:10:11.276 |   File "src/oracledb/impl/thin/cursor.pyx", line 196, in oracledb.thin_impl.ThinCursorImpl.execute
2026-07-24 15:10:11.276 |   File "src/oracledb/impl/thin/protocol.pyx", line 440, in oracledb.thin_impl.Protocol._process_single_message
2026-07-24 15:10:11.276 |   File "src/oracledb/impl/thin/protocol.pyx", line 441, in oracledb.thin_impl.Protocol._process_single_message
2026-07-24 15:10:11.276 |   File "src/oracledb/impl/thin/protocol.pyx", line 433, in oracledb.thin_impl.Protocol._process_message
2026-07-24 15:10:11.276 |   File "src/oracledb/impl/thin/messages.pyx", line 74, in oracledb.thin_impl.Message._check_and_raise_exception
2026-07-24 15:10:11.276 | oracledb.exceptions.DatabaseError: ORA-00942: table or view does not exist
2026-07-24 15:10:11.276 | Help: https://docs.oracle.com/error-help/db/ora-00942/
2026-07-24 15:10:11.348 | 2026-07-24 22:10:11,348 INFO 172.19.0.3 - "GET /metrics?target=hris-hims-db HTTP/1.1" 200 -
2026-07-24 15:10:12.598 | 2026-07-24 22:10:12,597 ERROR scrape of target 'hris-scl-engineering-db' failed
2026-07-24 15:10:12.598 | Traceback (most recent call last):
2026-07-24 15:10:12.598 |   File "src/pymssql/_pymssql.pyx", line 650, in pymssql._pymssql.connect
2026-07-24 15:10:12.598 |   File "src/pymssql/_mssql.pyx", line 2158, in pymssql._mssql.connect
2026-07-24 15:10:12.598 |   File "src/pymssql/_mssql.pyx", line 712, in pymssql._mssql.MSSQLConnection.__init__
2026-07-24 15:10:12.598 |   File "src/pymssql/_mssql.pyx", line 1884, in pymssql._mssql.maybe_raise_MSSQLDatabaseException
2026-07-24 15:10:12.598 |   File "src/pymssql/_mssql.pyx", line 1901, in pymssql._mssql.raise_MSSQLDatabaseException
2026-07-24 15:10:12.598 | pymssql._mssql.MSSQLDatabaseException: (20009, b'DB-Lib error message 20009, severity 9:\nUnable to connect: Adaptive Server is unavailable or does not exist (COSWINDE516D1)\n')
2026-07-24 15:10:12.598 | 
2026-07-24 15:10:12.598 | During handling of the above exception, another exception occurred:
2026-07-24 15:10:12.598 | 
2026-07-24 15:10:12.598 | Traceback (most recent call last):
2026-07-24 15:10:12.598 |   File "/app/src/registry.py", line 74, in scrape
2026-07-24 15:10:12.598 |     families, had_partial_error = future.result(timeout=target.scrape_timeout_seconds)
2026-07-24 15:10:12.598 |                                   ^^^^^^^^^^^^^^^^^^^^^^^^^^^^^^^^^^^^^^^^^^^^^^^^^^^^
2026-07-24 15:10:12.598 |   File "/usr/local/lib/python3.12/concurrent/futures/_base.py", line 456, in result
2026-07-24 15:10:12.598 |     return self.__get_result()
2026-07-24 15:10:12.598 |            ^^^^^^^^^^^^^^^^^^^
2026-07-24 15:10:12.598 |   File "/usr/local/lib/python3.12/concurrent/futures/_base.py", line 401, in __get_result
2026-07-24 15:10:12.598 |     raise self._exception
2026-07-24 15:10:12.598 |   File "/usr/local/lib/python3.12/concurrent/futures/thread.py", line 59, in run
2026-07-24 15:10:12.598 |     result = self.fn(*self.args, **self.kwargs)
2026-07-24 15:10:12.598 |              ^^^^^^^^^^^^^^^^^^^^^^^^^^^^^^^^^^
2026-07-24 15:10:12.598 |   File "/app/src/registry.py", line 69, in _do_scrape
2026-07-24 15:10:12.598 |     conn = adapter.get_connection()
2026-07-24 15:10:12.598 |            ^^^^^^^^^^^^^^^^^^^^^^^^
2026-07-24 15:10:12.598 |   File "/app/src/collectors/base.py", line 65, in get_connection
2026-07-24 15:10:12.598 |     self._conn = self.connect()
2026-07-24 15:10:12.598 |                  ^^^^^^^^^^^^^^
2026-07-24 15:10:12.598 |   File "/app/src/collectors/sqlserver.py", line 70, in connect
2026-07-24 15:10:12.598 |     conn = pymssql.connect(
2026-07-24 15:10:12.598 |            ^^^^^^^^^^^^^^^^
2026-07-24 15:10:12.598 |   File "src/pymssql/_pymssql.pyx", line 659, in pymssql._pymssql.connect
2026-07-24 15:10:12.598 | pymssql.exceptions.OperationalError: (20009, b'DB-Lib error message 20009, severity 9:\nUnable to connect: Adaptive Server is unavailable or does not exist (COSWINDE516D1)\n')
2026-07-24 15:10:12.598 | 2026-07-24 22:10:12,598 INFO 172.19.0.3 - "GET /metrics?target=hris-scl-engineering-db HTTP/1.1" 200 -
2026-07-24 15:10:16.789 | 2026-07-24 22:10:16,789 ERROR query 'size' failed for target 'hris-card-db'
2026-07-24 15:10:16.789 | Traceback (most recent call last):
2026-07-24 15:10:16.789 |   File "/app/src/collectors/base.py", line 52, in safe_collect_family
2026-07-24 15:10:16.789 |     result = builder()
2026-07-24 15:10:16.789 |              ^^^^^^^^^
2026-07-24 15:10:16.789 |   File "/app/src/collectors/postgres.py", line 94, in <lambda>
2026-07-24 15:10:16.789 |     ("size", lambda: self._size_family(cur)),
2026-07-24 15:10:16.789 |                      ^^^^^^^^^^^^^^^^^^^^^^
2026-07-24 15:10:16.789 |   File "/app/src/collectors/postgres.py", line 168, in _size_family
2026-07-24 15:10:16.789 |     cur.execute(_SIZE_SQL)
2026-07-24 15:10:16.789 |   File "/usr/local/lib/python3.12/site-packages/psycopg2/extras.py", line 146, in execute
2026-07-24 15:10:16.789 |     return super().execute(query, vars)
2026-07-24 15:10:16.789 |            ^^^^^^^^^^^^^^^^^^^^^^^^^^^^
2026-07-24 15:10:16.789 | psycopg2.errors.InsufficientPrivilege: permission denied for database rdsadmin
2026-07-24 15:10:16.789 | 
2026-07-24 15:10:16.790 | 2026-07-24 22:10:16,789 INFO 172.19.0.3 - "GET /metrics?target=hris-card-db HTTP/1.1" 200 -
2026-07-24 15:10:21.475 | 2026-07-24 22:10:21,475 INFO 127.0.0.1 - "GET /health HTTP/1.1" 200 -
2026-07-24 15:10:26.279 | 2026-07-24 22:10:26,278 ERROR query 'query_duration' failed for target 'hris-hims-db'
2026-07-24 15:10:26.279 | Traceback (most recent call last):
2026-07-24 15:10:26.279 |   File "/app/src/collectors/base.py", line 52, in safe_collect_family
2026-07-24 15:10:26.279 |     result = builder()
2026-07-24 15:10:26.279 |              ^^^^^^^^^
2026-07-24 15:10:26.279 |   File "/app/src/collectors/oracle.py", line 103, in <lambda>
2026-07-24 15:10:26.279 |     ("query_duration", lambda: self._query_duration_family(conn)),
2026-07-24 15:10:26.279 |                                ^^^^^^^^^^^^^^^^^^^^^^^^^^^^^^^^^
2026-07-24 15:10:26.279 |   File "/app/src/collectors/oracle.py", line 119, in _query_duration_family
2026-07-24 15:10:26.279 |     cur.execute(_QUERY_STATS_SQL)
2026-07-24 15:10:26.279 |   File "/usr/local/lib/python3.12/site-packages/oracledb/cursor.py", line 710, in execute
2026-07-24 15:10:26.279 |     impl.execute(self)
2026-07-24 15:10:26.279 |   File "src/oracledb/impl/thin/cursor.pyx", line 196, in oracledb.thin_impl.ThinCursorImpl.execute
2026-07-24 15:10:26.279 |   File "src/oracledb/impl/thin/protocol.pyx", line 440, in oracledb.thin_impl.Protocol._process_single_message
2026-07-24 15:10:26.279 |   File "src/oracledb/impl/thin/protocol.pyx", line 441, in oracledb.thin_impl.Protocol._process_single_message
2026-07-24 15:10:26.279 |   File "src/oracledb/impl/thin/protocol.pyx", line 433, in oracledb.thin_impl.Protocol._process_message
2026-07-24 15:10:26.279 |   File "src/oracledb/impl/thin/messages.pyx", line 74, in oracledb.thin_impl.Message._check_and_raise_exception
2026-07-24 15:10:26.279 | oracledb.exceptions.DatabaseError: ORA-00942: table or view does not exist
2026-07-24 15:10:26.279 | Help: https://docs.oracle.com/error-help/db/ora-00942/
2026-07-24 15:10:26.374 | 2026-07-24 22:10:26,373 INFO 172.19.0.3 - "GET /metrics?target=hris-hims-db HTTP/1.1" 200 -
2026-07-24 15:10:27.596 | 2026-07-24 22:10:27,595 ERROR scrape of target 'hris-scl-engineering-db' failed
2026-07-24 15:10:27.596 | Traceback (most recent call last):
2026-07-24 15:10:27.596 |   File "src/pymssql/_pymssql.pyx", line 650, in pymssql._pymssql.connect
2026-07-24 15:10:27.596 |   File "src/pymssql/_mssql.pyx", line 2158, in pymssql._mssql.connect
2026-07-24 15:10:27.596 |   File "src/pymssql/_mssql.pyx", line 712, in pymssql._mssql.MSSQLConnection.__init__
2026-07-24 15:10:27.596 |   File "src/pymssql/_mssql.pyx", line 1884, in pymssql._mssql.maybe_raise_MSSQLDatabaseException
2026-07-24 15:10:27.596 |   File "src/pymssql/_mssql.pyx", line 1901, in pymssql._mssql.raise_MSSQLDatabaseException
2026-07-24 15:10:27.596 | pymssql._mssql.MSSQLDatabaseException: (20009, b'DB-Lib error message 20009, severity 9:\nUnable to connect: Adaptive Server is unavailable or does not exist (COSWINDE516D1)\n')
2026-07-24 15:10:27.596 | 
2026-07-24 15:10:27.596 | During handling of the above exception, another exception occurred:
2026-07-24 15:10:27.596 | 
2026-07-24 15:10:27.596 | Traceback (most recent call last):
2026-07-24 15:10:27.596 |   File "/app/src/registry.py", line 74, in scrape
2026-07-24 15:10:27.596 |     families, had_partial_error = future.result(timeout=target.scrape_timeout_seconds)
2026-07-24 15:10:27.596 |                                   ^^^^^^^^^^^^^^^^^^^^^^^^^^^^^^^^^^^^^^^^^^^^^^^^^^^^
2026-07-24 15:10:27.596 |   File "/usr/local/lib/python3.12/concurrent/futures/_base.py", line 456, in result
2026-07-24 15:10:27.596 |     return self.__get_result()
2026-07-24 15:10:27.596 |            ^^^^^^^^^^^^^^^^^^^
2026-07-24 15:10:27.596 |   File "/usr/local/lib/python3.12/concurrent/futures/_base.py", line 401, in __get_result
2026-07-24 15:10:27.596 |     raise self._exception
2026-07-24 15:10:27.596 |   File "/usr/local/lib/python3.12/concurrent/futures/thread.py", line 59, in run
2026-07-24 15:10:27.596 |     result = self.fn(*self.args, **self.kwargs)
2026-07-24 15:10:27.596 |              ^^^^^^^^^^^^^^^^^^^^^^^^^^^^^^^^^^
2026-07-24 15:10:27.596 |   File "/app/src/registry.py", line 69, in _do_scrape
2026-07-24 15:10:27.596 |     conn = adapter.get_connection()
2026-07-24 15:10:27.596 |            ^^^^^^^^^^^^^^^^^^^^^^^^
2026-07-24 15:10:27.596 |   File "/app/src/collectors/base.py", line 65, in get_connection
2026-07-24 15:10:27.596 |     self._conn = self.connect()
2026-07-24 15:10:27.596 |                  ^^^^^^^^^^^^^^
2026-07-24 15:10:27.596 |   File "/app/src/collectors/sqlserver.py", line 70, in connect
2026-07-24 15:10:27.596 |     conn = pymssql.connect(
2026-07-24 15:10:27.596 |            ^^^^^^^^^^^^^^^^
2026-07-24 15:10:27.596 |   File "src/pymssql/_pymssql.pyx", line 659, in pymssql._pymssql.connect
2026-07-24 15:10:27.596 | pymssql.exceptions.OperationalError: (20009, b'DB-Lib error message 20009, severity 9:\nUnable to connect: Adaptive Server is unavailable or does not exist (COSWINDE516D1)\n')
2026-07-24 15:10:27.596 | 2026-07-24 22:10:27,596 INFO 172.19.0.3 - "GET /metrics?target=hris-scl-engineering-db HTTP/1.1" 200 -
2026-07-24 15:10:31.836 | 2026-07-24 22:10:31,836 ERROR query 'size' failed for target 'hris-card-db'
2026-07-24 15:10:31.836 | Traceback (most recent call last):
2026-07-24 15:10:31.836 |   File "/app/src/collectors/base.py", line 52, in safe_collect_family
2026-07-24 15:10:31.836 |     result = builder()
2026-07-24 15:10:31.836 |              ^^^^^^^^^
2026-07-24 15:10:31.836 |   File "/app/src/collectors/postgres.py", line 94, in <lambda>
2026-07-24 15:10:31.836 |     ("size", lambda: self._size_family(cur)),
2026-07-24 15:10:31.836 |                      ^^^^^^^^^^^^^^^^^^^^^^
2026-07-24 15:10:31.836 |   File "/app/src/collectors/postgres.py", line 168, in _size_family
2026-07-24 15:10:31.836 |     cur.execute(_SIZE_SQL)
2026-07-24 15:10:31.836 |   File "/usr/local/lib/python3.12/site-packages/psycopg2/extras.py", line 146, in execute
2026-07-24 15:10:31.836 |     return super().execute(query, vars)
2026-07-24 15:10:31.836 |            ^^^^^^^^^^^^^^^^^^^^^^^^^^^^
2026-07-24 15:10:31.836 | psycopg2.errors.InsufficientPrivilege: permission denied for database rdsadmin
2026-07-24 15:10:31.836 | 
2026-07-24 15:10:31.837 | 2026-07-24 22:10:31,836 INFO 172.19.0.3 - "GET /metrics?target=hris-card-db HTTP/1.1" 200 -
2026-07-24 15:10:41.278 | 2026-07-24 22:10:41,277 ERROR query 'query_duration' failed for target 'hris-hims-db'
2026-07-24 15:10:41.278 | Traceback (most recent call last):
2026-07-24 15:10:41.278 |   File "/app/src/collectors/base.py", line 52, in safe_collect_family
2026-07-24 15:10:41.278 |     result = builder()
2026-07-24 15:10:41.278 |              ^^^^^^^^^
2026-07-24 15:10:41.278 |   File "/app/src/collectors/oracle.py", line 103, in <lambda>
2026-07-24 15:10:41.278 |     ("query_duration", lambda: self._query_duration_family(conn)),
2026-07-24 15:10:41.278 |                                ^^^^^^^^^^^^^^^^^^^^^^^^^^^^^^^^^
2026-07-24 15:10:41.278 |   File "/app/src/collectors/oracle.py", line 119, in _query_duration_family
2026-07-24 15:10:41.278 |     cur.execute(_QUERY_STATS_SQL)
2026-07-24 15:10:41.278 |   File "/usr/local/lib/python3.12/site-packages/oracledb/cursor.py", line 710, in execute
2026-07-24 15:10:41.278 |     impl.execute(self)
2026-07-24 15:10:41.278 |   File "src/oracledb/impl/thin/cursor.pyx", line 196, in oracledb.thin_impl.ThinCursorImpl.execute
2026-07-24 15:10:41.278 |   File "src/oracledb/impl/thin/protocol.pyx", line 440, in oracledb.thin_impl.Protocol._process_single_message
2026-07-24 15:10:41.278 |   File "src/oracledb/impl/thin/protocol.pyx", line 441, in oracledb.thin_impl.Protocol._process_single_message
2026-07-24 15:10:41.278 |   File "src/oracledb/impl/thin/protocol.pyx", line 433, in oracledb.thin_impl.Protocol._process_message
2026-07-24 15:10:41.278 |   File "src/oracledb/impl/thin/messages.pyx", line 74, in oracledb.thin_impl.Message._check_and_raise_exception
2026-07-24 15:10:41.278 | oracledb.exceptions.DatabaseError: ORA-00942: table or view does not exist
2026-07-24 15:10:41.278 | Help: https://docs.oracle.com/error-help/db/ora-00942/
2026-07-24 15:10:41.356 | 2026-07-24 22:10:41,355 INFO 172.19.0.3 - "GET /metrics?target=hris-hims-db HTTP/1.1" 200 -
2026-07-24 15:10:42.579 | 2026-07-24 22:10:42,578 ERROR scrape of target 'hris-scl-engineering-db' failed
2026-07-24 15:10:42.579 | Traceback (most recent call last):
2026-07-24 15:10:42.579 |   File "src/pymssql/_pymssql.pyx", line 650, in pymssql._pymssql.connect
2026-07-24 15:10:42.579 |   File "src/pymssql/_mssql.pyx", line 2158, in pymssql._mssql.connect
2026-07-24 15:10:42.579 |   File "src/pymssql/_mssql.pyx", line 712, in pymssql._mssql.MSSQLConnection.__init__
2026-07-24 15:10:42.579 |   File "src/pymssql/_mssql.pyx", line 1884, in pymssql._mssql.maybe_raise_MSSQLDatabaseException
2026-07-24 15:10:42.579 |   File "src/pymssql/_mssql.pyx", line 1901, in pymssql._mssql.raise_MSSQLDatabaseException
2026-07-24 15:10:42.579 | pymssql._mssql.MSSQLDatabaseException: (20009, b'DB-Lib error message 20009, severity 9:\nUnable to connect: Adaptive Server is unavailable or does not exist (COSWINDE516D1)\n')
2026-07-24 15:10:42.579 | 
2026-07-24 15:10:42.579 | During handling of the above exception, another exception occurred:
2026-07-24 15:10:42.579 | 
2026-07-24 15:10:42.579 | Traceback (most recent call last):
2026-07-24 15:10:42.579 |   File "/app/src/registry.py", line 74, in scrape
2026-07-24 15:10:42.579 |     families, had_partial_error = future.result(timeout=target.scrape_timeout_seconds)
2026-07-24 15:10:42.579 |                                   ^^^^^^^^^^^^^^^^^^^^^^^^^^^^^^^^^^^^^^^^^^^^^^^^^^^^
2026-07-24 15:10:42.579 |   File "/usr/local/lib/python3.12/concurrent/futures/_base.py", line 456, in result
2026-07-24 15:10:42.579 |     return self.__get_result()
2026-07-24 15:10:42.579 |            ^^^^^^^^^^^^^^^^^^^
2026-07-24 15:10:42.579 |   File "/usr/local/lib/python3.12/concurrent/futures/_base.py", line 401, in __get_result
2026-07-24 15:10:42.579 |     raise self._exception
2026-07-24 15:10:42.579 |   File "/usr/local/lib/python3.12/concurrent/futures/thread.py", line 59, in run
2026-07-24 15:10:42.579 |     result = self.fn(*self.args, **self.kwargs)
2026-07-24 15:10:42.579 |              ^^^^^^^^^^^^^^^^^^^^^^^^^^^^^^^^^^
2026-07-24 15:10:42.579 |   File "/app/src/registry.py", line 69, in _do_scrape
2026-07-24 15:10:42.579 |     conn = adapter.get_connection()
2026-07-24 15:10:42.579 |            ^^^^^^^^^^^^^^^^^^^^^^^^
2026-07-24 15:10:42.579 |   File "/app/src/collectors/base.py", line 65, in get_connection
2026-07-24 15:10:42.579 |     self._conn = self.connect()
2026-07-24 15:10:42.579 |                  ^^^^^^^^^^^^^^
2026-07-24 15:10:42.579 |   File "/app/src/collectors/sqlserver.py", line 70, in connect
2026-07-24 15:10:42.579 |     conn = pymssql.connect(
2026-07-24 15:10:42.579 |            ^^^^^^^^^^^^^^^^
2026-07-24 15:10:42.579 |   File "src/pymssql/_pymssql.pyx", line 659, in pymssql._pymssql.connect
2026-07-24 15:10:42.579 | pymssql.exceptions.OperationalError: (20009, b'DB-Lib error message 20009, severity 9:\nUnable to connect: Adaptive Server is unavailable or does not exist (COSWINDE516D1)\n')
2026-07-24 15:10:42.579 | 2026-07-24 22:10:42,578 INFO 172.19.0.3 - "GET /metrics?target=hris-scl-engineering-db HTTP/1.1" 200 -
2026-07-24 15:10:46.791 | 2026-07-24 22:10:46,791 ERROR query 'size' failed for target 'hris-card-db'
2026-07-24 15:10:46.791 | Traceback (most recent call last):
2026-07-24 15:10:46.791 |   File "/app/src/collectors/base.py", line 52, in safe_collect_family
2026-07-24 15:10:46.791 |     result = builder()
2026-07-24 15:10:46.791 |              ^^^^^^^^^
2026-07-24 15:10:46.791 |   File "/app/src/collectors/postgres.py", line 94, in <lambda>
2026-07-24 15:10:46.791 |     ("size", lambda: self._size_family(cur)),
2026-07-24 15:10:46.791 |                      ^^^^^^^^^^^^^^^^^^^^^^
2026-07-24 15:10:46.791 |   File "/app/src/collectors/postgres.py", line 168, in _size_family
2026-07-24 15:10:46.791 |     cur.execute(_SIZE_SQL)
2026-07-24 15:10:46.791 |   File "/usr/local/lib/python3.12/site-packages/psycopg2/extras.py", line 146, in execute
2026-07-24 15:10:46.791 |     return super().execute(query, vars)
2026-07-24 15:10:46.791 |            ^^^^^^^^^^^^^^^^^^^^^^^^^^^^
2026-07-24 15:10:46.791 | psycopg2.errors.InsufficientPrivilege: permission denied for database rdsadmin
2026-07-24 15:10:46.791 | 
2026-07-24 15:10:46.791 | 2026-07-24 22:10:46,791 INFO 172.19.0.3 - "GET /metrics?target=hris-card-db HTTP/1.1" 200 -
2026-07-24 15:10:51.598 | 2026-07-24 22:10:51,598 INFO 127.0.0.1 - "GET /health HTTP/1.1" 200 -
2026-07-24 15:10:56.276 | 2026-07-24 22:10:56,276 ERROR query 'query_duration' failed for target 'hris-hims-db'
2026-07-24 15:10:56.276 | Traceback (most recent call last):
2026-07-24 15:10:56.276 |   File "/app/src/collectors/base.py", line 52, in safe_collect_family
2026-07-24 15:10:56.276 |     result = builder()
2026-07-24 15:10:56.277 |              ^^^^^^^^^
2026-07-24 15:10:56.277 |   File "/app/src/collectors/oracle.py", line 103, in <lambda>
2026-07-24 15:10:56.277 |     ("query_duration", lambda: self._query_duration_family(conn)),
2026-07-24 15:10:56.277 |                                ^^^^^^^^^^^^^^^^^^^^^^^^^^^^^^^^^
2026-07-24 15:10:56.277 |   File "/app/src/collectors/oracle.py", line 119, in _query_duration_family
2026-07-24 15:10:56.277 |     cur.execute(_QUERY_STATS_SQL)
2026-07-24 15:10:56.277 |   File "/usr/local/lib/python3.12/site-packages/oracledb/cursor.py", line 710, in execute
2026-07-24 15:10:56.277 |     impl.execute(self)
2026-07-24 15:10:56.277 |   File "src/oracledb/impl/thin/cursor.pyx", line 196, in oracledb.thin_impl.ThinCursorImpl.execute
2026-07-24 15:10:56.277 |   File "src/oracledb/impl/thin/protocol.pyx", line 440, in oracledb.thin_impl.Protocol._process_single_message
2026-07-24 15:10:56.277 |   File "src/oracledb/impl/thin/protocol.pyx", line 441, in oracledb.thin_impl.Protocol._process_single_message
2026-07-24 15:10:56.277 |   File "src/oracledb/impl/thin/protocol.pyx", line 433, in oracledb.thin_impl.Protocol._process_message
2026-07-24 15:10:56.277 |   File "src/oracledb/impl/thin/messages.pyx", line 74, in oracledb.thin_impl.Message._check_and_raise_exception
2026-07-24 15:10:56.277 | oracledb.exceptions.DatabaseError: ORA-00942: table or view does not exist
2026-07-24 15:10:56.277 | Help: https://docs.oracle.com/error-help/db/ora-00942/
2026-07-24 15:10:56.347 | 2026-07-24 22:10:56,347 INFO 172.19.0.3 - "GET /metrics?target=hris-hims-db HTTP/1.1" 200 -
2026-07-24 15:10:57.595 | 2026-07-24 22:10:57,594 ERROR scrape of target 'hris-scl-engineering-db' failed
2026-07-24 15:10:57.595 | Traceback (most recent call last):
2026-07-24 15:10:57.595 |   File "src/pymssql/_pymssql.pyx", line 650, in pymssql._pymssql.connect
2026-07-24 15:10:57.595 |   File "src/pymssql/_mssql.pyx", line 2158, in pymssql._mssql.connect
2026-07-24 15:10:57.595 |   File "src/pymssql/_mssql.pyx", line 712, in pymssql._mssql.MSSQLConnection.__init__
2026-07-24 15:10:57.595 |   File "src/pymssql/_mssql.pyx", line 1884, in pymssql._mssql.maybe_raise_MSSQLDatabaseException
2026-07-24 15:10:57.595 |   File "src/pymssql/_mssql.pyx", line 1901, in pymssql._mssql.raise_MSSQLDatabaseException
2026-07-24 15:10:57.595 | pymssql._mssql.MSSQLDatabaseException: (20009, b'DB-Lib error message 20009, severity 9:\nUnable to connect: Adaptive Server is unavailable or does not exist (COSWINDE516D1)\n')
2026-07-24 15:10:57.595 | 
2026-07-24 15:10:57.595 | During handling of the above exception, another exception occurred:
2026-07-24 15:10:57.595 | 
2026-07-24 15:10:57.595 | Traceback (most recent call last):
2026-07-24 15:10:57.595 |   File "/app/src/registry.py", line 74, in scrape
2026-07-24 15:10:57.595 |     families, had_partial_error = future.result(timeout=target.scrape_timeout_seconds)
2026-07-24 15:10:57.595 |                                   ^^^^^^^^^^^^^^^^^^^^^^^^^^^^^^^^^^^^^^^^^^^^^^^^^^^^
2026-07-24 15:10:57.595 |   File "/usr/local/lib/python3.12/concurrent/futures/_base.py", line 456, in result
2026-07-24 15:10:57.595 |     return self.__get_result()
2026-07-24 15:10:57.595 |            ^^^^^^^^^^^^^^^^^^^
2026-07-24 15:10:57.595 |   File "/usr/local/lib/python3.12/concurrent/futures/_base.py", line 401, in __get_result
2026-07-24 15:10:57.595 |     raise self._exception
2026-07-24 15:10:57.595 |   File "/usr/local/lib/python3.12/concurrent/futures/thread.py", line 59, in run
2026-07-24 15:10:57.595 |     result = self.fn(*self.args, **self.kwargs)
2026-07-24 15:10:57.595 |              ^^^^^^^^^^^^^^^^^^^^^^^^^^^^^^^^^^
2026-07-24 15:10:57.595 |   File "/app/src/registry.py", line 69, in _do_scrape
2026-07-24 15:10:57.595 |     conn = adapter.get_connection()
2026-07-24 15:10:57.595 |            ^^^^^^^^^^^^^^^^^^^^^^^^
2026-07-24 15:10:57.595 |   File "/app/src/collectors/base.py", line 65, in get_connection
2026-07-24 15:10:57.595 |     self._conn = self.connect()
2026-07-24 15:10:57.595 |                  ^^^^^^^^^^^^^^
2026-07-24 15:10:57.595 |   File "/app/src/collectors/sqlserver.py", line 70, in connect
2026-07-24 15:10:57.596 |     conn = pymssql.connect(
2026-07-24 15:10:57.596 |            ^^^^^^^^^^^^^^^^
2026-07-24 15:10:57.596 |   File "src/pymssql/_pymssql.pyx", line 659, in pymssql._pymssql.connect
2026-07-24 15:10:57.596 | pymssql.exceptions.OperationalError: (20009, b'DB-Lib error message 20009, severity 9:\nUnable to connect: Adaptive Server is unavailable or does not exist (COSWINDE516D1)\n')
2026-07-24 15:10:57.596 | 2026-07-24 22:10:57,595 INFO 172.19.0.3 - "GET /metrics?target=hris-scl-engineering-db HTTP/1.1" 200 -
2026-07-24 15:11:01.818 | 2026-07-24 22:11:01,817 ERROR query 'size' failed for target 'hris-card-db'
2026-07-24 15:11:01.818 | Traceback (most recent call last):
2026-07-24 15:11:01.818 |   File "/app/src/collectors/base.py", line 52, in safe_collect_family
2026-07-24 15:11:01.818 |     result = builder()
2026-07-24 15:11:01.818 |              ^^^^^^^^^
2026-07-24 15:11:01.818 |   File "/app/src/collectors/postgres.py", line 94, in <lambda>
2026-07-24 15:11:01.818 |     ("size", lambda: self._size_family(cur)),
2026-07-24 15:11:01.818 |                      ^^^^^^^^^^^^^^^^^^^^^^
2026-07-24 15:11:01.818 |   File "/app/src/collectors/postgres.py", line 168, in _size_family
2026-07-24 15:11:01.818 |     cur.execute(_SIZE_SQL)
2026-07-24 15:11:01.818 |   File "/usr/local/lib/python3.12/site-packages/psycopg2/extras.py", line 146, in execute
2026-07-24 15:11:01.818 |     return super().execute(query, vars)
2026-07-24 15:11:01.818 |            ^^^^^^^^^^^^^^^^^^^^^^^^^^^^
2026-07-24 15:11:01.818 | psycopg2.errors.InsufficientPrivilege: permission denied for database rdsadmin
2026-07-24 15:11:01.818 | 
2026-07-24 15:11:01.818 | 2026-07-24 22:11:01,818 INFO 172.19.0.3 - "GET /metrics?target=hris-card-db HTTP/1.1" 200 -
2026-07-24 15:11:11.275 | 2026-07-24 22:11:11,275 ERROR query 'query_duration' failed for target 'hris-hims-db'
2026-07-24 15:11:11.275 | Traceback (most recent call last):
2026-07-24 15:11:11.275 |   File "/app/src/collectors/base.py", line 52, in safe_collect_family
2026-07-24 15:11:11.275 |     result = builder()
2026-07-24 15:11:11.275 |              ^^^^^^^^^
2026-07-24 15:11:11.275 |   File "/app/src/collectors/oracle.py", line 103, in <lambda>
2026-07-24 15:11:11.275 |     ("query_duration", lambda: self._query_duration_family(conn)),
2026-07-24 15:11:11.275 |                                ^^^^^^^^^^^^^^^^^^^^^^^^^^^^^^^^^
2026-07-24 15:11:11.275 |   File "/app/src/collectors/oracle.py", line 119, in _query_duration_family
2026-07-24 15:11:11.275 |     cur.execute(_QUERY_STATS_SQL)
2026-07-24 15:11:11.275 |   File "/usr/local/lib/python3.12/site-packages/oracledb/cursor.py", line 710, in execute
2026-07-24 15:11:11.275 |     impl.execute(self)
2026-07-24 15:11:11.275 |   File "src/oracledb/impl/thin/cursor.pyx", line 196, in oracledb.thin_impl.ThinCursorImpl.execute
2026-07-24 15:11:11.275 |   File "src/oracledb/impl/thin/protocol.pyx", line 440, in oracledb.thin_impl.Protocol._process_single_message
2026-07-24 15:11:11.275 |   File "src/oracledb/impl/thin/protocol.pyx", line 441, in oracledb.thin_impl.Protocol._process_single_message
2026-07-24 15:11:11.275 |   File "src/oracledb/impl/thin/protocol.pyx", line 433, in oracledb.thin_impl.Protocol._process_message
2026-07-24 15:11:11.275 |   File "src/oracledb/impl/thin/messages.pyx", line 74, in oracledb.thin_impl.Message._check_and_raise_exception
2026-07-24 15:11:11.275 | oracledb.exceptions.DatabaseError: ORA-00942: table or view does not exist
2026-07-24 15:11:11.275 | Help: https://docs.oracle.com/error-help/db/ora-00942/
2026-07-24 15:11:11.346 | 2026-07-24 22:11:11,346 INFO 172.19.0.3 - "GET /metrics?target=hris-hims-db HTTP/1.1" 200 -
2026-07-24 15:11:12.599 | 2026-07-24 22:11:12,598 ERROR scrape of target 'hris-scl-engineering-db' failed
2026-07-24 15:11:12.599 | Traceback (most recent call last):
2026-07-24 15:11:12.599 |   File "src/pymssql/_pymssql.pyx", line 650, in pymssql._pymssql.connect
2026-07-24 15:11:12.599 |   File "src/pymssql/_mssql.pyx", line 2158, in pymssql._mssql.connect
2026-07-24 15:11:12.599 |   File "src/pymssql/_mssql.pyx", line 712, in pymssql._mssql.MSSQLConnection.__init__
2026-07-24 15:11:12.599 |   File "src/pymssql/_mssql.pyx", line 1884, in pymssql._mssql.maybe_raise_MSSQLDatabaseException
2026-07-24 15:11:12.599 |   File "src/pymssql/_mssql.pyx", line 1901, in pymssql._mssql.raise_MSSQLDatabaseException
2026-07-24 15:11:12.599 | pymssql._mssql.MSSQLDatabaseException: (20009, b'DB-Lib error message 20009, severity 9:\nUnable to connect: Adaptive Server is unavailable or does not exist (COSWINDE516D1)\n')
2026-07-24 15:11:12.599 | 
2026-07-24 15:11:12.599 | During handling of the above exception, another exception occurred:
2026-07-24 15:11:12.599 | 
2026-07-24 15:11:12.599 | Traceback (most recent call last):
2026-07-24 15:11:12.599 |   File "/app/src/registry.py", line 74, in scrape
2026-07-24 15:11:12.599 |     families, had_partial_error = future.result(timeout=target.scrape_timeout_seconds)
2026-07-24 15:11:12.599 |                                   ^^^^^^^^^^^^^^^^^^^^^^^^^^^^^^^^^^^^^^^^^^^^^^^^^^^^
2026-07-24 15:11:12.599 |   File "/usr/local/lib/python3.12/concurrent/futures/_base.py", line 456, in result
2026-07-24 15:11:12.599 |     return self.__get_result()
2026-07-24 15:11:12.599 |            ^^^^^^^^^^^^^^^^^^^
2026-07-24 15:11:12.599 |   File "/usr/local/lib/python3.12/concurrent/futures/_base.py", line 401, in __get_result
2026-07-24 15:11:12.599 |     raise self._exception
2026-07-24 15:11:12.599 |   File "/usr/local/lib/python3.12/concurrent/futures/thread.py", line 59, in run
2026-07-24 15:11:12.599 |     result = self.fn(*self.args, **self.kwargs)
2026-07-24 15:11:12.599 |              ^^^^^^^^^^^^^^^^^^^^^^^^^^^^^^^^^^
2026-07-24 15:11:12.599 |   File "/app/src/registry.py", line 69, in _do_scrape
2026-07-24 15:11:12.599 |     conn = adapter.get_connection()
2026-07-24 15:11:12.599 |            ^^^^^^^^^^^^^^^^^^^^^^^^
2026-07-24 15:11:12.599 |   File "/app/src/collectors/base.py", line 65, in get_connection
2026-07-24 15:11:12.599 |     self._conn = self.connect()
2026-07-24 15:11:12.599 |                  ^^^^^^^^^^^^^^
2026-07-24 15:11:12.599 |   File "/app/src/collectors/sqlserver.py", line 70, in connect
2026-07-24 15:11:12.599 |     conn = pymssql.connect(
2026-07-24 15:11:12.599 |            ^^^^^^^^^^^^^^^^
2026-07-24 15:11:12.599 |   File "src/pymssql/_pymssql.pyx", line 659, in pymssql._pymssql.connect
2026-07-24 15:11:12.599 | pymssql.exceptions.OperationalError: (20009, b'DB-Lib error message 20009, severity 9:\nUnable to connect: Adaptive Server is unavailable or does not exist (COSWINDE516D1)\n')
2026-07-24 15:11:12.599 | 2026-07-24 22:11:12,599 INFO 172.19.0.3 - "GET /metrics?target=hris-scl-engineering-db HTTP/1.1" 200 -
2026-07-24 15:11:16.793 | 2026-07-24 22:11:16,792 ERROR query 'size' failed for target 'hris-card-db'
2026-07-24 15:11:16.793 | Traceback (most recent call last):
2026-07-24 15:11:16.793 |   File "/app/src/collectors/base.py", line 52, in safe_collect_family
2026-07-24 15:11:16.793 |     result = builder()
2026-07-24 15:11:16.793 |              ^^^^^^^^^
2026-07-24 15:11:16.793 |   File "/app/src/collectors/postgres.py", line 94, in <lambda>
2026-07-24 15:11:16.793 |     ("size", lambda: self._size_family(cur)),
2026-07-24 15:11:16.793 |                      ^^^^^^^^^^^^^^^^^^^^^^
2026-07-24 15:11:16.793 |   File "/app/src/collectors/postgres.py", line 168, in _size_family
2026-07-24 15:11:16.793 |     cur.execute(_SIZE_SQL)
2026-07-24 15:11:16.793 |   File "/usr/local/lib/python3.12/site-packages/psycopg2/extras.py", line 146, in execute
2026-07-24 15:11:16.793 |     return super().execute(query, vars)
2026-07-24 15:11:16.793 |            ^^^^^^^^^^^^^^^^^^^^^^^^^^^^
2026-07-24 15:11:16.793 | psycopg2.errors.InsufficientPrivilege: permission denied for database rdsadmin
2026-07-24 15:11:16.793 | 
2026-07-24 15:11:16.793 | 2026-07-24 22:11:16,793 INFO 172.19.0.3 - "GET /metrics?target=hris-card-db HTTP/1.1" 200 -
2026-07-24 15:11:21.710 | 2026-07-24 22:11:21,709 INFO 127.0.0.1 - "GET /health HTTP/1.1" 200 -
2026-07-24 15:11:26.276 | 2026-07-24 22:11:26,276 ERROR query 'query_duration' failed for target 'hris-hims-db'
2026-07-24 15:11:26.276 | Traceback (most recent call last):
2026-07-24 15:11:26.276 |   File "/app/src/collectors/base.py", line 52, in safe_collect_family
2026-07-24 15:11:26.276 |     result = builder()
2026-07-24 15:11:26.276 |              ^^^^^^^^^
2026-07-24 15:11:26.276 |   File "/app/src/collectors/oracle.py", line 103, in <lambda>
2026-07-24 15:11:26.276 |     ("query_duration", lambda: self._query_duration_family(conn)),
2026-07-24 15:11:26.276 |                                ^^^^^^^^^^^^^^^^^^^^^^^^^^^^^^^^^
2026-07-24 15:11:26.276 |   File "/app/src/collectors/oracle.py", line 119, in _query_duration_family
2026-07-24 15:11:26.276 |     cur.execute(_QUERY_STATS_SQL)
2026-07-24 15:11:26.276 |   File "/usr/local/lib/python3.12/site-packages/oracledb/cursor.py", line 710, in execute
2026-07-24 15:11:26.276 |     impl.execute(self)
2026-07-24 15:11:26.276 |   File "src/oracledb/impl/thin/cursor.pyx", line 196, in oracledb.thin_impl.ThinCursorImpl.execute
2026-07-24 15:11:26.276 |   File "src/oracledb/impl/thin/protocol.pyx", line 440, in oracledb.thin_impl.Protocol._process_single_message
2026-07-24 15:11:26.276 |   File "src/oracledb/impl/thin/protocol.pyx", line 441, in oracledb.thin_impl.Protocol._process_single_message
2026-07-24 15:11:26.276 |   File "src/oracledb/impl/thin/protocol.pyx", line 433, in oracledb.thin_impl.Protocol._process_message
2026-07-24 15:11:26.276 |   File "src/oracledb/impl/thin/messages.pyx", line 74, in oracledb.thin_impl.Message._check_and_raise_exception
2026-07-24 15:11:26.276 | oracledb.exceptions.DatabaseError: ORA-00942: table or view does not exist
2026-07-24 15:11:26.276 | Help: https://docs.oracle.com/error-help/db/ora-00942/
2026-07-24 15:11:26.348 | 2026-07-24 22:11:26,347 INFO 172.19.0.3 - "GET /metrics?target=hris-hims-db HTTP/1.1" 200 -
2026-07-24 15:11:27.599 | 2026-07-24 22:11:27,598 ERROR scrape of target 'hris-scl-engineering-db' failed
2026-07-24 15:11:27.599 | Traceback (most recent call last):
2026-07-24 15:11:27.599 |   File "src/pymssql/_pymssql.pyx", line 650, in pymssql._pymssql.connect
2026-07-24 15:11:27.599 |   File "src/pymssql/_mssql.pyx", line 2158, in pymssql._mssql.connect
2026-07-24 15:11:27.599 |   File "src/pymssql/_mssql.pyx", line 712, in pymssql._mssql.MSSQLConnection.__init__
2026-07-24 15:11:27.599 |   File "src/pymssql/_mssql.pyx", line 1884, in pymssql._mssql.maybe_raise_MSSQLDatabaseException
2026-07-24 15:11:27.599 |   File "src/pymssql/_mssql.pyx", line 1901, in pymssql._mssql.raise_MSSQLDatabaseException
2026-07-24 15:11:27.599 | pymssql._mssql.MSSQLDatabaseException: (20009, b'DB-Lib error message 20009, severity 9:\nUnable to connect: Adaptive Server is unavailable or does not exist (COSWINDE516D1)\n')
2026-07-24 15:11:27.599 | 
2026-07-24 15:11:27.599 | During handling of the above exception, another exception occurred:
2026-07-24 15:11:27.599 | 
2026-07-24 15:11:27.599 | Traceback (most recent call last):
2026-07-24 15:11:27.599 |   File "/app/src/registry.py", line 74, in scrape
2026-07-24 15:11:27.599 |     families, had_partial_error = future.result(timeout=target.scrape_timeout_seconds)
2026-07-24 15:11:27.599 |                                   ^^^^^^^^^^^^^^^^^^^^^^^^^^^^^^^^^^^^^^^^^^^^^^^^^^^^
2026-07-24 15:11:27.599 |   File "/usr/local/lib/python3.12/concurrent/futures/_base.py", line 456, in result
2026-07-24 15:11:27.599 |     return self.__get_result()
2026-07-24 15:11:27.599 |            ^^^^^^^^^^^^^^^^^^^
2026-07-24 15:11:27.599 |   File "/usr/local/lib/python3.12/concurrent/futures/_base.py", line 401, in __get_result
2026-07-24 15:11:27.599 |     raise self._exception
2026-07-24 15:11:27.599 |   File "/usr/local/lib/python3.12/concurrent/futures/thread.py", line 59, in run
2026-07-24 15:11:27.599 |     result = self.fn(*self.args, **self.kwargs)
2026-07-24 15:11:27.599 |              ^^^^^^^^^^^^^^^^^^^^^^^^^^^^^^^^^^
2026-07-24 15:11:27.599 |   File "/app/src/registry.py", line 69, in _do_scrape
2026-07-24 15:11:27.599 |     conn = adapter.get_connection()
2026-07-24 15:11:27.599 |            ^^^^^^^^^^^^^^^^^^^^^^^^
2026-07-24 15:11:27.599 |   File "/app/src/collectors/base.py", line 65, in get_connection
2026-07-24 15:11:27.599 |     self._conn = self.connect()
2026-07-24 15:11:27.599 |                  ^^^^^^^^^^^^^^
2026-07-24 15:11:27.599 |   File "/app/src/collectors/sqlserver.py", line 70, in connect
2026-07-24 15:11:27.599 |     conn = pymssql.connect(
2026-07-24 15:11:27.599 |            ^^^^^^^^^^^^^^^^
2026-07-24 15:11:27.599 |   File "src/pymssql/_pymssql.pyx", line 659, in pymssql._pymssql.connect
2026-07-24 15:11:27.599 | pymssql.exceptions.OperationalError: (20009, b'DB-Lib error message 20009, severity 9:\nUnable to connect: Adaptive Server is unavailable or does not exist (COSWINDE516D1)\n')
2026-07-24 15:11:27.599 | 2026-07-24 22:11:27,598 INFO 172.19.0.3 - "GET /metrics?target=hris-scl-engineering-db HTTP/1.1" 200 -
2026-07-24 15:11:31.791 | 2026-07-24 22:11:31,790 ERROR query 'size' failed for target 'hris-card-db'
2026-07-24 15:11:31.791 | Traceback (most recent call last):
2026-07-24 15:11:31.791 |   File "/app/src/collectors/base.py", line 52, in safe_collect_family
2026-07-24 15:11:31.791 |     result = builder()
2026-07-24 15:11:31.791 |              ^^^^^^^^^
2026-07-24 15:11:31.791 |   File "/app/src/collectors/postgres.py", line 94, in <lambda>
2026-07-24 15:11:31.791 |     ("size", lambda: self._size_family(cur)),
2026-07-24 15:11:31.791 |                      ^^^^^^^^^^^^^^^^^^^^^^
2026-07-24 15:11:31.791 |   File "/app/src/collectors/postgres.py", line 168, in _size_family
2026-07-24 15:11:31.791 |     cur.execute(_SIZE_SQL)
2026-07-24 15:11:31.791 |   File "/usr/local/lib/python3.12/site-packages/psycopg2/extras.py", line 146, in execute
2026-07-24 15:11:31.791 |     return super().execute(query, vars)
2026-07-24 15:11:31.791 |            ^^^^^^^^^^^^^^^^^^^^^^^^^^^^
2026-07-24 15:11:31.791 | psycopg2.errors.InsufficientPrivilege: permission denied for database rdsadmin
2026-07-24 15:11:31.791 | 
2026-07-24 15:11:31.791 | 2026-07-24 22:11:31,791 INFO 172.19.0.3 - "GET /metrics?target=hris-card-db HTTP/1.1" 200 -
2026-07-24 15:11:41.277 | 2026-07-24 22:11:41,276 ERROR query 'query_duration' failed for target 'hris-hims-db'
2026-07-24 15:11:41.277 | Traceback (most recent call last):
2026-07-24 15:11:41.277 |   File "/app/src/collectors/base.py", line 52, in safe_collect_family
2026-07-24 15:11:41.277 |     result = builder()
2026-07-24 15:11:41.277 |              ^^^^^^^^^
2026-07-24 15:11:41.277 |   File "/app/src/collectors/oracle.py", line 103, in <lambda>
2026-07-24 15:11:41.277 |     ("query_duration", lambda: self._query_duration_family(conn)),
2026-07-24 15:11:41.277 |                                ^^^^^^^^^^^^^^^^^^^^^^^^^^^^^^^^^
2026-07-24 15:11:41.277 |   File "/app/src/collectors/oracle.py", line 119, in _query_duration_family
2026-07-24 15:11:41.277 |     cur.execute(_QUERY_STATS_SQL)
2026-07-24 15:11:41.277 |   File "/usr/local/lib/python3.12/site-packages/oracledb/cursor.py", line 710, in execute
2026-07-24 15:11:41.277 |     impl.execute(self)
2026-07-24 15:11:41.277 |   File "src/oracledb/impl/thin/cursor.pyx", line 196, in oracledb.thin_impl.ThinCursorImpl.execute
2026-07-24 15:11:41.277 |   File "src/oracledb/impl/thin/protocol.pyx", line 440, in oracledb.thin_impl.Protocol._process_single_message
2026-07-24 15:11:41.277 |   File "src/oracledb/impl/thin/protocol.pyx", line 441, in oracledb.thin_impl.Protocol._process_single_message
2026-07-24 15:11:41.277 |   File "src/oracledb/impl/thin/protocol.pyx", line 433, in oracledb.thin_impl.Protocol._process_message
2026-07-24 15:11:41.277 |   File "src/oracledb/impl/thin/messages.pyx", line 74, in oracledb.thin_impl.Message._check_and_raise_exception
2026-07-24 15:11:41.277 | oracledb.exceptions.DatabaseError: ORA-00942: table or view does not exist
2026-07-24 15:11:41.277 | Help: https://docs.oracle.com/error-help/db/ora-00942/
2026-07-24 15:11:41.354 | 2026-07-24 22:11:41,354 INFO 172.19.0.3 - "GET /metrics?target=hris-hims-db HTTP/1.1" 200 -
2026-07-24 15:11:42.600 | 2026-07-24 22:11:42,599 ERROR scrape of target 'hris-scl-engineering-db' failed
2026-07-24 15:11:42.600 | Traceback (most recent call last):
2026-07-24 15:11:42.600 |   File "src/pymssql/_pymssql.pyx", line 650, in pymssql._pymssql.connect
2026-07-24 15:11:42.600 |   File "src/pymssql/_mssql.pyx", line 2158, in pymssql._mssql.connect
2026-07-24 15:11:42.600 |   File "src/pymssql/_mssql.pyx", line 712, in pymssql._mssql.MSSQLConnection.__init__
2026-07-24 15:11:42.600 |   File "src/pymssql/_mssql.pyx", line 1884, in pymssql._mssql.maybe_raise_MSSQLDatabaseException
2026-07-24 15:11:42.600 |   File "src/pymssql/_mssql.pyx", line 1901, in pymssql._mssql.raise_MSSQLDatabaseException
2026-07-24 15:11:42.600 | pymssql._mssql.MSSQLDatabaseException: (20009, b'DB-Lib error message 20009, severity 9:\nUnable to connect: Adaptive Server is unavailable or does not exist (COSWINDE516D1)\n')
2026-07-24 15:11:42.600 | 
2026-07-24 15:11:42.600 | During handling of the above exception, another exception occurred:
2026-07-24 15:11:42.600 | 
2026-07-24 15:11:42.600 | Traceback (most recent call last):
2026-07-24 15:11:42.600 |   File "/app/src/registry.py", line 74, in scrape
2026-07-24 15:11:42.600 |     families, had_partial_error = future.result(timeout=target.scrape_timeout_seconds)
2026-07-24 15:11:42.600 |                                   ^^^^^^^^^^^^^^^^^^^^^^^^^^^^^^^^^^^^^^^^^^^^^^^^^^^^
2026-07-24 15:11:42.600 |   File "/usr/local/lib/python3.12/concurrent/futures/_base.py", line 456, in result
2026-07-24 15:11:42.600 |     return self.__get_result()
2026-07-24 15:11:42.600 |            ^^^^^^^^^^^^^^^^^^^
2026-07-24 15:11:42.600 |   File "/usr/local/lib/python3.12/concurrent/futures/_base.py", line 401, in __get_result
2026-07-24 15:11:42.600 |     raise self._exception
2026-07-24 15:11:42.600 |   File "/usr/local/lib/python3.12/concurrent/futures/thread.py", line 59, in run
2026-07-24 15:11:42.600 |     result = self.fn(*self.args, **self.kwargs)
2026-07-24 15:11:42.600 |              ^^^^^^^^^^^^^^^^^^^^^^^^^^^^^^^^^^
2026-07-24 15:11:42.600 |   File "/app/src/registry.py", line 69, in _do_scrape
2026-07-24 15:11:42.600 |     conn = adapter.get_connection()
2026-07-24 15:11:42.600 |            ^^^^^^^^^^^^^^^^^^^^^^^^
2026-07-24 15:11:42.600 |   File "/app/src/collectors/base.py", line 65, in get_connection
2026-07-24 15:11:42.600 |     self._conn = self.connect()
2026-07-24 15:11:42.600 |                  ^^^^^^^^^^^^^^
2026-07-24 15:11:42.600 |   File "/app/src/collectors/sqlserver.py", line 70, in connect
2026-07-24 15:11:42.600 |     conn = pymssql.connect(
2026-07-24 15:11:42.600 |            ^^^^^^^^^^^^^^^^
2026-07-24 15:11:42.600 |   File "src/pymssql/_pymssql.pyx", line 659, in pymssql._pymssql.connect
2026-07-24 15:11:42.600 | pymssql.exceptions.OperationalError: (20009, b'DB-Lib error message 20009, severity 9:\nUnable to connect: Adaptive Server is unavailable or does not exist (COSWINDE516D1)\n')
2026-07-24 15:11:42.600 | 2026-07-24 22:11:42,600 INFO 172.19.0.3 - "GET /metrics?target=hris-scl-engineering-db HTTP/1.1" 200 -
2026-07-24 15:11:46.795 | 2026-07-24 22:11:46,794 ERROR query 'size' failed for target 'hris-card-db'
2026-07-24 15:11:46.795 | Traceback (most recent call last):
2026-07-24 15:11:46.795 |   File "/app/src/collectors/base.py", line 52, in safe_collect_family
2026-07-24 15:11:46.795 |     result = builder()
2026-07-24 15:11:46.795 |              ^^^^^^^^^
2026-07-24 15:11:46.795 |   File "/app/src/collectors/postgres.py", line 94, in <lambda>
2026-07-24 15:11:46.795 |     ("size", lambda: self._size_family(cur)),
2026-07-24 15:11:46.795 |                      ^^^^^^^^^^^^^^^^^^^^^^
2026-07-24 15:11:46.795 |   File "/app/src/collectors/postgres.py", line 168, in _size_family
2026-07-24 15:11:46.795 |     cur.execute(_SIZE_SQL)
2026-07-24 15:11:46.795 |   File "/usr/local/lib/python3.12/site-packages/psycopg2/extras.py", line 146, in execute
2026-07-24 15:11:46.795 |     return super().execute(query, vars)
2026-07-24 15:11:46.795 |            ^^^^^^^^^^^^^^^^^^^^^^^^^^^^
2026-07-24 15:11:46.795 | psycopg2.errors.InsufficientPrivilege: permission denied for database rdsadmin
2026-07-24 15:11:46.795 | 
2026-07-24 15:11:46.795 | 2026-07-24 22:11:46,795 INFO 172.19.0.3 - "GET /metrics?target=hris-card-db HTTP/1.1" 200 -
2026-07-24 15:11:51.823 | 2026-07-24 22:11:51,823 INFO 127.0.0.1 - "GET /health HTTP/1.1" 200 -
2026-07-24 15:11:56.280 | 2026-07-24 22:11:56,279 ERROR query 'query_duration' failed for target 'hris-hims-db'
2026-07-24 15:11:56.280 | Traceback (most recent call last):
2026-07-24 15:11:56.280 |   File "/app/src/collectors/base.py", line 52, in safe_collect_family
2026-07-24 15:11:56.280 |     result = builder()
2026-07-24 15:11:56.280 |              ^^^^^^^^^
2026-07-24 15:11:56.280 |   File "/app/src/collectors/oracle.py", line 103, in <lambda>
2026-07-24 15:11:56.280 |     ("query_duration", lambda: self._query_duration_family(conn)),
2026-07-24 15:11:56.280 |                                ^^^^^^^^^^^^^^^^^^^^^^^^^^^^^^^^^
2026-07-24 15:11:56.280 |   File "/app/src/collectors/oracle.py", line 119, in _query_duration_family
2026-07-24 15:11:56.280 |     cur.execute(_QUERY_STATS_SQL)
2026-07-24 15:11:56.280 |   File "/usr/local/lib/python3.12/site-packages/oracledb/cursor.py", line 710, in execute
2026-07-24 15:11:56.280 |     impl.execute(self)
2026-07-24 15:11:56.280 |   File "src/oracledb/impl/thin/cursor.pyx", line 196, in oracledb.thin_impl.ThinCursorImpl.execute
2026-07-24 15:11:56.280 |   File "src/oracledb/impl/thin/protocol.pyx", line 440, in oracledb.thin_impl.Protocol._process_single_message
2026-07-24 15:11:56.280 |   File "src/oracledb/impl/thin/protocol.pyx", line 441, in oracledb.thin_impl.Protocol._process_single_message
2026-07-24 15:11:56.280 |   File "src/oracledb/impl/thin/protocol.pyx", line 433, in oracledb.thin_impl.Protocol._process_message
2026-07-24 15:11:56.280 |   File "src/oracledb/impl/thin/messages.pyx", line 74, in oracledb.thin_impl.Message._check_and_raise_exception
2026-07-24 15:11:56.280 | oracledb.exceptions.DatabaseError: ORA-00942: table or view does not exist
2026-07-24 15:11:56.280 | Help: https://docs.oracle.com/error-help/db/ora-00942/
2026-07-24 15:11:56.370 | 2026-07-24 22:11:56,370 INFO 172.19.0.3 - "GET /metrics?target=hris-hims-db HTTP/1.1" 200 -
2026-07-24 15:11:57.603 | 2026-07-24 22:11:57,603 ERROR scrape of target 'hris-scl-engineering-db' failed
2026-07-24 15:11:57.604 | Traceback (most recent call last):
2026-07-24 15:11:57.604 |   File "src/pymssql/_pymssql.pyx", line 650, in pymssql._pymssql.connect
2026-07-24 15:11:57.604 |   File "src/pymssql/_mssql.pyx", line 2158, in pymssql._mssql.connect
2026-07-24 15:11:57.604 |   File "src/pymssql/_mssql.pyx", line 712, in pymssql._mssql.MSSQLConnection.__init__
2026-07-24 15:11:57.604 |   File "src/pymssql/_mssql.pyx", line 1884, in pymssql._mssql.maybe_raise_MSSQLDatabaseException
2026-07-24 15:11:57.604 |   File "src/pymssql/_mssql.pyx", line 1901, in pymssql._mssql.raise_MSSQLDatabaseException
2026-07-24 15:11:57.604 | pymssql._mssql.MSSQLDatabaseException: (20009, b'DB-Lib error message 20009, severity 9:\nUnable to connect: Adaptive Server is unavailable or does not exist (COSWINDE516D1)\n')
2026-07-24 15:11:57.604 | 
2026-07-24 15:11:57.604 | During handling of the above exception, another exception occurred:
2026-07-24 15:11:57.604 | 
2026-07-24 15:11:57.604 | Traceback (most recent call last):
2026-07-24 15:11:57.604 |   File "/app/src/registry.py", line 74, in scrape
2026-07-24 15:11:57.604 |     families, had_partial_error = future.result(timeout=target.scrape_timeout_seconds)
2026-07-24 15:11:57.604 |                                   ^^^^^^^^^^^^^^^^^^^^^^^^^^^^^^^^^^^^^^^^^^^^^^^^^^^^
2026-07-24 15:11:57.604 |   File "/usr/local/lib/python3.12/concurrent/futures/_base.py", line 456, in result
2026-07-24 15:11:57.604 |     return self.__get_result()
2026-07-24 15:11:57.604 |            ^^^^^^^^^^^^^^^^^^^
2026-07-24 15:11:57.604 |   File "/usr/local/lib/python3.12/concurrent/futures/_base.py", line 401, in __get_result
2026-07-24 15:11:57.604 |     raise self._exception
2026-07-24 15:11:57.604 |   File "/usr/local/lib/python3.12/concurrent/futures/thread.py", line 59, in run
2026-07-24 15:11:57.604 |     result = self.fn(*self.args, **self.kwargs)
2026-07-24 15:11:57.604 |              ^^^^^^^^^^^^^^^^^^^^^^^^^^^^^^^^^^
2026-07-24 15:11:57.604 |   File "/app/src/registry.py", line 69, in _do_scrape
2026-07-24 15:11:57.604 |     conn = adapter.get_connection()
2026-07-24 15:11:57.604 |            ^^^^^^^^^^^^^^^^^^^^^^^^
2026-07-24 15:11:57.604 |   File "/app/src/collectors/base.py", line 65, in get_connection
2026-07-24 15:11:57.604 |     self._conn = self.connect()
2026-07-24 15:11:57.604 |                  ^^^^^^^^^^^^^^
2026-07-24 15:11:57.604 |   File "/app/src/collectors/sqlserver.py", line 70, in connect
2026-07-24 15:11:57.604 |     conn = pymssql.connect(
2026-07-24 15:11:57.604 |            ^^^^^^^^^^^^^^^^
2026-07-24 15:11:57.604 |   File "src/pymssql/_pymssql.pyx", line 659, in pymssql._pymssql.connect
2026-07-24 15:11:57.604 | pymssql.exceptions.OperationalError: (20009, b'DB-Lib error message 20009, severity 9:\nUnable to connect: Adaptive Server is unavailable or does not exist (COSWINDE516D1)\n')
2026-07-24 15:11:57.604 | 2026-07-24 22:11:57,603 INFO 172.19.0.3 - "GET /metrics?target=hris-scl-engineering-db HTTP/1.1" 200 -
2026-07-24 15:12:01.890 | 2026-07-24 22:12:01,890 ERROR query 'size' failed for target 'hris-card-db'
2026-07-24 15:12:01.890 | Traceback (most recent call last):
2026-07-24 15:12:01.890 |   File "/app/src/collectors/base.py", line 52, in safe_collect_family
2026-07-24 15:12:01.890 |     result = builder()
2026-07-24 15:12:01.890 |              ^^^^^^^^^
2026-07-24 15:12:01.890 |   File "/app/src/collectors/postgres.py", line 94, in <lambda>
2026-07-24 15:12:01.890 |     ("size", lambda: self._size_family(cur)),
2026-07-24 15:12:01.890 |                      ^^^^^^^^^^^^^^^^^^^^^^
2026-07-24 15:12:01.890 |   File "/app/src/collectors/postgres.py", line 168, in _size_family
2026-07-24 15:12:01.890 |     cur.execute(_SIZE_SQL)
2026-07-24 15:12:01.890 |   File "/usr/local/lib/python3.12/site-packages/psycopg2/extras.py", line 146, in execute
2026-07-24 15:12:01.890 |     return super().execute(query, vars)
2026-07-24 15:12:01.890 |            ^^^^^^^^^^^^^^^^^^^^^^^^^^^^
2026-07-24 15:12:01.890 | psycopg2.errors.InsufficientPrivilege: permission denied for database rdsadmin
2026-07-24 15:12:01.890 | 
2026-07-24 15:12:01.891 | 2026-07-24 22:12:01,890 INFO 172.19.0.3 - "GET /metrics?target=hris-card-db HTTP/1.1" 200 -
2026-07-24 15:12:11.278 | 2026-07-24 22:12:11,277 ERROR query 'query_duration' failed for target 'hris-hims-db'
2026-07-24 15:12:11.278 | Traceback (most recent call last):
2026-07-24 15:12:11.278 |   File "/app/src/collectors/base.py", line 52, in safe_collect_family
2026-07-24 15:12:11.278 |     result = builder()
2026-07-24 15:12:11.278 |              ^^^^^^^^^
2026-07-24 15:12:11.278 |   File "/app/src/collectors/oracle.py", line 103, in <lambda>
2026-07-24 15:12:11.278 |     ("query_duration", lambda: self._query_duration_family(conn)),
2026-07-24 15:12:11.278 |                                ^^^^^^^^^^^^^^^^^^^^^^^^^^^^^^^^^
2026-07-24 15:12:11.278 |   File "/app/src/collectors/oracle.py", line 119, in _query_duration_family
2026-07-24 15:12:11.278 |     cur.execute(_QUERY_STATS_SQL)
2026-07-24 15:12:11.278 |   File "/usr/local/lib/python3.12/site-packages/oracledb/cursor.py", line 710, in execute
2026-07-24 15:12:11.278 |     impl.execute(self)
2026-07-24 15:12:11.278 |   File "src/oracledb/impl/thin/cursor.pyx", line 196, in oracledb.thin_impl.ThinCursorImpl.execute
2026-07-24 15:12:11.278 |   File "src/oracledb/impl/thin/protocol.pyx", line 440, in oracledb.thin_impl.Protocol._process_single_message
2026-07-24 15:12:11.278 |   File "src/oracledb/impl/thin/protocol.pyx", line 441, in oracledb.thin_impl.Protocol._process_single_message
2026-07-24 15:12:11.278 |   File "src/oracledb/impl/thin/protocol.pyx", line 433, in oracledb.thin_impl.Protocol._process_message
2026-07-24 15:12:11.278 |   File "src/oracledb/impl/thin/messages.pyx", line 74, in oracledb.thin_impl.Message._check_and_raise_exception
2026-07-24 15:12:11.278 | oracledb.exceptions.DatabaseError: ORA-00942: table or view does not exist
2026-07-24 15:12:11.278 | Help: https://docs.oracle.com/error-help/db/ora-00942/
2026-07-24 15:12:11.361 | 2026-07-24 22:12:11,361 INFO 172.19.0.3 - "GET /metrics?target=hris-hims-db HTTP/1.1" 200 -
2026-07-24 15:12:12.596 | 2026-07-24 22:12:12,595 ERROR scrape of target 'hris-scl-engineering-db' failed
2026-07-24 15:12:12.596 | Traceback (most recent call last):
2026-07-24 15:12:12.596 |   File "src/pymssql/_pymssql.pyx", line 650, in pymssql._pymssql.connect
2026-07-24 15:12:12.596 |   File "src/pymssql/_mssql.pyx", line 2158, in pymssql._mssql.connect
2026-07-24 15:12:12.596 |   File "src/pymssql/_mssql.pyx", line 712, in pymssql._mssql.MSSQLConnection.__init__
2026-07-24 15:12:12.596 |   File "src/pymssql/_mssql.pyx", line 1884, in pymssql._mssql.maybe_raise_MSSQLDatabaseException
2026-07-24 15:12:12.596 |   File "src/pymssql/_mssql.pyx", line 1901, in pymssql._mssql.raise_MSSQLDatabaseException
2026-07-24 15:12:12.596 | pymssql._mssql.MSSQLDatabaseException: (20009, b'DB-Lib error message 20009, severity 9:\nUnable to connect: Adaptive Server is unavailable or does not exist (COSWINDE516D1)\n')
2026-07-24 15:12:12.596 | 
2026-07-24 15:12:12.596 | During handling of the above exception, another exception occurred:
2026-07-24 15:12:12.596 | 
2026-07-24 15:12:12.596 | Traceback (most recent call last):
2026-07-24 15:12:12.596 |   File "/app/src/registry.py", line 74, in scrape
2026-07-24 15:12:12.596 |     families, had_partial_error = future.result(timeout=target.scrape_timeout_seconds)
2026-07-24 15:12:12.596 |                                   ^^^^^^^^^^^^^^^^^^^^^^^^^^^^^^^^^^^^^^^^^^^^^^^^^^^^
2026-07-24 15:12:12.596 |   File "/usr/local/lib/python3.12/concurrent/futures/_base.py", line 456, in result
2026-07-24 15:12:12.596 |     return self.__get_result()
2026-07-24 15:12:12.596 |            ^^^^^^^^^^^^^^^^^^^
2026-07-24 15:12:12.596 |   File "/usr/local/lib/python3.12/concurrent/futures/_base.py", line 401, in __get_result
2026-07-24 15:12:12.596 |     raise self._exception
2026-07-24 15:12:12.596 |   File "/usr/local/lib/python3.12/concurrent/futures/thread.py", line 59, in run
2026-07-24 15:12:12.596 |     result = self.fn(*self.args, **self.kwargs)
2026-07-24 15:12:12.596 |              ^^^^^^^^^^^^^^^^^^^^^^^^^^^^^^^^^^
2026-07-24 15:12:12.596 |   File "/app/src/registry.py", line 69, in _do_scrape
2026-07-24 15:12:12.596 |     conn = adapter.get_connection()
2026-07-24 15:12:12.596 |            ^^^^^^^^^^^^^^^^^^^^^^^^
2026-07-24 15:12:12.596 |   File "/app/src/collectors/base.py", line 65, in get_connection
2026-07-24 15:12:12.596 |     self._conn = self.connect()
2026-07-24 15:12:12.596 |                  ^^^^^^^^^^^^^^
2026-07-24 15:12:12.596 |   File "/app/src/collectors/sqlserver.py", line 70, in connect
2026-07-24 15:12:12.596 |     conn = pymssql.connect(
2026-07-24 15:12:12.596 |            ^^^^^^^^^^^^^^^^
2026-07-24 15:12:12.596 |   File "src/pymssql/_pymssql.pyx", line 659, in pymssql._pymssql.connect
2026-07-24 15:12:12.596 | pymssql.exceptions.OperationalError: (20009, b'DB-Lib error message 20009, severity 9:\nUnable to connect: Adaptive Server is unavailable or does not exist (COSWINDE516D1)\n')
2026-07-24 15:12:12.596 | 2026-07-24 22:12:12,596 INFO 172.19.0.3 - "GET /metrics?target=hris-scl-engineering-db HTTP/1.1" 200 -
2026-07-24 15:12:16.794 | 2026-07-24 22:12:16,794 ERROR query 'size' failed for target 'hris-card-db'
2026-07-24 15:12:16.794 | Traceback (most recent call last):
2026-07-24 15:12:16.794 |   File "/app/src/collectors/base.py", line 52, in safe_collect_family
2026-07-24 15:12:16.794 |     result = builder()
2026-07-24 15:12:16.794 |              ^^^^^^^^^
2026-07-24 15:12:16.794 |   File "/app/src/collectors/postgres.py", line 94, in <lambda>
2026-07-24 15:12:16.794 |     ("size", lambda: self._size_family(cur)),
2026-07-24 15:12:16.794 |                      ^^^^^^^^^^^^^^^^^^^^^^
2026-07-24 15:12:16.794 |   File "/app/src/collectors/postgres.py", line 168, in _size_family
2026-07-24 15:12:16.794 |     cur.execute(_SIZE_SQL)
2026-07-24 15:12:16.794 |   File "/usr/local/lib/python3.12/site-packages/psycopg2/extras.py", line 146, in execute
2026-07-24 15:12:16.794 |     return super().execute(query, vars)
2026-07-24 15:12:16.794 |            ^^^^^^^^^^^^^^^^^^^^^^^^^^^^
2026-07-24 15:12:16.794 | psycopg2.errors.InsufficientPrivilege: permission denied for database rdsadmin
2026-07-24 15:12:16.794 | 
2026-07-24 15:12:16.794 | 2026-07-24 22:12:16,794 INFO 172.19.0.3 - "GET /metrics?target=hris-card-db HTTP/1.1" 200 -
2026-07-24 15:12:21.937 | 2026-07-24 22:12:21,937 INFO 127.0.0.1 - "GET /health HTTP/1.1" 200 -
2026-07-24 15:12:26.279 | 2026-07-24 22:12:26,278 ERROR query 'query_duration' failed for target 'hris-hims-db'
2026-07-24 15:12:26.279 | Traceback (most recent call last):
2026-07-24 15:12:26.279 |   File "/app/src/collectors/base.py", line 52, in safe_collect_family
2026-07-24 15:12:26.279 |     result = builder()
2026-07-24 15:12:26.279 |              ^^^^^^^^^
2026-07-24 15:12:26.279 |   File "/app/src/collectors/oracle.py", line 103, in <lambda>
2026-07-24 15:12:26.279 |     ("query_duration", lambda: self._query_duration_family(conn)),
2026-07-24 15:12:26.279 |                                ^^^^^^^^^^^^^^^^^^^^^^^^^^^^^^^^^
2026-07-24 15:12:26.279 |   File "/app/src/collectors/oracle.py", line 119, in _query_duration_family
2026-07-24 15:12:26.279 |     cur.execute(_QUERY_STATS_SQL)
2026-07-24 15:12:26.279 |   File "/usr/local/lib/python3.12/site-packages/oracledb/cursor.py", line 710, in execute
2026-07-24 15:12:26.279 |     impl.execute(self)
2026-07-24 15:12:26.279 |   File "src/oracledb/impl/thin/cursor.pyx", line 196, in oracledb.thin_impl.ThinCursorImpl.execute
2026-07-24 15:12:26.279 |   File "src/oracledb/impl/thin/protocol.pyx", line 440, in oracledb.thin_impl.Protocol._process_single_message
2026-07-24 15:12:26.279 |   File "src/oracledb/impl/thin/protocol.pyx", line 441, in oracledb.thin_impl.Protocol._process_single_message
2026-07-24 15:12:26.279 |   File "src/oracledb/impl/thin/protocol.pyx", line 433, in oracledb.thin_impl.Protocol._process_message
2026-07-24 15:12:26.279 |   File "src/oracledb/impl/thin/messages.pyx", line 74, in oracledb.thin_impl.Message._check_and_raise_exception
2026-07-24 15:12:26.279 | oracledb.exceptions.DatabaseError: ORA-00942: table or view does not exist
2026-07-24 15:12:26.279 | Help: https://docs.oracle.com/error-help/db/ora-00942/
2026-07-24 15:12:26.371 | 2026-07-24 22:12:26,370 INFO 172.19.0.3 - "GET /metrics?target=hris-hims-db HTTP/1.1" 200 -
2026-07-24 15:12:27.596 | 2026-07-24 22:12:27,595 ERROR scrape of target 'hris-scl-engineering-db' failed
2026-07-24 15:12:27.596 | Traceback (most recent call last):
2026-07-24 15:12:27.596 |   File "src/pymssql/_pymssql.pyx", line 650, in pymssql._pymssql.connect
2026-07-24 15:12:27.596 |   File "src/pymssql/_mssql.pyx", line 2158, in pymssql._mssql.connect
2026-07-24 15:12:27.596 |   File "src/pymssql/_mssql.pyx", line 712, in pymssql._mssql.MSSQLConnection.__init__
2026-07-24 15:12:27.596 |   File "src/pymssql/_mssql.pyx", line 1884, in pymssql._mssql.maybe_raise_MSSQLDatabaseException
2026-07-24 15:12:27.596 |   File "src/pymssql/_mssql.pyx", line 1901, in pymssql._mssql.raise_MSSQLDatabaseException
2026-07-24 15:12:27.596 | pymssql._mssql.MSSQLDatabaseException: (20009, b'DB-Lib error message 20009, severity 9:\nUnable to connect: Adaptive Server is unavailable or does not exist (COSWINDE516D1)\n')
2026-07-24 15:12:27.596 | 
2026-07-24 15:12:27.596 | During handling of the above exception, another exception occurred:
2026-07-24 15:12:27.596 | 
2026-07-24 15:12:27.596 | Traceback (most recent call last):
2026-07-24 15:12:27.596 |   File "/app/src/registry.py", line 74, in scrape
2026-07-24 15:12:27.596 |     families, had_partial_error = future.result(timeout=target.scrape_timeout_seconds)
2026-07-24 15:12:27.596 |                                   ^^^^^^^^^^^^^^^^^^^^^^^^^^^^^^^^^^^^^^^^^^^^^^^^^^^^
2026-07-24 15:12:27.596 |   File "/usr/local/lib/python3.12/concurrent/futures/_base.py", line 456, in result
2026-07-24 15:12:27.596 |     return self.__get_result()
2026-07-24 15:12:27.596 |            ^^^^^^^^^^^^^^^^^^^
2026-07-24 15:12:27.596 |   File "/usr/local/lib/python3.12/concurrent/futures/_base.py", line 401, in __get_result
2026-07-24 15:12:27.596 |     raise self._exception
2026-07-24 15:12:27.596 |   File "/usr/local/lib/python3.12/concurrent/futures/thread.py", line 59, in run
2026-07-24 15:12:27.596 |     result = self.fn(*self.args, **self.kwargs)
2026-07-24 15:12:27.596 |              ^^^^^^^^^^^^^^^^^^^^^^^^^^^^^^^^^^
2026-07-24 15:12:27.596 |   File "/app/src/registry.py", line 69, in _do_scrape
2026-07-24 15:12:27.596 |     conn = adapter.get_connection()
2026-07-24 15:12:27.596 |            ^^^^^^^^^^^^^^^^^^^^^^^^
2026-07-24 15:12:27.596 |   File "/app/src/collectors/base.py", line 65, in get_connection
2026-07-24 15:12:27.596 |     self._conn = self.connect()
2026-07-24 15:12:27.596 |                  ^^^^^^^^^^^^^^
2026-07-24 15:12:27.596 |   File "/app/src/collectors/sqlserver.py", line 70, in connect
2026-07-24 15:12:27.596 |     conn = pymssql.connect(
2026-07-24 15:12:27.596 |            ^^^^^^^^^^^^^^^^
2026-07-24 15:12:27.596 |   File "src/pymssql/_pymssql.pyx", line 659, in pymssql._pymssql.connect
2026-07-24 15:12:27.596 | pymssql.exceptions.OperationalError: (20009, b'DB-Lib error message 20009, severity 9:\nUnable to connect: Adaptive Server is unavailable or does not exist (COSWINDE516D1)\n')
2026-07-24 15:12:27.596 | 2026-07-24 22:12:27,595 INFO 172.19.0.3 - "GET /metrics?target=hris-scl-engineering-db HTTP/1.1" 200 -
2026-07-24 15:12:31.789 | 2026-07-24 22:12:31,788 ERROR query 'size' failed for target 'hris-card-db'
2026-07-24 15:12:31.789 | Traceback (most recent call last):
2026-07-24 15:12:31.789 |   File "/app/src/collectors/base.py", line 52, in safe_collect_family
2026-07-24 15:12:31.789 |     result = builder()
2026-07-24 15:12:31.789 |              ^^^^^^^^^
2026-07-24 15:12:31.789 |   File "/app/src/collectors/postgres.py", line 94, in <lambda>
2026-07-24 15:12:31.789 |     ("size", lambda: self._size_family(cur)),
2026-07-24 15:12:31.789 |                      ^^^^^^^^^^^^^^^^^^^^^^
2026-07-24 15:12:31.789 |   File "/app/src/collectors/postgres.py", line 168, in _size_family
2026-07-24 15:12:31.789 |     cur.execute(_SIZE_SQL)
2026-07-24 15:12:31.789 |   File "/usr/local/lib/python3.12/site-packages/psycopg2/extras.py", line 146, in execute
2026-07-24 15:12:31.789 |     return super().execute(query, vars)
2026-07-24 15:12:31.789 |            ^^^^^^^^^^^^^^^^^^^^^^^^^^^^
2026-07-24 15:12:31.789 | psycopg2.errors.InsufficientPrivilege: permission denied for database rdsadmin
2026-07-24 15:12:31.789 | 
2026-07-24 15:12:31.789 | 2026-07-24 22:12:31,789 INFO 172.19.0.3 - "GET /metrics?target=hris-card-db HTTP/1.1" 200 -
2026-07-24 15:12:41.303 | 2026-07-24 22:12:41,302 ERROR query 'query_duration' failed for target 'hris-hims-db'
2026-07-24 15:12:41.303 | Traceback (most recent call last):
2026-07-24 15:12:41.303 |   File "/app/src/collectors/base.py", line 52, in safe_collect_family
2026-07-24 15:12:41.303 |     result = builder()
2026-07-24 15:12:41.303 |              ^^^^^^^^^
2026-07-24 15:12:41.303 |   File "/app/src/collectors/oracle.py", line 103, in <lambda>
2026-07-24 15:12:41.303 |     ("query_duration", lambda: self._query_duration_family(conn)),
2026-07-24 15:12:41.303 |                                ^^^^^^^^^^^^^^^^^^^^^^^^^^^^^^^^^
2026-07-24 15:12:41.303 |   File "/app/src/collectors/oracle.py", line 119, in _query_duration_family
2026-07-24 15:12:41.303 |     cur.execute(_QUERY_STATS_SQL)
2026-07-24 15:12:41.303 |   File "/usr/local/lib/python3.12/site-packages/oracledb/cursor.py", line 710, in execute
2026-07-24 15:12:41.303 |     impl.execute(self)
2026-07-24 15:12:41.303 |   File "src/oracledb/impl/thin/cursor.pyx", line 196, in oracledb.thin_impl.ThinCursorImpl.execute
2026-07-24 15:12:41.303 |   File "src/oracledb/impl/thin/protocol.pyx", line 440, in oracledb.thin_impl.Protocol._process_single_message
2026-07-24 15:12:41.303 |   File "src/oracledb/impl/thin/protocol.pyx", line 441, in oracledb.thin_impl.Protocol._process_single_message
2026-07-24 15:12:41.303 |   File "src/oracledb/impl/thin/protocol.pyx", line 433, in oracledb.thin_impl.Protocol._process_message
2026-07-24 15:12:41.303 |   File "src/oracledb/impl/thin/messages.pyx", line 74, in oracledb.thin_impl.Message._check_and_raise_exception
2026-07-24 15:12:41.303 | oracledb.exceptions.DatabaseError: ORA-00942: table or view does not exist
2026-07-24 15:12:41.303 | Help: https://docs.oracle.com/error-help/db/ora-00942/
2026-07-24 15:12:41.381 | 2026-07-24 22:12:41,381 INFO 172.19.0.3 - "GET /metrics?target=hris-hims-db HTTP/1.1" 200 -
2026-07-24 15:12:42.597 | 2026-07-24 22:12:42,596 ERROR scrape of target 'hris-scl-engineering-db' failed
2026-07-24 15:12:42.597 | Traceback (most recent call last):
2026-07-24 15:12:42.597 |   File "src/pymssql/_pymssql.pyx", line 650, in pymssql._pymssql.connect
2026-07-24 15:12:42.597 |   File "src/pymssql/_mssql.pyx", line 2158, in pymssql._mssql.connect
2026-07-24 15:12:42.597 |   File "src/pymssql/_mssql.pyx", line 712, in pymssql._mssql.MSSQLConnection.__init__
2026-07-24 15:12:42.597 |   File "src/pymssql/_mssql.pyx", line 1884, in pymssql._mssql.maybe_raise_MSSQLDatabaseException
2026-07-24 15:12:42.597 |   File "src/pymssql/_mssql.pyx", line 1901, in pymssql._mssql.raise_MSSQLDatabaseException
2026-07-24 15:12:42.597 | pymssql._mssql.MSSQLDatabaseException: (20009, b'DB-Lib error message 20009, severity 9:\nUnable to connect: Adaptive Server is unavailable or does not exist (COSWINDE516D1)\n')
2026-07-24 15:12:42.597 | 
2026-07-24 15:12:42.597 | During handling of the above exception, another exception occurred:
2026-07-24 15:12:42.597 | 
2026-07-24 15:12:42.597 | Traceback (most recent call last):
2026-07-24 15:12:42.597 |   File "/app/src/registry.py", line 74, in scrape
2026-07-24 15:12:42.597 |     families, had_partial_error = future.result(timeout=target.scrape_timeout_seconds)
2026-07-24 15:12:42.597 |                                   ^^^^^^^^^^^^^^^^^^^^^^^^^^^^^^^^^^^^^^^^^^^^^^^^^^^^
2026-07-24 15:12:42.597 |   File "/usr/local/lib/python3.12/concurrent/futures/_base.py", line 456, in result
2026-07-24 15:12:42.597 |     return self.__get_result()
2026-07-24 15:12:42.597 |            ^^^^^^^^^^^^^^^^^^^
2026-07-24 15:12:42.597 |   File "/usr/local/lib/python3.12/concurrent/futures/_base.py", line 401, in __get_result
2026-07-24 15:12:42.597 |     raise self._exception
2026-07-24 15:12:42.597 |   File "/usr/local/lib/python3.12/concurrent/futures/thread.py", line 59, in run
2026-07-24 15:12:42.597 |     result = self.fn(*self.args, **self.kwargs)
2026-07-24 15:12:42.597 |              ^^^^^^^^^^^^^^^^^^^^^^^^^^^^^^^^^^
2026-07-24 15:12:42.597 |   File "/app/src/registry.py", line 69, in _do_scrape
2026-07-24 15:12:42.597 |     conn = adapter.get_connection()
2026-07-24 15:12:42.597 |            ^^^^^^^^^^^^^^^^^^^^^^^^
2026-07-24 15:12:42.597 |   File "/app/src/collectors/base.py", line 65, in get_connection
2026-07-24 15:12:42.597 |     self._conn = self.connect()
2026-07-24 15:12:42.597 |                  ^^^^^^^^^^^^^^
2026-07-24 15:12:42.597 |   File "/app/src/collectors/sqlserver.py", line 70, in connect
2026-07-24 15:12:42.597 |     conn = pymssql.connect(
2026-07-24 15:12:42.597 |            ^^^^^^^^^^^^^^^^
2026-07-24 15:12:42.597 |   File "src/pymssql/_pymssql.pyx", line 659, in pymssql._pymssql.connect
2026-07-24 15:12:42.597 | pymssql.exceptions.OperationalError: (20009, b'DB-Lib error message 20009, severity 9:\nUnable to connect: Adaptive Server is unavailable or does not exist (COSWINDE516D1)\n')
2026-07-24 15:12:42.597 | 2026-07-24 22:12:42,597 INFO 172.19.0.3 - "GET /metrics?target=hris-scl-engineering-db HTTP/1.1" 200 -
2026-07-24 15:12:46.795 | 2026-07-24 22:12:46,794 ERROR query 'size' failed for target 'hris-card-db'
2026-07-24 15:12:46.795 | Traceback (most recent call last):
2026-07-24 15:12:46.795 |   File "/app/src/collectors/base.py", line 52, in safe_collect_family
2026-07-24 15:12:46.795 |     result = builder()
2026-07-24 15:12:46.795 |              ^^^^^^^^^
2026-07-24 15:12:46.795 |   File "/app/src/collectors/postgres.py", line 94, in <lambda>
2026-07-24 15:12:46.795 |     ("size", lambda: self._size_family(cur)),
2026-07-24 15:12:46.795 |                      ^^^^^^^^^^^^^^^^^^^^^^
2026-07-24 15:12:46.795 |   File "/app/src/collectors/postgres.py", line 168, in _size_family
2026-07-24 15:12:46.795 |     cur.execute(_SIZE_SQL)
2026-07-24 15:12:46.795 |   File "/usr/local/lib/python3.12/site-packages/psycopg2/extras.py", line 146, in execute
2026-07-24 15:12:46.795 |     return super().execute(query, vars)
2026-07-24 15:12:46.795 |            ^^^^^^^^^^^^^^^^^^^^^^^^^^^^
2026-07-24 15:12:46.795 | psycopg2.errors.InsufficientPrivilege: permission denied for database rdsadmin
2026-07-24 15:12:46.795 | 
2026-07-24 15:12:46.795 | 2026-07-24 22:12:46,795 INFO 172.19.0.3 - "GET /metrics?target=hris-card-db HTTP/1.1" 200 -
2026-07-24 15:12:52.062 | 2026-07-24 22:12:52,061 INFO 127.0.0.1 - "GET /health HTTP/1.1" 200 -
2026-07-24 15:12:56.276 | 2026-07-24 22:12:56,275 ERROR query 'query_duration' failed for target 'hris-hims-db'
2026-07-24 15:12:56.276 | Traceback (most recent call last):
2026-07-24 15:12:56.276 |   File "/app/src/collectors/base.py", line 52, in safe_collect_family
2026-07-24 15:12:56.276 |     result = builder()
2026-07-24 15:12:56.276 |              ^^^^^^^^^
2026-07-24 15:12:56.276 |   File "/app/src/collectors/oracle.py", line 103, in <lambda>
2026-07-24 15:12:56.276 |     ("query_duration", lambda: self._query_duration_family(conn)),
2026-07-24 15:12:56.276 |                                ^^^^^^^^^^^^^^^^^^^^^^^^^^^^^^^^^
2026-07-24 15:12:56.276 |   File "/app/src/collectors/oracle.py", line 119, in _query_duration_family
2026-07-24 15:12:56.276 |     cur.execute(_QUERY_STATS_SQL)
2026-07-24 15:12:56.276 |   File "/usr/local/lib/python3.12/site-packages/oracledb/cursor.py", line 710, in execute
2026-07-24 15:12:56.276 |     impl.execute(self)
2026-07-24 15:12:56.276 |   File "src/oracledb/impl/thin/cursor.pyx", line 196, in oracledb.thin_impl.ThinCursorImpl.execute
2026-07-24 15:12:56.276 |   File "src/oracledb/impl/thin/protocol.pyx", line 440, in oracledb.thin_impl.Protocol._process_single_message
2026-07-24 15:12:56.276 |   File "src/oracledb/impl/thin/protocol.pyx", line 441, in oracledb.thin_impl.Protocol._process_single_message
2026-07-24 15:12:56.276 |   File "src/oracledb/impl/thin/protocol.pyx", line 433, in oracledb.thin_impl.Protocol._process_message
2026-07-24 15:12:56.276 |   File "src/oracledb/impl/thin/messages.pyx", line 74, in oracledb.thin_impl.Message._check_and_raise_exception
2026-07-24 15:12:56.276 | oracledb.exceptions.DatabaseError: ORA-00942: table or view does not exist
2026-07-24 15:12:56.276 | Help: https://docs.oracle.com/error-help/db/ora-00942/
2026-07-24 15:12:56.359 | 2026-07-24 22:12:56,359 INFO 172.19.0.3 - "GET /metrics?target=hris-hims-db HTTP/1.1" 200 -
2026-07-24 15:12:57.596 | 2026-07-24 22:12:57,595 ERROR scrape of target 'hris-scl-engineering-db' failed
2026-07-24 15:12:57.596 | Traceback (most recent call last):
2026-07-24 15:12:57.596 |   File "src/pymssql/_pymssql.pyx", line 650, in pymssql._pymssql.connect
2026-07-24 15:12:57.596 |   File "src/pymssql/_mssql.pyx", line 2158, in pymssql._mssql.connect
2026-07-24 15:12:57.596 |   File "src/pymssql/_mssql.pyx", line 712, in pymssql._mssql.MSSQLConnection.__init__
2026-07-24 15:12:57.596 |   File "src/pymssql/_mssql.pyx", line 1884, in pymssql._mssql.maybe_raise_MSSQLDatabaseException
2026-07-24 15:12:57.596 |   File "src/pymssql/_mssql.pyx", line 1901, in pymssql._mssql.raise_MSSQLDatabaseException
2026-07-24 15:12:57.596 | pymssql._mssql.MSSQLDatabaseException: (20009, b'DB-Lib error message 20009, severity 9:\nUnable to connect: Adaptive Server is unavailable or does not exist (COSWINDE516D1)\n')
2026-07-24 15:12:57.596 | 
2026-07-24 15:12:57.596 | During handling of the above exception, another exception occurred:
2026-07-24 15:12:57.596 | 
2026-07-24 15:12:57.596 | Traceback (most recent call last):
2026-07-24 15:12:57.596 |   File "/app/src/registry.py", line 74, in scrape
2026-07-24 15:12:57.596 |     families, had_partial_error = future.result(timeout=target.scrape_timeout_seconds)
2026-07-24 15:12:57.596 |                                   ^^^^^^^^^^^^^^^^^^^^^^^^^^^^^^^^^^^^^^^^^^^^^^^^^^^^
2026-07-24 15:12:57.596 |   File "/usr/local/lib/python3.12/concurrent/futures/_base.py", line 456, in result
2026-07-24 15:12:57.596 |     return self.__get_result()
2026-07-24 15:12:57.596 |            ^^^^^^^^^^^^^^^^^^^
2026-07-24 15:12:57.596 |   File "/usr/local/lib/python3.12/concurrent/futures/_base.py", line 401, in __get_result
2026-07-24 15:12:57.596 |     raise self._exception
2026-07-24 15:12:57.596 |   File "/usr/local/lib/python3.12/concurrent/futures/thread.py", line 59, in run
2026-07-24 15:12:57.596 |     result = self.fn(*self.args, **self.kwargs)
2026-07-24 15:12:57.596 |              ^^^^^^^^^^^^^^^^^^^^^^^^^^^^^^^^^^
2026-07-24 15:12:57.596 |   File "/app/src/registry.py", line 69, in _do_scrape
2026-07-24 15:12:57.596 |     conn = adapter.get_connection()
2026-07-24 15:12:57.596 |            ^^^^^^^^^^^^^^^^^^^^^^^^
2026-07-24 15:12:57.596 |   File "/app/src/collectors/base.py", line 65, in get_connection
2026-07-24 15:12:57.596 |     self._conn = self.connect()
2026-07-24 15:12:57.596 |                  ^^^^^^^^^^^^^^
2026-07-24 15:12:57.596 |   File "/app/src/collectors/sqlserver.py", line 70, in connect
2026-07-24 15:12:57.596 |     conn = pymssql.connect(
2026-07-24 15:12:57.596 |            ^^^^^^^^^^^^^^^^
2026-07-24 15:12:57.596 |   File "src/pymssql/_pymssql.pyx", line 659, in pymssql._pymssql.connect
2026-07-24 15:12:57.596 | pymssql.exceptions.OperationalError: (20009, b'DB-Lib error message 20009, severity 9:\nUnable to connect: Adaptive Server is unavailable or does not exist (COSWINDE516D1)\n')
2026-07-24 15:12:57.596 | 2026-07-24 22:12:57,596 INFO 172.19.0.3 - "GET /metrics?target=hris-scl-engineering-db HTTP/1.1" 200 -
2026-07-24 15:13:01.888 | 2026-07-24 22:13:01,888 ERROR query 'size' failed for target 'hris-card-db'
2026-07-24 15:13:01.888 | Traceback (most recent call last):
2026-07-24 15:13:01.888 |   File "/app/src/collectors/base.py", line 52, in safe_collect_family
2026-07-24 15:13:01.888 |     result = builder()
2026-07-24 15:13:01.888 |              ^^^^^^^^^
2026-07-24 15:13:01.888 |   File "/app/src/collectors/postgres.py", line 94, in <lambda>
2026-07-24 15:13:01.888 |     ("size", lambda: self._size_family(cur)),
2026-07-24 15:13:01.888 |                      ^^^^^^^^^^^^^^^^^^^^^^
2026-07-24 15:13:01.888 |   File "/app/src/collectors/postgres.py", line 168, in _size_family
2026-07-24 15:13:01.888 |     cur.execute(_SIZE_SQL)
2026-07-24 15:13:01.888 |   File "/usr/local/lib/python3.12/site-packages/psycopg2/extras.py", line 146, in execute
2026-07-24 15:13:01.888 |     return super().execute(query, vars)
2026-07-24 15:13:01.888 |            ^^^^^^^^^^^^^^^^^^^^^^^^^^^^
2026-07-24 15:13:01.888 | psycopg2.errors.InsufficientPrivilege: permission denied for database rdsadmin
2026-07-24 15:13:01.888 | 
2026-07-24 15:13:01.889 | 2026-07-24 22:13:01,888 INFO 172.19.0.3 - "GET /metrics?target=hris-card-db HTTP/1.1" 200 -
2026-07-24 15:13:11.275 | 2026-07-24 22:13:11,275 ERROR query 'query_duration' failed for target 'hris-hims-db'
2026-07-24 15:13:11.275 | Traceback (most recent call last):
2026-07-24 15:13:11.275 |   File "/app/src/collectors/base.py", line 52, in safe_collect_family
2026-07-24 15:13:11.275 |     result = builder()
2026-07-24 15:13:11.275 |              ^^^^^^^^^
2026-07-24 15:13:11.275 |   File "/app/src/collectors/oracle.py", line 103, in <lambda>
2026-07-24 15:13:11.275 |     ("query_duration", lambda: self._query_duration_family(conn)),
2026-07-24 15:13:11.275 |                                ^^^^^^^^^^^^^^^^^^^^^^^^^^^^^^^^^
2026-07-24 15:13:11.275 |   File "/app/src/collectors/oracle.py", line 119, in _query_duration_family
2026-07-24 15:13:11.275 |     cur.execute(_QUERY_STATS_SQL)
2026-07-24 15:13:11.275 |   File "/usr/local/lib/python3.12/site-packages/oracledb/cursor.py", line 710, in execute
2026-07-24 15:13:11.275 |     impl.execute(self)
2026-07-24 15:13:11.275 |   File "src/oracledb/impl/thin/cursor.pyx", line 196, in oracledb.thin_impl.ThinCursorImpl.execute
2026-07-24 15:13:11.275 |   File "src/oracledb/impl/thin/protocol.pyx", line 440, in oracledb.thin_impl.Protocol._process_single_message
2026-07-24 15:13:11.275 |   File "src/oracledb/impl/thin/protocol.pyx", line 441, in oracledb.thin_impl.Protocol._process_single_message
2026-07-24 15:13:11.275 |   File "src/oracledb/impl/thin/protocol.pyx", line 433, in oracledb.thin_impl.Protocol._process_message
2026-07-24 15:13:11.275 |   File "src/oracledb/impl/thin/messages.pyx", line 74, in oracledb.thin_impl.Message._check_and_raise_exception
2026-07-24 15:13:11.275 | oracledb.exceptions.DatabaseError: ORA-00942: table or view does not exist
2026-07-24 15:13:11.275 | Help: https://docs.oracle.com/error-help/db/ora-00942/
2026-07-24 15:13:11.348 | 2026-07-24 22:13:11,347 INFO 172.19.0.3 - "GET /metrics?target=hris-hims-db HTTP/1.1" 200 -
2026-07-24 15:13:12.597 | 2026-07-24 22:13:12,596 ERROR scrape of target 'hris-scl-engineering-db' failed
2026-07-24 15:13:12.597 | Traceback (most recent call last):
2026-07-24 15:13:12.597 |   File "src/pymssql/_pymssql.pyx", line 650, in pymssql._pymssql.connect
2026-07-24 15:13:12.597 |   File "src/pymssql/_mssql.pyx", line 2158, in pymssql._mssql.connect
2026-07-24 15:13:12.597 |   File "src/pymssql/_mssql.pyx", line 712, in pymssql._mssql.MSSQLConnection.__init__
2026-07-24 15:13:12.597 |   File "src/pymssql/_mssql.pyx", line 1884, in pymssql._mssql.maybe_raise_MSSQLDatabaseException
2026-07-24 15:13:12.597 |   File "src/pymssql/_mssql.pyx", line 1901, in pymssql._mssql.raise_MSSQLDatabaseException
2026-07-24 15:13:12.598 | pymssql._mssql.MSSQLDatabaseException: (20009, b'DB-Lib error message 20009, severity 9:\nUnable to connect: Adaptive Server is unavailable or does not exist (COSWINDE516D1)\n')
2026-07-24 15:13:12.598 | 
2026-07-24 15:13:12.598 | During handling of the above exception, another exception occurred:
2026-07-24 15:13:12.598 | 
2026-07-24 15:13:12.598 | Traceback (most recent call last):
2026-07-24 15:13:12.598 |   File "/app/src/registry.py", line 74, in scrape
2026-07-24 15:13:12.598 |     families, had_partial_error = future.result(timeout=target.scrape_timeout_seconds)
2026-07-24 15:13:12.598 |                                   ^^^^^^^^^^^^^^^^^^^^^^^^^^^^^^^^^^^^^^^^^^^^^^^^^^^^
2026-07-24 15:13:12.598 |   File "/usr/local/lib/python3.12/concurrent/futures/_base.py", line 456, in result
2026-07-24 15:13:12.598 |     return self.__get_result()
2026-07-24 15:13:12.598 |            ^^^^^^^^^^^^^^^^^^^
2026-07-24 15:13:12.598 |   File "/usr/local/lib/python3.12/concurrent/futures/_base.py", line 401, in __get_result
2026-07-24 15:13:12.598 |     raise self._exception
2026-07-24 15:13:12.598 |   File "/usr/local/lib/python3.12/concurrent/futures/thread.py", line 59, in run
2026-07-24 15:13:12.598 |     result = self.fn(*self.args, **self.kwargs)
2026-07-24 15:13:12.598 |              ^^^^^^^^^^^^^^^^^^^^^^^^^^^^^^^^^^
2026-07-24 15:13:12.598 |   File "/app/src/registry.py", line 69, in _do_scrape
2026-07-24 15:13:12.598 |     conn = adapter.get_connection()
2026-07-24 15:13:12.598 |            ^^^^^^^^^^^^^^^^^^^^^^^^
2026-07-24 15:13:12.598 |   File "/app/src/collectors/base.py", line 65, in get_connection
2026-07-24 15:13:12.598 |     self._conn = self.connect()
2026-07-24 15:13:12.598 |                  ^^^^^^^^^^^^^^
2026-07-24 15:13:12.598 |   File "/app/src/collectors/sqlserver.py", line 70, in connect
2026-07-24 15:13:12.598 |     conn = pymssql.connect(
2026-07-24 15:13:12.598 |            ^^^^^^^^^^^^^^^^
2026-07-24 15:13:12.598 |   File "src/pymssql/_pymssql.pyx", line 659, in pymssql._pymssql.connect
2026-07-24 15:13:12.598 | pymssql.exceptions.OperationalError: (20009, b'DB-Lib error message 20009, severity 9:\nUnable to connect: Adaptive Server is unavailable or does not exist (COSWINDE516D1)\n')
2026-07-24 15:13:12.598 | 2026-07-24 22:13:12,597 INFO 172.19.0.3 - "GET /metrics?target=hris-scl-engineering-db HTTP/1.1" 200 -
2026-07-24 15:13:16.796 | 2026-07-24 22:13:16,795 ERROR query 'size' failed for target 'hris-card-db'
2026-07-24 15:13:16.796 | Traceback (most recent call last):
2026-07-24 15:13:16.796 |   File "/app/src/collectors/base.py", line 52, in safe_collect_family
2026-07-24 15:13:16.796 |     result = builder()
2026-07-24 15:13:16.796 |              ^^^^^^^^^
2026-07-24 15:13:16.796 |   File "/app/src/collectors/postgres.py", line 94, in <lambda>
2026-07-24 15:13:16.796 |     ("size", lambda: self._size_family(cur)),
2026-07-24 15:13:16.796 |                      ^^^^^^^^^^^^^^^^^^^^^^
2026-07-24 15:13:16.796 |   File "/app/src/collectors/postgres.py", line 168, in _size_family
2026-07-24 15:13:16.796 |     cur.execute(_SIZE_SQL)
2026-07-24 15:13:16.796 |   File "/usr/local/lib/python3.12/site-packages/psycopg2/extras.py", line 146, in execute
2026-07-24 15:13:16.796 |     return super().execute(query, vars)
2026-07-24 15:13:16.796 |            ^^^^^^^^^^^^^^^^^^^^^^^^^^^^
2026-07-24 15:13:16.796 | psycopg2.errors.InsufficientPrivilege: permission denied for database rdsadmin
2026-07-24 15:13:16.796 | 
2026-07-24 15:13:16.796 | 2026-07-24 22:13:16,796 INFO 172.19.0.3 - "GET /metrics?target=hris-card-db HTTP/1.1" 200 -
2026-07-24 15:13:22.177 | 2026-07-24 22:13:22,177 INFO 127.0.0.1 - "GET /health HTTP/1.1" 200 -
2026-07-24 15:13:26.276 | 2026-07-24 22:13:26,275 ERROR query 'query_duration' failed for target 'hris-hims-db'
2026-07-24 15:13:26.276 | Traceback (most recent call last):
2026-07-24 15:13:26.276 |   File "/app/src/collectors/base.py", line 52, in safe_collect_family
2026-07-24 15:13:26.276 |     result = builder()
2026-07-24 15:13:26.276 |              ^^^^^^^^^
2026-07-24 15:13:26.276 |   File "/app/src/collectors/oracle.py", line 103, in <lambda>
2026-07-24 15:13:26.276 |     ("query_duration", lambda: self._query_duration_family(conn)),
2026-07-24 15:13:26.276 |                                ^^^^^^^^^^^^^^^^^^^^^^^^^^^^^^^^^
2026-07-24 15:13:26.276 |   File "/app/src/collectors/oracle.py", line 119, in _query_duration_family
2026-07-24 15:13:26.276 |     cur.execute(_QUERY_STATS_SQL)
2026-07-24 15:13:26.276 |   File "/usr/local/lib/python3.12/site-packages/oracledb/cursor.py", line 710, in execute
2026-07-24 15:13:26.276 |     impl.execute(self)
2026-07-24 15:13:26.276 |   File "src/oracledb/impl/thin/cursor.pyx", line 196, in oracledb.thin_impl.ThinCursorImpl.execute
2026-07-24 15:13:26.276 |   File "src/oracledb/impl/thin/protocol.pyx", line 440, in oracledb.thin_impl.Protocol._process_single_message
2026-07-24 15:13:26.276 |   File "src/oracledb/impl/thin/protocol.pyx", line 441, in oracledb.thin_impl.Protocol._process_single_message
2026-07-24 15:13:26.276 |   File "src/oracledb/impl/thin/protocol.pyx", line 433, in oracledb.thin_impl.Protocol._process_message
2026-07-24 15:13:26.276 |   File "src/oracledb/impl/thin/messages.pyx", line 74, in oracledb.thin_impl.Message._check_and_raise_exception
2026-07-24 15:13:26.276 | oracledb.exceptions.DatabaseError: ORA-00942: table or view does not exist
2026-07-24 15:13:26.276 | Help: https://docs.oracle.com/error-help/db/ora-00942/
2026-07-24 15:13:26.347 | 2026-07-24 22:13:26,346 INFO 172.19.0.3 - "GET /metrics?target=hris-hims-db HTTP/1.1" 200 -
2026-07-24 15:13:27.596 | 2026-07-24 22:13:27,595 ERROR scrape of target 'hris-scl-engineering-db' failed
2026-07-24 15:13:27.596 | Traceback (most recent call last):
2026-07-24 15:13:27.596 |   File "src/pymssql/_pymssql.pyx", line 650, in pymssql._pymssql.connect
2026-07-24 15:13:27.596 |   File "src/pymssql/_mssql.pyx", line 2158, in pymssql._mssql.connect
2026-07-24 15:13:27.596 |   File "src/pymssql/_mssql.pyx", line 712, in pymssql._mssql.MSSQLConnection.__init__
2026-07-24 15:13:27.596 |   File "src/pymssql/_mssql.pyx", line 1884, in pymssql._mssql.maybe_raise_MSSQLDatabaseException
2026-07-24 15:13:27.596 |   File "src/pymssql/_mssql.pyx", line 1901, in pymssql._mssql.raise_MSSQLDatabaseException
2026-07-24 15:13:27.596 | pymssql._mssql.MSSQLDatabaseException: (20009, b'DB-Lib error message 20009, severity 9:\nUnable to connect: Adaptive Server is unavailable or does not exist (COSWINDE516D1)\n')
2026-07-24 15:13:27.596 | 
2026-07-24 15:13:27.596 | During handling of the above exception, another exception occurred:
2026-07-24 15:13:27.596 | 
2026-07-24 15:13:27.596 | Traceback (most recent call last):
2026-07-24 15:13:27.596 |   File "/app/src/registry.py", line 74, in scrape
2026-07-24 15:13:27.596 |     families, had_partial_error = future.result(timeout=target.scrape_timeout_seconds)
2026-07-24 15:13:27.596 |                                   ^^^^^^^^^^^^^^^^^^^^^^^^^^^^^^^^^^^^^^^^^^^^^^^^^^^^
2026-07-24 15:13:27.596 |   File "/usr/local/lib/python3.12/concurrent/futures/_base.py", line 456, in result
2026-07-24 15:13:27.596 |     return self.__get_result()
2026-07-24 15:13:27.596 |            ^^^^^^^^^^^^^^^^^^^
2026-07-24 15:13:27.596 |   File "/usr/local/lib/python3.12/concurrent/futures/_base.py", line 401, in __get_result
2026-07-24 15:13:27.596 |     raise self._exception
2026-07-24 15:13:27.596 |   File "/usr/local/lib/python3.12/concurrent/futures/thread.py", line 59, in run
2026-07-24 15:13:27.596 |     result = self.fn(*self.args, **self.kwargs)
2026-07-24 15:13:27.596 |              ^^^^^^^^^^^^^^^^^^^^^^^^^^^^^^^^^^
2026-07-24 15:13:27.596 |   File "/app/src/registry.py", line 69, in _do_scrape
2026-07-24 15:13:27.596 |     conn = adapter.get_connection()
2026-07-24 15:13:27.596 |            ^^^^^^^^^^^^^^^^^^^^^^^^
2026-07-24 15:13:27.596 |   File "/app/src/collectors/base.py", line 65, in get_connection
2026-07-24 15:13:27.596 |     self._conn = self.connect()
2026-07-24 15:13:27.596 |                  ^^^^^^^^^^^^^^
2026-07-24 15:13:27.596 |   File "/app/src/collectors/sqlserver.py", line 70, in connect
2026-07-24 15:13:27.596 |     conn = pymssql.connect(
2026-07-24 15:13:27.596 |            ^^^^^^^^^^^^^^^^
2026-07-24 15:13:27.596 |   File "src/pymssql/_pymssql.pyx", line 659, in pymssql._pymssql.connect
2026-07-24 15:13:27.596 | pymssql.exceptions.OperationalError: (20009, b'DB-Lib error message 20009, severity 9:\nUnable to connect: Adaptive Server is unavailable or does not exist (COSWINDE516D1)\n')
2026-07-24 15:13:27.596 | 2026-07-24 22:13:27,596 INFO 172.19.0.3 - "GET /metrics?target=hris-scl-engineering-db HTTP/1.1" 200 -
2026-07-24 15:13:31.790 | 2026-07-24 22:13:31,790 ERROR query 'size' failed for target 'hris-card-db'
2026-07-24 15:13:31.790 | Traceback (most recent call last):
2026-07-24 15:13:31.790 |   File "/app/src/collectors/base.py", line 52, in safe_collect_family
2026-07-24 15:13:31.790 |     result = builder()
2026-07-24 15:13:31.790 |              ^^^^^^^^^
2026-07-24 15:13:31.790 |   File "/app/src/collectors/postgres.py", line 94, in <lambda>
2026-07-24 15:13:31.790 |     ("size", lambda: self._size_family(cur)),
2026-07-24 15:13:31.790 |                      ^^^^^^^^^^^^^^^^^^^^^^
2026-07-24 15:13:31.790 |   File "/app/src/collectors/postgres.py", line 168, in _size_family
2026-07-24 15:13:31.790 |     cur.execute(_SIZE_SQL)
2026-07-24 15:13:31.790 |   File "/usr/local/lib/python3.12/site-packages/psycopg2/extras.py", line 146, in execute
2026-07-24 15:13:31.790 |     return super().execute(query, vars)
2026-07-24 15:13:31.790 |            ^^^^^^^^^^^^^^^^^^^^^^^^^^^^
2026-07-24 15:13:31.790 | psycopg2.errors.InsufficientPrivilege: permission denied for database rdsadmin
2026-07-24 15:13:31.790 | 
2026-07-24 15:13:31.791 | 2026-07-24 22:13:31,790 INFO 172.19.0.3 - "GET /metrics?target=hris-card-db HTTP/1.1" 200 -
2026-07-24 15:13:41.275 | 2026-07-24 22:13:41,274 ERROR query 'query_duration' failed for target 'hris-hims-db'
2026-07-24 15:13:41.275 | Traceback (most recent call last):
2026-07-24 15:13:41.275 |   File "/app/src/collectors/base.py", line 52, in safe_collect_family
2026-07-24 15:13:41.275 |     result = builder()
2026-07-24 15:13:41.275 |              ^^^^^^^^^
2026-07-24 15:13:41.275 |   File "/app/src/collectors/oracle.py", line 103, in <lambda>
2026-07-24 15:13:41.275 |     ("query_duration", lambda: self._query_duration_family(conn)),
2026-07-24 15:13:41.275 |                                ^^^^^^^^^^^^^^^^^^^^^^^^^^^^^^^^^
2026-07-24 15:13:41.275 |   File "/app/src/collectors/oracle.py", line 119, in _query_duration_family
2026-07-24 15:13:41.275 |     cur.execute(_QUERY_STATS_SQL)
2026-07-24 15:13:41.275 |   File "/usr/local/lib/python3.12/site-packages/oracledb/cursor.py", line 710, in execute
2026-07-24 15:13:41.275 |     impl.execute(self)
2026-07-24 15:13:41.275 |   File "src/oracledb/impl/thin/cursor.pyx", line 196, in oracledb.thin_impl.ThinCursorImpl.execute
2026-07-24 15:13:41.275 |   File "src/oracledb/impl/thin/protocol.pyx", line 440, in oracledb.thin_impl.Protocol._process_single_message
2026-07-24 15:13:41.275 |   File "src/oracledb/impl/thin/protocol.pyx", line 441, in oracledb.thin_impl.Protocol._process_single_message
2026-07-24 15:13:41.275 |   File "src/oracledb/impl/thin/protocol.pyx", line 433, in oracledb.thin_impl.Protocol._process_message
2026-07-24 15:13:41.275 |   File "src/oracledb/impl/thin/messages.pyx", line 74, in oracledb.thin_impl.Message._check_and_raise_exception
2026-07-24 15:13:41.275 | oracledb.exceptions.DatabaseError: ORA-00942: table or view does not exist
2026-07-24 15:13:41.275 | Help: https://docs.oracle.com/error-help/db/ora-00942/
2026-07-24 15:13:41.366 | 2026-07-24 22:13:41,365 INFO 172.19.0.3 - "GET /metrics?target=hris-hims-db HTTP/1.1" 200 -
2026-07-24 15:13:42.597 | 2026-07-24 22:13:42,596 ERROR scrape of target 'hris-scl-engineering-db' failed
2026-07-24 15:13:42.597 | Traceback (most recent call last):
2026-07-24 15:13:42.597 |   File "src/pymssql/_pymssql.pyx", line 650, in pymssql._pymssql.connect
2026-07-24 15:13:42.597 |   File "src/pymssql/_mssql.pyx", line 2158, in pymssql._mssql.connect
2026-07-24 15:13:42.597 |   File "src/pymssql/_mssql.pyx", line 712, in pymssql._mssql.MSSQLConnection.__init__
2026-07-24 15:13:42.597 |   File "src/pymssql/_mssql.pyx", line 1884, in pymssql._mssql.maybe_raise_MSSQLDatabaseException
2026-07-24 15:13:42.597 |   File "src/pymssql/_mssql.pyx", line 1901, in pymssql._mssql.raise_MSSQLDatabaseException
2026-07-24 15:13:42.597 | pymssql._mssql.MSSQLDatabaseException: (20009, b'DB-Lib error message 20009, severity 9:\nUnable to connect: Adaptive Server is unavailable or does not exist (COSWINDE516D1)\n')
2026-07-24 15:13:42.597 | 
2026-07-24 15:13:42.597 | During handling of the above exception, another exception occurred:
2026-07-24 15:13:42.597 | 
2026-07-24 15:13:42.597 | Traceback (most recent call last):
2026-07-24 15:13:42.597 |   File "/app/src/registry.py", line 74, in scrape
2026-07-24 15:13:42.597 |     families, had_partial_error = future.result(timeout=target.scrape_timeout_seconds)
2026-07-24 15:13:42.597 |                                   ^^^^^^^^^^^^^^^^^^^^^^^^^^^^^^^^^^^^^^^^^^^^^^^^^^^^
2026-07-24 15:13:42.597 |   File "/usr/local/lib/python3.12/concurrent/futures/_base.py", line 456, in result
2026-07-24 15:13:42.597 |     return self.__get_result()
2026-07-24 15:13:42.597 |            ^^^^^^^^^^^^^^^^^^^
2026-07-24 15:13:42.597 |   File "/usr/local/lib/python3.12/concurrent/futures/_base.py", line 401, in __get_result
2026-07-24 15:13:42.597 |     raise self._exception
2026-07-24 15:13:42.597 |   File "/usr/local/lib/python3.12/concurrent/futures/thread.py", line 59, in run
2026-07-24 15:13:42.597 |     result = self.fn(*self.args, **self.kwargs)
2026-07-24 15:13:42.597 |              ^^^^^^^^^^^^^^^^^^^^^^^^^^^^^^^^^^
2026-07-24 15:13:42.597 |   File "/app/src/registry.py", line 69, in _do_scrape
2026-07-24 15:13:42.597 |     conn = adapter.get_connection()
2026-07-24 15:13:42.597 |            ^^^^^^^^^^^^^^^^^^^^^^^^
2026-07-24 15:13:42.597 |   File "/app/src/collectors/base.py", line 65, in get_connection
2026-07-24 15:13:42.597 |     self._conn = self.connect()
2026-07-24 15:13:42.597 |                  ^^^^^^^^^^^^^^
2026-07-24 15:13:42.597 |   File "/app/src/collectors/sqlserver.py", line 70, in connect
2026-07-24 15:13:42.597 |     conn = pymssql.connect(
2026-07-24 15:13:42.597 |            ^^^^^^^^^^^^^^^^
2026-07-24 15:13:42.597 |   File "src/pymssql/_pymssql.pyx", line 659, in pymssql._pymssql.connect
2026-07-24 15:13:42.597 | pymssql.exceptions.OperationalError: (20009, b'DB-Lib error message 20009, severity 9:\nUnable to connect: Adaptive Server is unavailable or does not exist (COSWINDE516D1)\n')
2026-07-24 15:13:42.597 | 2026-07-24 22:13:42,597 INFO 172.19.0.3 - "GET /metrics?target=hris-scl-engineering-db HTTP/1.1" 200 -
2026-07-24 15:13:46.791 | 2026-07-24 22:13:46,791 ERROR query 'size' failed for target 'hris-card-db'
2026-07-24 15:13:46.791 | Traceback (most recent call last):
2026-07-24 15:13:46.791 |   File "/app/src/collectors/base.py", line 52, in safe_collect_family
2026-07-24 15:13:46.791 |     result = builder()
2026-07-24 15:13:46.791 |              ^^^^^^^^^
2026-07-24 15:13:46.791 |   File "/app/src/collectors/postgres.py", line 94, in <lambda>
2026-07-24 15:13:46.791 |     ("size", lambda: self._size_family(cur)),
2026-07-24 15:13:46.791 |                      ^^^^^^^^^^^^^^^^^^^^^^
2026-07-24 15:13:46.791 |   File "/app/src/collectors/postgres.py", line 168, in _size_family
2026-07-24 15:13:46.791 |     cur.execute(_SIZE_SQL)
2026-07-24 15:13:46.791 |   File "/usr/local/lib/python3.12/site-packages/psycopg2/extras.py", line 146, in execute
2026-07-24 15:13:46.791 |     return super().execute(query, vars)
2026-07-24 15:13:46.791 |            ^^^^^^^^^^^^^^^^^^^^^^^^^^^^
2026-07-24 15:13:46.791 | psycopg2.errors.InsufficientPrivilege: permission denied for database rdsadmin
2026-07-24 15:13:46.791 | 
2026-07-24 15:13:46.791 | 2026-07-24 22:13:46,791 INFO 172.19.0.3 - "GET /metrics?target=hris-card-db HTTP/1.1" 200 -
2026-07-24 15:13:52.294 | 2026-07-24 22:13:52,294 INFO 127.0.0.1 - "GET /health HTTP/1.1" 200 -
2026-07-24 15:13:56.276 | 2026-07-24 22:13:56,276 ERROR query 'query_duration' failed for target 'hris-hims-db'
2026-07-24 15:13:56.276 | Traceback (most recent call last):
2026-07-24 15:13:56.276 |   File "/app/src/collectors/base.py", line 52, in safe_collect_family
2026-07-24 15:13:56.276 |     result = builder()
2026-07-24 15:13:56.276 |              ^^^^^^^^^
2026-07-24 15:13:56.276 |   File "/app/src/collectors/oracle.py", line 103, in <lambda>
2026-07-24 15:13:56.276 |     ("query_duration", lambda: self._query_duration_family(conn)),
2026-07-24 15:13:56.276 |                                ^^^^^^^^^^^^^^^^^^^^^^^^^^^^^^^^^
2026-07-24 15:13:56.276 |   File "/app/src/collectors/oracle.py", line 119, in _query_duration_family
2026-07-24 15:13:56.276 |     cur.execute(_QUERY_STATS_SQL)
2026-07-24 15:13:56.276 |   File "/usr/local/lib/python3.12/site-packages/oracledb/cursor.py", line 710, in execute
2026-07-24 15:13:56.276 |     impl.execute(self)
2026-07-24 15:13:56.276 |   File "src/oracledb/impl/thin/cursor.pyx", line 196, in oracledb.thin_impl.ThinCursorImpl.execute
2026-07-24 15:13:56.276 |   File "src/oracledb/impl/thin/protocol.pyx", line 440, in oracledb.thin_impl.Protocol._process_single_message
2026-07-24 15:13:56.276 |   File "src/oracledb/impl/thin/protocol.pyx", line 441, in oracledb.thin_impl.Protocol._process_single_message
2026-07-24 15:13:56.276 |   File "src/oracledb/impl/thin/protocol.pyx", line 433, in oracledb.thin_impl.Protocol._process_message
2026-07-24 15:13:56.276 |   File "src/oracledb/impl/thin/messages.pyx", line 74, in oracledb.thin_impl.Message._check_and_raise_exception
2026-07-24 15:13:56.276 | oracledb.exceptions.DatabaseError: ORA-00942: table or view does not exist
2026-07-24 15:13:56.276 | Help: https://docs.oracle.com/error-help/db/ora-00942/
2026-07-24 15:13:56.357 | 2026-07-24 22:13:56,357 INFO 172.19.0.3 - "GET /metrics?target=hris-hims-db HTTP/1.1" 200 -
2026-07-24 15:13:57.601 | 2026-07-24 22:13:57,600 ERROR scrape of target 'hris-scl-engineering-db' failed
2026-07-24 15:13:57.601 | Traceback (most recent call last):
2026-07-24 15:13:57.601 |   File "src/pymssql/_pymssql.pyx", line 650, in pymssql._pymssql.connect
2026-07-24 15:13:57.601 |   File "src/pymssql/_mssql.pyx", line 2158, in pymssql._mssql.connect
2026-07-24 15:13:57.601 |   File "src/pymssql/_mssql.pyx", line 712, in pymssql._mssql.MSSQLConnection.__init__
2026-07-24 15:13:57.601 |   File "src/pymssql/_mssql.pyx", line 1884, in pymssql._mssql.maybe_raise_MSSQLDatabaseException
2026-07-24 15:13:57.601 |   File "src/pymssql/_mssql.pyx", line 1901, in pymssql._mssql.raise_MSSQLDatabaseException
2026-07-24 15:13:57.601 | pymssql._mssql.MSSQLDatabaseException: (20009, b'DB-Lib error message 20009, severity 9:\nUnable to connect: Adaptive Server is unavailable or does not exist (COSWINDE516D1)\n')
2026-07-24 15:13:57.601 | 
2026-07-24 15:13:57.601 | During handling of the above exception, another exception occurred:
2026-07-24 15:13:57.601 | 
2026-07-24 15:13:57.601 | Traceback (most recent call last):
2026-07-24 15:13:57.601 |   File "/app/src/registry.py", line 74, in scrape
2026-07-24 15:13:57.601 |     families, had_partial_error = future.result(timeout=target.scrape_timeout_seconds)
2026-07-24 15:13:57.601 |                                   ^^^^^^^^^^^^^^^^^^^^^^^^^^^^^^^^^^^^^^^^^^^^^^^^^^^^
2026-07-24 15:13:57.601 |   File "/usr/local/lib/python3.12/concurrent/futures/_base.py", line 456, in result
2026-07-24 15:13:57.601 |     return self.__get_result()
2026-07-24 15:13:57.601 |            ^^^^^^^^^^^^^^^^^^^
2026-07-24 15:13:57.601 |   File "/usr/local/lib/python3.12/concurrent/futures/_base.py", line 401, in __get_result
2026-07-24 15:13:57.601 |     raise self._exception
2026-07-24 15:13:57.601 |   File "/usr/local/lib/python3.12/concurrent/futures/thread.py", line 59, in run
2026-07-24 15:13:57.601 |     result = self.fn(*self.args, **self.kwargs)
2026-07-24 15:13:57.601 |              ^^^^^^^^^^^^^^^^^^^^^^^^^^^^^^^^^^
2026-07-24 15:13:57.601 |   File "/app/src/registry.py", line 69, in _do_scrape
2026-07-24 15:13:57.601 |     conn = adapter.get_connection()
2026-07-24 15:13:57.601 |            ^^^^^^^^^^^^^^^^^^^^^^^^
2026-07-24 15:13:57.601 |   File "/app/src/collectors/base.py", line 65, in get_connection
2026-07-24 15:13:57.601 |     self._conn = self.connect()
2026-07-24 15:13:57.601 |                  ^^^^^^^^^^^^^^
2026-07-24 15:13:57.601 |   File "/app/src/collectors/sqlserver.py", line 70, in connect
2026-07-24 15:13:57.601 |     conn = pymssql.connect(
2026-07-24 15:13:57.601 |            ^^^^^^^^^^^^^^^^
2026-07-24 15:13:57.601 |   File "src/pymssql/_pymssql.pyx", line 659, in pymssql._pymssql.connect
2026-07-24 15:13:57.601 | pymssql.exceptions.OperationalError: (20009, b'DB-Lib error message 20009, severity 9:\nUnable to connect: Adaptive Server is unavailable or does not exist (COSWINDE516D1)\n')
2026-07-24 15:13:57.601 | 2026-07-24 22:13:57,601 INFO 172.19.0.3 - "GET /metrics?target=hris-scl-engineering-db HTTP/1.1" 200 -
2026-07-24 15:14:01.813 | 2026-07-24 22:14:01,813 ERROR query 'size' failed for target 'hris-card-db'
2026-07-24 15:14:01.813 | Traceback (most recent call last):
2026-07-24 15:14:01.813 |   File "/app/src/collectors/base.py", line 52, in safe_collect_family
2026-07-24 15:14:01.813 |     result = builder()
2026-07-24 15:14:01.813 |              ^^^^^^^^^
2026-07-24 15:14:01.813 |   File "/app/src/collectors/postgres.py", line 94, in <lambda>
2026-07-24 15:14:01.813 |     ("size", lambda: self._size_family(cur)),
2026-07-24 15:14:01.813 |                      ^^^^^^^^^^^^^^^^^^^^^^
2026-07-24 15:14:01.813 |   File "/app/src/collectors/postgres.py", line 168, in _size_family
2026-07-24 15:14:01.813 |     cur.execute(_SIZE_SQL)
2026-07-24 15:14:01.813 |   File "/usr/local/lib/python3.12/site-packages/psycopg2/extras.py", line 146, in execute
2026-07-24 15:14:01.813 |     return super().execute(query, vars)
2026-07-24 15:14:01.813 |            ^^^^^^^^^^^^^^^^^^^^^^^^^^^^
2026-07-24 15:14:01.813 | psycopg2.errors.InsufficientPrivilege: permission denied for database rdsadmin
2026-07-24 15:14:01.813 | 
2026-07-24 15:14:01.813 | 2026-07-24 22:14:01,813 INFO 172.19.0.3 - "GET /metrics?target=hris-card-db HTTP/1.1" 200 -
2026-07-24 15:14:11.277 | 2026-07-24 22:14:11,276 ERROR query 'query_duration' failed for target 'hris-hims-db'
2026-07-24 15:14:11.277 | Traceback (most recent call last):
2026-07-24 15:14:11.277 |   File "/app/src/collectors/base.py", line 52, in safe_collect_family
2026-07-24 15:14:11.277 |     result = builder()
2026-07-24 15:14:11.277 |              ^^^^^^^^^
2026-07-24 15:14:11.277 |   File "/app/src/collectors/oracle.py", line 103, in <lambda>
2026-07-24 15:14:11.277 |     ("query_duration", lambda: self._query_duration_family(conn)),
2026-07-24 15:14:11.277 |                                ^^^^^^^^^^^^^^^^^^^^^^^^^^^^^^^^^
2026-07-24 15:14:11.277 |   File "/app/src/collectors/oracle.py", line 119, in _query_duration_family
2026-07-24 15:14:11.277 |     cur.execute(_QUERY_STATS_SQL)
2026-07-24 15:14:11.277 |   File "/usr/local/lib/python3.12/site-packages/oracledb/cursor.py", line 710, in execute
2026-07-24 15:14:11.277 |     impl.execute(self)
2026-07-24 15:14:11.277 |   File "src/oracledb/impl/thin/cursor.pyx", line 196, in oracledb.thin_impl.ThinCursorImpl.execute
2026-07-24 15:14:11.277 |   File "src/oracledb/impl/thin/protocol.pyx", line 440, in oracledb.thin_impl.Protocol._process_single_message
2026-07-24 15:14:11.277 |   File "src/oracledb/impl/thin/protocol.pyx", line 441, in oracledb.thin_impl.Protocol._process_single_message
2026-07-24 15:14:11.277 |   File "src/oracledb/impl/thin/protocol.pyx", line 433, in oracledb.thin_impl.Protocol._process_message
2026-07-24 15:14:11.277 |   File "src/oracledb/impl/thin/messages.pyx", line 74, in oracledb.thin_impl.Message._check_and_raise_exception
2026-07-24 15:14:11.277 | oracledb.exceptions.DatabaseError: ORA-00942: table or view does not exist
2026-07-24 15:14:11.277 | Help: https://docs.oracle.com/error-help/db/ora-00942/
2026-07-24 15:14:11.358 | 2026-07-24 22:14:11,358 INFO 172.19.0.3 - "GET /metrics?target=hris-hims-db HTTP/1.1" 200 -
2026-07-24 15:14:12.596 | 2026-07-24 22:14:12,596 ERROR scrape of target 'hris-scl-engineering-db' failed
2026-07-24 15:14:12.596 | Traceback (most recent call last):
2026-07-24 15:14:12.596 |   File "src/pymssql/_pymssql.pyx", line 650, in pymssql._pymssql.connect
2026-07-24 15:14:12.596 |   File "src/pymssql/_mssql.pyx", line 2158, in pymssql._mssql.connect
2026-07-24 15:14:12.596 |   File "src/pymssql/_mssql.pyx", line 712, in pymssql._mssql.MSSQLConnection.__init__
2026-07-24 15:14:12.596 |   File "src/pymssql/_mssql.pyx", line 1884, in pymssql._mssql.maybe_raise_MSSQLDatabaseException
2026-07-24 15:14:12.596 |   File "src/pymssql/_mssql.pyx", line 1901, in pymssql._mssql.raise_MSSQLDatabaseException
2026-07-24 15:14:12.596 | pymssql._mssql.MSSQLDatabaseException: (20009, b'DB-Lib error message 20009, severity 9:\nUnable to connect: Adaptive Server is unavailable or does not exist (COSWINDE516D1)\n')
2026-07-24 15:14:12.596 | 
2026-07-24 15:14:12.596 | During handling of the above exception, another exception occurred:
2026-07-24 15:14:12.596 | 
2026-07-24 15:14:12.596 | Traceback (most recent call last):
2026-07-24 15:14:12.596 |   File "/app/src/registry.py", line 74, in scrape
2026-07-24 15:14:12.596 |     families, had_partial_error = future.result(timeout=target.scrape_timeout_seconds)
2026-07-24 15:14:12.596 |                                   ^^^^^^^^^^^^^^^^^^^^^^^^^^^^^^^^^^^^^^^^^^^^^^^^^^^^
2026-07-24 15:14:12.596 |   File "/usr/local/lib/python3.12/concurrent/futures/_base.py", line 456, in result
2026-07-24 15:14:12.596 |     return self.__get_result()
2026-07-24 15:14:12.596 |            ^^^^^^^^^^^^^^^^^^^
2026-07-24 15:14:12.596 |   File "/usr/local/lib/python3.12/concurrent/futures/_base.py", line 401, in __get_result
2026-07-24 15:14:12.596 |     raise self._exception
2026-07-24 15:14:12.596 |   File "/usr/local/lib/python3.12/concurrent/futures/thread.py", line 59, in run
2026-07-24 15:14:12.596 |     result = self.fn(*self.args, **self.kwargs)
2026-07-24 15:14:12.596 |              ^^^^^^^^^^^^^^^^^^^^^^^^^^^^^^^^^^
2026-07-24 15:14:12.596 |   File "/app/src/registry.py", line 69, in _do_scrape
2026-07-24 15:14:12.596 |     conn = adapter.get_connection()
2026-07-24 15:14:12.596 |            ^^^^^^^^^^^^^^^^^^^^^^^^
2026-07-24 15:14:12.596 |   File "/app/src/collectors/base.py", line 65, in get_connection
2026-07-24 15:14:12.596 |     self._conn = self.connect()
2026-07-24 15:14:12.596 |                  ^^^^^^^^^^^^^^
2026-07-24 15:14:12.596 |   File "/app/src/collectors/sqlserver.py", line 70, in connect
2026-07-24 15:14:12.596 |     conn = pymssql.connect(
2026-07-24 15:14:12.596 |            ^^^^^^^^^^^^^^^^
2026-07-24 15:14:12.596 |   File "src/pymssql/_pymssql.pyx", line 659, in pymssql._pymssql.connect
2026-07-24 15:14:12.596 | pymssql.exceptions.OperationalError: (20009, b'DB-Lib error message 20009, severity 9:\nUnable to connect: Adaptive Server is unavailable or does not exist (COSWINDE516D1)\n')
2026-07-24 15:14:12.596 | 2026-07-24 22:14:12,596 INFO 172.19.0.3 - "GET /metrics?target=hris-scl-engineering-db HTTP/1.1" 200 -
2026-07-24 15:14:16.790 | 2026-07-24 22:14:16,790 ERROR query 'size' failed for target 'hris-card-db'
2026-07-24 15:14:16.790 | Traceback (most recent call last):
2026-07-24 15:14:16.790 |   File "/app/src/collectors/base.py", line 52, in safe_collect_family
2026-07-24 15:14:16.790 |     result = builder()
2026-07-24 15:14:16.790 |              ^^^^^^^^^
2026-07-24 15:14:16.790 |   File "/app/src/collectors/postgres.py", line 94, in <lambda>
2026-07-24 15:14:16.790 |     ("size", lambda: self._size_family(cur)),
2026-07-24 15:14:16.790 |                      ^^^^^^^^^^^^^^^^^^^^^^
2026-07-24 15:14:16.790 |   File "/app/src/collectors/postgres.py", line 168, in _size_family
2026-07-24 15:14:16.790 |     cur.execute(_SIZE_SQL)
2026-07-24 15:14:16.790 |   File "/usr/local/lib/python3.12/site-packages/psycopg2/extras.py", line 146, in execute
2026-07-24 15:14:16.790 |     return super().execute(query, vars)
2026-07-24 15:14:16.790 |            ^^^^^^^^^^^^^^^^^^^^^^^^^^^^
2026-07-24 15:14:16.790 | psycopg2.errors.InsufficientPrivilege: permission denied for database rdsadmin
2026-07-24 15:14:16.790 | 
2026-07-24 15:14:16.791 | 2026-07-24 22:14:16,790 INFO 172.19.0.3 - "GET /metrics?target=hris-card-db HTTP/1.1" 200 -
2026-07-24 15:14:22.462 | 2026-07-24 22:14:22,462 INFO 127.0.0.1 - "GET /health HTTP/1.1" 200 -
2026-07-24 15:14:26.278 | 2026-07-24 22:14:26,277 ERROR query 'query_duration' failed for target 'hris-hims-db'
2026-07-24 15:14:26.278 | Traceback (most recent call last):
2026-07-24 15:14:26.278 |   File "/app/src/collectors/base.py", line 52, in safe_collect_family
2026-07-24 15:14:26.278 |     result = builder()
2026-07-24 15:14:26.278 |              ^^^^^^^^^
2026-07-24 15:14:26.278 |   File "/app/src/collectors/oracle.py", line 103, in <lambda>
2026-07-24 15:14:26.278 |     ("query_duration", lambda: self._query_duration_family(conn)),
2026-07-24 15:14:26.278 |                                ^^^^^^^^^^^^^^^^^^^^^^^^^^^^^^^^^
2026-07-24 15:14:26.278 |   File "/app/src/collectors/oracle.py", line 119, in _query_duration_family
2026-07-24 15:14:26.278 |     cur.execute(_QUERY_STATS_SQL)
2026-07-24 15:14:26.278 |   File "/usr/local/lib/python3.12/site-packages/oracledb/cursor.py", line 710, in execute
2026-07-24 15:14:26.278 |     impl.execute(self)
2026-07-24 15:14:26.278 |   File "src/oracledb/impl/thin/cursor.pyx", line 196, in oracledb.thin_impl.ThinCursorImpl.execute
2026-07-24 15:14:26.278 |   File "src/oracledb/impl/thin/protocol.pyx", line 440, in oracledb.thin_impl.Protocol._process_single_message
2026-07-24 15:14:26.278 |   File "src/oracledb/impl/thin/protocol.pyx", line 441, in oracledb.thin_impl.Protocol._process_single_message
2026-07-24 15:14:26.278 |   File "src/oracledb/impl/thin/protocol.pyx", line 433, in oracledb.thin_impl.Protocol._process_message
2026-07-24 15:14:26.278 |   File "src/oracledb/impl/thin/messages.pyx", line 74, in oracledb.thin_impl.Message._check_and_raise_exception
2026-07-24 15:14:26.278 | oracledb.exceptions.DatabaseError: ORA-00942: table or view does not exist
2026-07-24 15:14:26.278 | Help: https://docs.oracle.com/error-help/db/ora-00942/
2026-07-24 15:14:26.348 | 2026-07-24 22:14:26,348 INFO 172.19.0.3 - "GET /metrics?target=hris-hims-db HTTP/1.1" 200 -
2026-07-24 15:14:27.598 | 2026-07-24 22:14:27,597 ERROR scrape of target 'hris-scl-engineering-db' failed
2026-07-24 15:14:27.598 | Traceback (most recent call last):
2026-07-24 15:14:27.598 |   File "src/pymssql/_pymssql.pyx", line 650, in pymssql._pymssql.connect
2026-07-24 15:14:27.598 |   File "src/pymssql/_mssql.pyx", line 2158, in pymssql._mssql.connect
2026-07-24 15:14:27.598 |   File "src/pymssql/_mssql.pyx", line 712, in pymssql._mssql.MSSQLConnection.__init__
2026-07-24 15:14:27.598 |   File "src/pymssql/_mssql.pyx", line 1884, in pymssql._mssql.maybe_raise_MSSQLDatabaseException
2026-07-24 15:14:27.598 |   File "src/pymssql/_mssql.pyx", line 1901, in pymssql._mssql.raise_MSSQLDatabaseException
2026-07-24 15:14:27.598 | pymssql._mssql.MSSQLDatabaseException: (20009, b'DB-Lib error message 20009, severity 9:\nUnable to connect: Adaptive Server is unavailable or does not exist (COSWINDE516D1)\n')
2026-07-24 15:14:27.598 | 
2026-07-24 15:14:27.598 | During handling of the above exception, another exception occurred:
2026-07-24 15:14:27.598 | 
2026-07-24 15:14:27.598 | Traceback (most recent call last):
2026-07-24 15:14:27.598 |   File "/app/src/registry.py", line 74, in scrape
2026-07-24 15:14:27.598 |     families, had_partial_error = future.result(timeout=target.scrape_timeout_seconds)
2026-07-24 15:14:27.598 |                                   ^^^^^^^^^^^^^^^^^^^^^^^^^^^^^^^^^^^^^^^^^^^^^^^^^^^^
2026-07-24 15:14:27.598 |   File "/usr/local/lib/python3.12/concurrent/futures/_base.py", line 456, in result
2026-07-24 15:14:27.598 |     return self.__get_result()
2026-07-24 15:14:27.598 |            ^^^^^^^^^^^^^^^^^^^
2026-07-24 15:14:27.598 |   File "/usr/local/lib/python3.12/concurrent/futures/_base.py", line 401, in __get_result
2026-07-24 15:14:27.598 |     raise self._exception
2026-07-24 15:14:27.598 |   File "/usr/local/lib/python3.12/concurrent/futures/thread.py", line 59, in run
2026-07-24 15:14:27.598 |     result = self.fn(*self.args, **self.kwargs)
2026-07-24 15:14:27.598 |              ^^^^^^^^^^^^^^^^^^^^^^^^^^^^^^^^^^
2026-07-24 15:14:27.598 |   File "/app/src/registry.py", line 69, in _do_scrape
2026-07-24 15:14:27.598 |     conn = adapter.get_connection()
2026-07-24 15:14:27.598 |            ^^^^^^^^^^^^^^^^^^^^^^^^
2026-07-24 15:14:27.598 |   File "/app/src/collectors/base.py", line 65, in get_connection
2026-07-24 15:14:27.598 |     self._conn = self.connect()
2026-07-24 15:14:27.598 |                  ^^^^^^^^^^^^^^
2026-07-24 15:14:27.598 |   File "/app/src/collectors/sqlserver.py", line 70, in connect
2026-07-24 15:14:27.598 |     conn = pymssql.connect(
2026-07-24 15:14:27.598 |            ^^^^^^^^^^^^^^^^
2026-07-24 15:14:27.598 |   File "src/pymssql/_pymssql.pyx", line 659, in pymssql._pymssql.connect
2026-07-24 15:14:27.598 | pymssql.exceptions.OperationalError: (20009, b'DB-Lib error message 20009, severity 9:\nUnable to connect: Adaptive Server is unavailable or does not exist (COSWINDE516D1)\n')
2026-07-24 15:14:27.598 | 2026-07-24 22:14:27,598 INFO 172.19.0.3 - "GET /metrics?target=hris-scl-engineering-db HTTP/1.1" 200 -
2026-07-24 15:14:31.791 | 2026-07-24 22:14:31,791 ERROR query 'size' failed for target 'hris-card-db'
2026-07-24 15:14:31.791 | Traceback (most recent call last):
2026-07-24 15:14:31.791 |   File "/app/src/collectors/base.py", line 52, in safe_collect_family
2026-07-24 15:14:31.791 |     result = builder()
2026-07-24 15:14:31.791 |              ^^^^^^^^^
2026-07-24 15:14:31.791 |   File "/app/src/collectors/postgres.py", line 94, in <lambda>
2026-07-24 15:14:31.791 |     ("size", lambda: self._size_family(cur)),
2026-07-24 15:14:31.791 |                      ^^^^^^^^^^^^^^^^^^^^^^
2026-07-24 15:14:31.791 |   File "/app/src/collectors/postgres.py", line 168, in _size_family
2026-07-24 15:14:31.791 |     cur.execute(_SIZE_SQL)
2026-07-24 15:14:31.791 |   File "/usr/local/lib/python3.12/site-packages/psycopg2/extras.py", line 146, in execute
2026-07-24 15:14:31.791 |     return super().execute(query, vars)
2026-07-24 15:14:31.791 |            ^^^^^^^^^^^^^^^^^^^^^^^^^^^^
2026-07-24 15:14:31.791 | psycopg2.errors.InsufficientPrivilege: permission denied for database rdsadmin
2026-07-24 15:14:31.791 | 
2026-07-24 15:14:31.791 | 2026-07-24 22:14:31,791 INFO 172.19.0.3 - "GET /metrics?target=hris-card-db HTTP/1.1" 200 -
2026-07-24 15:14:41.277 | 2026-07-24 22:14:41,277 ERROR query 'query_duration' failed for target 'hris-hims-db'
2026-07-24 15:14:41.277 | Traceback (most recent call last):
2026-07-24 15:14:41.277 |   File "/app/src/collectors/base.py", line 52, in safe_collect_family
2026-07-24 15:14:41.277 |     result = builder()
2026-07-24 15:14:41.277 |              ^^^^^^^^^
2026-07-24 15:14:41.277 |   File "/app/src/collectors/oracle.py", line 103, in <lambda>
2026-07-24 15:14:41.277 |     ("query_duration", lambda: self._query_duration_family(conn)),
2026-07-24 15:14:41.277 |                                ^^^^^^^^^^^^^^^^^^^^^^^^^^^^^^^^^
2026-07-24 15:14:41.277 |   File "/app/src/collectors/oracle.py", line 119, in _query_duration_family
2026-07-24 15:14:41.277 |     cur.execute(_QUERY_STATS_SQL)
2026-07-24 15:14:41.277 |   File "/usr/local/lib/python3.12/site-packages/oracledb/cursor.py", line 710, in execute
2026-07-24 15:14:41.277 |     impl.execute(self)
2026-07-24 15:14:41.277 |   File "src/oracledb/impl/thin/cursor.pyx", line 196, in oracledb.thin_impl.ThinCursorImpl.execute
2026-07-24 15:14:41.277 |   File "src/oracledb/impl/thin/protocol.pyx", line 440, in oracledb.thin_impl.Protocol._process_single_message
2026-07-24 15:14:41.277 |   File "src/oracledb/impl/thin/protocol.pyx", line 441, in oracledb.thin_impl.Protocol._process_single_message
2026-07-24 15:14:41.277 |   File "src/oracledb/impl/thin/protocol.pyx", line 433, in oracledb.thin_impl.Protocol._process_message
2026-07-24 15:14:41.277 |   File "src/oracledb/impl/thin/messages.pyx", line 74, in oracledb.thin_impl.Message._check_and_raise_exception
2026-07-24 15:14:41.277 | oracledb.exceptions.DatabaseError: ORA-00942: table or view does not exist
2026-07-24 15:14:41.277 | Help: https://docs.oracle.com/error-help/db/ora-00942/
2026-07-24 15:14:41.360 | 2026-07-24 22:14:41,359 INFO 172.19.0.3 - "GET /metrics?target=hris-hims-db HTTP/1.1" 200 -
2026-07-24 15:14:42.595 | 2026-07-24 22:14:42,594 ERROR scrape of target 'hris-scl-engineering-db' failed
2026-07-24 15:14:42.595 | Traceback (most recent call last):
2026-07-24 15:14:42.595 |   File "src/pymssql/_pymssql.pyx", line 650, in pymssql._pymssql.connect
2026-07-24 15:14:42.595 |   File "src/pymssql/_mssql.pyx", line 2158, in pymssql._mssql.connect
2026-07-24 15:14:42.595 |   File "src/pymssql/_mssql.pyx", line 712, in pymssql._mssql.MSSQLConnection.__init__
2026-07-24 15:14:42.595 |   File "src/pymssql/_mssql.pyx", line 1884, in pymssql._mssql.maybe_raise_MSSQLDatabaseException
2026-07-24 15:14:42.595 |   File "src/pymssql/_mssql.pyx", line 1901, in pymssql._mssql.raise_MSSQLDatabaseException
2026-07-24 15:14:42.595 | pymssql._mssql.MSSQLDatabaseException: (20009, b'DB-Lib error message 20009, severity 9:\nUnable to connect: Adaptive Server is unavailable or does not exist (COSWINDE516D1)\n')
2026-07-24 15:14:42.595 | 
2026-07-24 15:14:42.595 | During handling of the above exception, another exception occurred:
2026-07-24 15:14:42.595 | 
2026-07-24 15:14:42.595 | Traceback (most recent call last):
2026-07-24 15:14:42.595 |   File "/app/src/registry.py", line 74, in scrape
2026-07-24 15:14:42.595 |     families, had_partial_error = future.result(timeout=target.scrape_timeout_seconds)
2026-07-24 15:14:42.595 |                                   ^^^^^^^^^^^^^^^^^^^^^^^^^^^^^^^^^^^^^^^^^^^^^^^^^^^^
2026-07-24 15:14:42.595 |   File "/usr/local/lib/python3.12/concurrent/futures/_base.py", line 456, in result
2026-07-24 15:14:42.595 |     return self.__get_result()
2026-07-24 15:14:42.595 |            ^^^^^^^^^^^^^^^^^^^
2026-07-24 15:14:42.595 |   File "/usr/local/lib/python3.12/concurrent/futures/_base.py", line 401, in __get_result
2026-07-24 15:14:42.595 |     raise self._exception
2026-07-24 15:14:42.595 |   File "/usr/local/lib/python3.12/concurrent/futures/thread.py", line 59, in run
2026-07-24 15:14:42.595 |     result = self.fn(*self.args, **self.kwargs)
2026-07-24 15:14:42.595 |              ^^^^^^^^^^^^^^^^^^^^^^^^^^^^^^^^^^
2026-07-24 15:14:42.595 |   File "/app/src/registry.py", line 69, in _do_scrape
2026-07-24 15:14:42.595 |     conn = adapter.get_connection()
2026-07-24 15:14:42.595 |            ^^^^^^^^^^^^^^^^^^^^^^^^
2026-07-24 15:14:42.595 |   File "/app/src/collectors/base.py", line 65, in get_connection
2026-07-24 15:14:42.595 |     self._conn = self.connect()
2026-07-24 15:14:42.595 |                  ^^^^^^^^^^^^^^
2026-07-24 15:14:42.595 |   File "/app/src/collectors/sqlserver.py", line 70, in connect
2026-07-24 15:14:42.595 |     conn = pymssql.connect(
2026-07-24 15:14:42.595 |            ^^^^^^^^^^^^^^^^
2026-07-24 15:14:42.595 |   File "src/pymssql/_pymssql.pyx", line 659, in pymssql._pymssql.connect
2026-07-24 15:14:42.595 | pymssql.exceptions.OperationalError: (20009, b'DB-Lib error message 20009, severity 9:\nUnable to connect: Adaptive Server is unavailable or does not exist (COSWINDE516D1)\n')
2026-07-24 15:14:42.595 | 2026-07-24 22:14:42,595 INFO 172.19.0.3 - "GET /metrics?target=hris-scl-engineering-db HTTP/1.1" 200 -
2026-07-24 15:14:46.791 | 2026-07-24 22:14:46,791 ERROR query 'size' failed for target 'hris-card-db'
2026-07-24 15:14:46.791 | Traceback (most recent call last):
2026-07-24 15:14:46.791 |   File "/app/src/collectors/base.py", line 52, in safe_collect_family
2026-07-24 15:14:46.791 |     result = builder()
2026-07-24 15:14:46.791 |              ^^^^^^^^^
2026-07-24 15:14:46.791 |   File "/app/src/collectors/postgres.py", line 94, in <lambda>
2026-07-24 15:14:46.791 |     ("size", lambda: self._size_family(cur)),
2026-07-24 15:14:46.791 |                      ^^^^^^^^^^^^^^^^^^^^^^
2026-07-24 15:14:46.791 |   File "/app/src/collectors/postgres.py", line 168, in _size_family
2026-07-24 15:14:46.791 |     cur.execute(_SIZE_SQL)
2026-07-24 15:14:46.791 |   File "/usr/local/lib/python3.12/site-packages/psycopg2/extras.py", line 146, in execute
2026-07-24 15:14:46.791 |     return super().execute(query, vars)
2026-07-24 15:14:46.791 |            ^^^^^^^^^^^^^^^^^^^^^^^^^^^^
2026-07-24 15:14:46.791 | psycopg2.errors.InsufficientPrivilege: permission denied for database rdsadmin
2026-07-24 15:14:46.791 | 
2026-07-24 15:14:46.791 | 2026-07-24 22:14:46,791 INFO 172.19.0.3 - "GET /metrics?target=hris-card-db HTTP/1.1" 200 -
2026-07-24 15:14:52.582 | 2026-07-24 22:14:52,582 INFO 127.0.0.1 - "GET /health HTTP/1.1" 200 -
2026-07-24 15:14:56.276 | 2026-07-24 22:14:56,275 ERROR query 'query_duration' failed for target 'hris-hims-db'
2026-07-24 15:14:56.276 | Traceback (most recent call last):
2026-07-24 15:14:56.276 |   File "/app/src/collectors/base.py", line 52, in safe_collect_family
2026-07-24 15:14:56.276 |     result = builder()
2026-07-24 15:14:56.276 |              ^^^^^^^^^
2026-07-24 15:14:56.276 |   File "/app/src/collectors/oracle.py", line 103, in <lambda>
2026-07-24 15:14:56.276 |     ("query_duration", lambda: self._query_duration_family(conn)),
2026-07-24 15:14:56.276 |                                ^^^^^^^^^^^^^^^^^^^^^^^^^^^^^^^^^
2026-07-24 15:14:56.276 |   File "/app/src/collectors/oracle.py", line 119, in _query_duration_family
2026-07-24 15:14:56.276 |     cur.execute(_QUERY_STATS_SQL)
2026-07-24 15:14:56.276 |   File "/usr/local/lib/python3.12/site-packages/oracledb/cursor.py", line 710, in execute
2026-07-24 15:14:56.276 |     impl.execute(self)
2026-07-24 15:14:56.276 |   File "src/oracledb/impl/thin/cursor.pyx", line 196, in oracledb.thin_impl.ThinCursorImpl.execute
2026-07-24 15:14:56.276 |   File "src/oracledb/impl/thin/protocol.pyx", line 440, in oracledb.thin_impl.Protocol._process_single_message
2026-07-24 15:14:56.276 |   File "src/oracledb/impl/thin/protocol.pyx", line 441, in oracledb.thin_impl.Protocol._process_single_message
2026-07-24 15:14:56.276 |   File "src/oracledb/impl/thin/protocol.pyx", line 433, in oracledb.thin_impl.Protocol._process_message
2026-07-24 15:14:56.276 |   File "src/oracledb/impl/thin/messages.pyx", line 74, in oracledb.thin_impl.Message._check_and_raise_exception
2026-07-24 15:14:56.276 | oracledb.exceptions.DatabaseError: ORA-00942: table or view does not exist
2026-07-24 15:14:56.276 | Help: https://docs.oracle.com/error-help/db/ora-00942/
2026-07-24 15:14:56.363 | 2026-07-24 22:14:56,363 INFO 172.19.0.3 - "GET /metrics?target=hris-hims-db HTTP/1.1" 200 -
2026-07-24 15:14:57.578 | 2026-07-24 22:14:57,577 ERROR scrape of target 'hris-scl-engineering-db' failed
2026-07-24 15:14:57.578 | Traceback (most recent call last):
2026-07-24 15:14:57.578 |   File "src/pymssql/_pymssql.pyx", line 650, in pymssql._pymssql.connect
2026-07-24 15:14:57.578 |   File "src/pymssql/_mssql.pyx", line 2158, in pymssql._mssql.connect
2026-07-24 15:14:57.578 |   File "src/pymssql/_mssql.pyx", line 712, in pymssql._mssql.MSSQLConnection.__init__
2026-07-24 15:14:57.578 |   File "src/pymssql/_mssql.pyx", line 1884, in pymssql._mssql.maybe_raise_MSSQLDatabaseException
2026-07-24 15:14:57.578 |   File "src/pymssql/_mssql.pyx", line 1901, in pymssql._mssql.raise_MSSQLDatabaseException
2026-07-24 15:14:57.578 | pymssql._mssql.MSSQLDatabaseException: (20009, b'DB-Lib error message 20009, severity 9:\nUnable to connect: Adaptive Server is unavailable or does not exist (COSWINDE516D1)\n')
2026-07-24 15:14:57.578 | 
2026-07-24 15:14:57.578 | During handling of the above exception, another exception occurred:
2026-07-24 15:14:57.578 | 
2026-07-24 15:14:57.578 | Traceback (most recent call last):
2026-07-24 15:14:57.578 |   File "/app/src/registry.py", line 74, in scrape
2026-07-24 15:14:57.578 |     families, had_partial_error = future.result(timeout=target.scrape_timeout_seconds)
2026-07-24 15:14:57.578 |                                   ^^^^^^^^^^^^^^^^^^^^^^^^^^^^^^^^^^^^^^^^^^^^^^^^^^^^
2026-07-24 15:14:57.578 |   File "/usr/local/lib/python3.12/concurrent/futures/_base.py", line 456, in result
2026-07-24 15:14:57.578 |     return self.__get_result()
2026-07-24 15:14:57.578 |            ^^^^^^^^^^^^^^^^^^^
2026-07-24 15:14:57.578 |   File "/usr/local/lib/python3.12/concurrent/futures/_base.py", line 401, in __get_result
2026-07-24 15:14:57.578 |     raise self._exception
2026-07-24 15:14:57.578 |   File "/usr/local/lib/python3.12/concurrent/futures/thread.py", line 59, in run
2026-07-24 15:14:57.578 |     result = self.fn(*self.args, **self.kwargs)
2026-07-24 15:14:57.578 |              ^^^^^^^^^^^^^^^^^^^^^^^^^^^^^^^^^^
2026-07-24 15:14:57.578 |   File "/app/src/registry.py", line 69, in _do_scrape
2026-07-24 15:14:57.578 |     conn = adapter.get_connection()
2026-07-24 15:14:57.578 |            ^^^^^^^^^^^^^^^^^^^^^^^^
2026-07-24 15:14:57.578 |   File "/app/src/collectors/base.py", line 65, in get_connection
2026-07-24 15:14:57.578 |     self._conn = self.connect()
2026-07-24 15:14:57.578 |                  ^^^^^^^^^^^^^^
2026-07-24 15:14:57.578 |   File "/app/src/collectors/sqlserver.py", line 70, in connect
2026-07-24 15:14:57.578 |     conn = pymssql.connect(
2026-07-24 15:14:57.578 |            ^^^^^^^^^^^^^^^^
2026-07-24 15:14:57.578 |   File "src/pymssql/_pymssql.pyx", line 659, in pymssql._pymssql.connect
2026-07-24 15:14:57.578 | pymssql.exceptions.OperationalError: (20009, b'DB-Lib error message 20009, severity 9:\nUnable to connect: Adaptive Server is unavailable or does not exist (COSWINDE516D1)\n')
2026-07-24 15:14:57.578 | 2026-07-24 22:14:57,578 INFO 172.19.0.3 - "GET /metrics?target=hris-scl-engineering-db HTTP/1.1" 200 -
2026-07-24 15:15:01.849 | 2026-07-24 22:15:01,848 ERROR query 'size' failed for target 'hris-card-db'
2026-07-24 15:15:01.849 | Traceback (most recent call last):
2026-07-24 15:15:01.849 |   File "/app/src/collectors/base.py", line 52, in safe_collect_family
2026-07-24 15:15:01.849 |     result = builder()
2026-07-24 15:15:01.849 |              ^^^^^^^^^
2026-07-24 15:15:01.849 |   File "/app/src/collectors/postgres.py", line 94, in <lambda>
2026-07-24 15:15:01.849 |     ("size", lambda: self._size_family(cur)),
2026-07-24 15:15:01.849 |                      ^^^^^^^^^^^^^^^^^^^^^^
2026-07-24 15:15:01.849 |   File "/app/src/collectors/postgres.py", line 168, in _size_family
2026-07-24 15:15:01.849 |     cur.execute(_SIZE_SQL)
2026-07-24 15:15:01.849 |   File "/usr/local/lib/python3.12/site-packages/psycopg2/extras.py", line 146, in execute
2026-07-24 15:15:01.849 |     return super().execute(query, vars)
2026-07-24 15:15:01.849 |            ^^^^^^^^^^^^^^^^^^^^^^^^^^^^
2026-07-24 15:15:01.849 | psycopg2.errors.InsufficientPrivilege: permission denied for database rdsadmin
2026-07-24 15:15:01.849 | 
2026-07-24 15:15:01.849 | 2026-07-24 22:15:01,849 INFO 172.19.0.3 - "GET /metrics?target=hris-card-db HTTP/1.1" 200 -
2026-07-24 15:15:11.280 | 2026-07-24 22:15:11,279 ERROR query 'query_duration' failed for target 'hris-hims-db'
2026-07-24 15:15:11.280 | Traceback (most recent call last):
2026-07-24 15:15:11.280 |   File "/app/src/collectors/base.py", line 52, in safe_collect_family
2026-07-24 15:15:11.280 |     result = builder()
2026-07-24 15:15:11.280 |              ^^^^^^^^^
2026-07-24 15:15:11.280 |   File "/app/src/collectors/oracle.py", line 103, in <lambda>
2026-07-24 15:15:11.280 |     ("query_duration", lambda: self._query_duration_family(conn)),
2026-07-24 15:15:11.280 |                                ^^^^^^^^^^^^^^^^^^^^^^^^^^^^^^^^^
2026-07-24 15:15:11.280 |   File "/app/src/collectors/oracle.py", line 119, in _query_duration_family
2026-07-24 15:15:11.280 |     cur.execute(_QUERY_STATS_SQL)
2026-07-24 15:15:11.280 |   File "/usr/local/lib/python3.12/site-packages/oracledb/cursor.py", line 710, in execute
2026-07-24 15:15:11.280 |     impl.execute(self)
2026-07-24 15:15:11.280 |   File "src/oracledb/impl/thin/cursor.pyx", line 196, in oracledb.thin_impl.ThinCursorImpl.execute
2026-07-24 15:15:11.280 |   File "src/oracledb/impl/thin/protocol.pyx", line 440, in oracledb.thin_impl.Protocol._process_single_message
2026-07-24 15:15:11.280 |   File "src/oracledb/impl/thin/protocol.pyx", line 441, in oracledb.thin_impl.Protocol._process_single_message
2026-07-24 15:15:11.280 |   File "src/oracledb/impl/thin/protocol.pyx", line 433, in oracledb.thin_impl.Protocol._process_message
2026-07-24 15:15:11.280 |   File "src/oracledb/impl/thin/messages.pyx", line 74, in oracledb.thin_impl.Message._check_and_raise_exception
2026-07-24 15:15:11.280 | oracledb.exceptions.DatabaseError: ORA-00942: table or view does not exist
2026-07-24 15:15:11.280 | Help: https://docs.oracle.com/error-help/db/ora-00942/
2026-07-24 15:15:11.366 | 2026-07-24 22:15:11,366 INFO 172.19.0.3 - "GET /metrics?target=hris-hims-db HTTP/1.1" 200 -
2026-07-24 15:15:12.594 | 2026-07-24 22:15:12,593 ERROR scrape of target 'hris-scl-engineering-db' failed
2026-07-24 15:15:12.594 | Traceback (most recent call last):
2026-07-24 15:15:12.594 |   File "src/pymssql/_pymssql.pyx", line 650, in pymssql._pymssql.connect
2026-07-24 15:15:12.594 |   File "src/pymssql/_mssql.pyx", line 2158, in pymssql._mssql.connect
2026-07-24 15:15:12.594 |   File "src/pymssql/_mssql.pyx", line 712, in pymssql._mssql.MSSQLConnection.__init__
2026-07-24 15:15:12.594 |   File "src/pymssql/_mssql.pyx", line 1884, in pymssql._mssql.maybe_raise_MSSQLDatabaseException
2026-07-24 15:15:12.594 |   File "src/pymssql/_mssql.pyx", line 1901, in pymssql._mssql.raise_MSSQLDatabaseException
2026-07-24 15:15:12.594 | pymssql._mssql.MSSQLDatabaseException: (20009, b'DB-Lib error message 20009, severity 9:\nUnable to connect: Adaptive Server is unavailable or does not exist (COSWINDE516D1)\n')
2026-07-24 15:15:12.594 | 
2026-07-24 15:15:12.594 | During handling of the above exception, another exception occurred:
2026-07-24 15:15:12.594 | 
2026-07-24 15:15:12.594 | Traceback (most recent call last):
2026-07-24 15:15:12.594 |   File "/app/src/registry.py", line 74, in scrape
2026-07-24 15:15:12.594 |     families, had_partial_error = future.result(timeout=target.scrape_timeout_seconds)
2026-07-24 15:15:12.594 |                                   ^^^^^^^^^^^^^^^^^^^^^^^^^^^^^^^^^^^^^^^^^^^^^^^^^^^^
2026-07-24 15:15:12.594 |   File "/usr/local/lib/python3.12/concurrent/futures/_base.py", line 456, in result
2026-07-24 15:15:12.594 |     return self.__get_result()
2026-07-24 15:15:12.594 |            ^^^^^^^^^^^^^^^^^^^
2026-07-24 15:15:12.594 |   File "/usr/local/lib/python3.12/concurrent/futures/_base.py", line 401, in __get_result
2026-07-24 15:15:12.594 |     raise self._exception
2026-07-24 15:15:12.594 |   File "/usr/local/lib/python3.12/concurrent/futures/thread.py", line 59, in run
2026-07-24 15:15:12.594 |     result = self.fn(*self.args, **self.kwargs)
2026-07-24 15:15:12.594 |              ^^^^^^^^^^^^^^^^^^^^^^^^^^^^^^^^^^
2026-07-24 15:15:12.594 |   File "/app/src/registry.py", line 69, in _do_scrape
2026-07-24 15:15:12.594 |     conn = adapter.get_connection()
2026-07-24 15:15:12.594 |            ^^^^^^^^^^^^^^^^^^^^^^^^
2026-07-24 15:15:12.594 |   File "/app/src/collectors/base.py", line 65, in get_connection
2026-07-24 15:15:12.594 |     self._conn = self.connect()
2026-07-24 15:15:12.594 |                  ^^^^^^^^^^^^^^
2026-07-24 15:15:12.594 |   File "/app/src/collectors/sqlserver.py", line 70, in connect
2026-07-24 15:15:12.594 |     conn = pymssql.connect(
2026-07-24 15:15:12.594 |            ^^^^^^^^^^^^^^^^
2026-07-24 15:15:12.594 |   File "src/pymssql/_pymssql.pyx", line 659, in pymssql._pymssql.connect
2026-07-24 15:15:12.594 | pymssql.exceptions.OperationalError: (20009, b'DB-Lib error message 20009, severity 9:\nUnable to connect: Adaptive Server is unavailable or does not exist (COSWINDE516D1)\n')
2026-07-24 15:15:12.594 | 2026-07-24 22:15:12,594 INFO 172.19.0.3 - "GET /metrics?target=hris-scl-engineering-db HTTP/1.1" 200 -
2026-07-24 15:15:16.806 | 2026-07-24 22:15:16,805 ERROR query 'size' failed for target 'hris-card-db'
2026-07-24 15:15:16.806 | Traceback (most recent call last):
2026-07-24 15:15:16.806 |   File "/app/src/collectors/base.py", line 52, in safe_collect_family
2026-07-24 15:15:16.806 |     result = builder()
2026-07-24 15:15:16.806 |              ^^^^^^^^^
2026-07-24 15:15:16.806 |   File "/app/src/collectors/postgres.py", line 94, in <lambda>
2026-07-24 15:15:16.806 |     ("size", lambda: self._size_family(cur)),
2026-07-24 15:15:16.806 |                      ^^^^^^^^^^^^^^^^^^^^^^
2026-07-24 15:15:16.806 |   File "/app/src/collectors/postgres.py", line 168, in _size_family
2026-07-24 15:15:16.806 |     cur.execute(_SIZE_SQL)
2026-07-24 15:15:16.806 |   File "/usr/local/lib/python3.12/site-packages/psycopg2/extras.py", line 146, in execute
2026-07-24 15:15:16.806 |     return super().execute(query, vars)
2026-07-24 15:15:16.806 |            ^^^^^^^^^^^^^^^^^^^^^^^^^^^^
2026-07-24 15:15:16.806 | psycopg2.errors.InsufficientPrivilege: permission denied for database rdsadmin
2026-07-24 15:15:16.806 | 
2026-07-24 15:15:16.806 | 2026-07-24 22:15:16,806 INFO 172.19.0.3 - "GET /metrics?target=hris-card-db HTTP/1.1" 200 -
2026-07-24 15:15:22.701 | 2026-07-24 22:15:22,701 INFO 127.0.0.1 - "GET /health HTTP/1.1" 200 -
2026-07-24 15:15:26.277 | 2026-07-24 22:15:26,276 ERROR query 'query_duration' failed for target 'hris-hims-db'
2026-07-24 15:15:26.277 | Traceback (most recent call last):
2026-07-24 15:15:26.277 |   File "/app/src/collectors/base.py", line 52, in safe_collect_family
2026-07-24 15:15:26.277 |     result = builder()
2026-07-24 15:15:26.277 |              ^^^^^^^^^
2026-07-24 15:15:26.277 |   File "/app/src/collectors/oracle.py", line 103, in <lambda>
2026-07-24 15:15:26.277 |     ("query_duration", lambda: self._query_duration_family(conn)),
2026-07-24 15:15:26.277 |                                ^^^^^^^^^^^^^^^^^^^^^^^^^^^^^^^^^
2026-07-24 15:15:26.277 |   File "/app/src/collectors/oracle.py", line 119, in _query_duration_family
2026-07-24 15:15:26.277 |     cur.execute(_QUERY_STATS_SQL)
2026-07-24 15:15:26.277 |   File "/usr/local/lib/python3.12/site-packages/oracledb/cursor.py", line 710, in execute
2026-07-24 15:15:26.277 |     impl.execute(self)
2026-07-24 15:15:26.277 |   File "src/oracledb/impl/thin/cursor.pyx", line 196, in oracledb.thin_impl.ThinCursorImpl.execute
2026-07-24 15:15:26.277 |   File "src/oracledb/impl/thin/protocol.pyx", line 440, in oracledb.thin_impl.Protocol._process_single_message
2026-07-24 15:15:26.277 |   File "src/oracledb/impl/thin/protocol.pyx", line 441, in oracledb.thin_impl.Protocol._process_single_message
2026-07-24 15:15:26.277 |   File "src/oracledb/impl/thin/protocol.pyx", line 433, in oracledb.thin_impl.Protocol._process_message
2026-07-24 15:15:26.277 |   File "src/oracledb/impl/thin/messages.pyx", line 74, in oracledb.thin_impl.Message._check_and_raise_exception
2026-07-24 15:15:26.277 | oracledb.exceptions.DatabaseError: ORA-00942: table or view does not exist
2026-07-24 15:15:26.277 | Help: https://docs.oracle.com/error-help/db/ora-00942/
2026-07-24 15:15:26.367 | 2026-07-24 22:15:26,367 INFO 172.19.0.3 - "GET /metrics?target=hris-hims-db HTTP/1.1" 200 -
2026-07-24 15:15:27.598 | 2026-07-24 22:15:27,597 ERROR scrape of target 'hris-scl-engineering-db' failed
2026-07-24 15:15:27.598 | Traceback (most recent call last):
2026-07-24 15:15:27.598 |   File "src/pymssql/_pymssql.pyx", line 650, in pymssql._pymssql.connect
2026-07-24 15:15:27.598 |   File "src/pymssql/_mssql.pyx", line 2158, in pymssql._mssql.connect
2026-07-24 15:15:27.598 |   File "src/pymssql/_mssql.pyx", line 712, in pymssql._mssql.MSSQLConnection.__init__
2026-07-24 15:15:27.598 |   File "src/pymssql/_mssql.pyx", line 1884, in pymssql._mssql.maybe_raise_MSSQLDatabaseException
2026-07-24 15:15:27.598 |   File "src/pymssql/_mssql.pyx", line 1901, in pymssql._mssql.raise_MSSQLDatabaseException
2026-07-24 15:15:27.598 | pymssql._mssql.MSSQLDatabaseException: (20009, b'DB-Lib error message 20009, severity 9:\nUnable to connect: Adaptive Server is unavailable or does not exist (COSWINDE516D1)\n')
2026-07-24 15:15:27.598 | 
2026-07-24 15:15:27.598 | During handling of the above exception, another exception occurred:
2026-07-24 15:15:27.598 | 
2026-07-24 15:15:27.598 | Traceback (most recent call last):
2026-07-24 15:15:27.598 |   File "/app/src/registry.py", line 74, in scrape
2026-07-24 15:15:27.598 |     families, had_partial_error = future.result(timeout=target.scrape_timeout_seconds)
2026-07-24 15:15:27.598 |                                   ^^^^^^^^^^^^^^^^^^^^^^^^^^^^^^^^^^^^^^^^^^^^^^^^^^^^
2026-07-24 15:15:27.598 |   File "/usr/local/lib/python3.12/concurrent/futures/_base.py", line 456, in result
2026-07-24 15:15:27.598 |     return self.__get_result()
2026-07-24 15:15:27.598 |            ^^^^^^^^^^^^^^^^^^^
2026-07-24 15:15:27.598 |   File "/usr/local/lib/python3.12/concurrent/futures/_base.py", line 401, in __get_result
2026-07-24 15:15:27.598 |     raise self._exception
2026-07-24 15:15:27.598 |   File "/usr/local/lib/python3.12/concurrent/futures/thread.py", line 59, in run
2026-07-24 15:15:27.598 |     result = self.fn(*self.args, **self.kwargs)
2026-07-24 15:15:27.598 |              ^^^^^^^^^^^^^^^^^^^^^^^^^^^^^^^^^^
2026-07-24 15:15:27.598 |   File "/app/src/registry.py", line 69, in _do_scrape
2026-07-24 15:15:27.598 |     conn = adapter.get_connection()
2026-07-24 15:15:27.598 |            ^^^^^^^^^^^^^^^^^^^^^^^^
2026-07-24 15:15:27.598 |   File "/app/src/collectors/base.py", line 65, in get_connection
2026-07-24 15:15:27.598 |     self._conn = self.connect()
2026-07-24 15:15:27.598 |                  ^^^^^^^^^^^^^^
2026-07-24 15:15:27.598 |   File "/app/src/collectors/sqlserver.py", line 70, in connect
2026-07-24 15:15:27.598 |     conn = pymssql.connect(
2026-07-24 15:15:27.598 |            ^^^^^^^^^^^^^^^^
2026-07-24 15:15:27.598 |   File "src/pymssql/_pymssql.pyx", line 659, in pymssql._pymssql.connect
2026-07-24 15:15:27.598 | pymssql.exceptions.OperationalError: (20009, b'DB-Lib error message 20009, severity 9:\nUnable to connect: Adaptive Server is unavailable or does not exist (COSWINDE516D1)\n')
2026-07-24 15:15:27.598 | 2026-07-24 22:15:27,597 INFO 172.19.0.3 - "GET /metrics?target=hris-scl-engineering-db HTTP/1.1" 200 -
2026-07-24 15:15:31.794 | 2026-07-24 22:15:31,794 ERROR query 'size' failed for target 'hris-card-db'
2026-07-24 15:15:31.794 | Traceback (most recent call last):
2026-07-24 15:15:31.794 |   File "/app/src/collectors/base.py", line 52, in safe_collect_family
2026-07-24 15:15:31.794 |     result = builder()
2026-07-24 15:15:31.794 |              ^^^^^^^^^
2026-07-24 15:15:31.794 |   File "/app/src/collectors/postgres.py", line 94, in <lambda>
2026-07-24 15:15:31.794 |     ("size", lambda: self._size_family(cur)),
2026-07-24 15:15:31.794 |                      ^^^^^^^^^^^^^^^^^^^^^^
2026-07-24 15:15:31.794 |   File "/app/src/collectors/postgres.py", line 168, in _size_family
2026-07-24 15:15:31.794 |     cur.execute(_SIZE_SQL)
2026-07-24 15:15:31.794 |   File "/usr/local/lib/python3.12/site-packages/psycopg2/extras.py", line 146, in execute
2026-07-24 15:15:31.794 |     return super().execute(query, vars)
2026-07-24 15:15:31.794 |            ^^^^^^^^^^^^^^^^^^^^^^^^^^^^
2026-07-24 15:15:31.794 | psycopg2.errors.InsufficientPrivilege: permission denied for database rdsadmin
2026-07-24 15:15:31.794 | 
2026-07-24 15:15:31.795 | 2026-07-24 22:15:31,794 INFO 172.19.0.3 - "GET /metrics?target=hris-card-db HTTP/1.1" 200 -
2026-07-24 15:15:41.282 | 2026-07-24 22:15:41,282 ERROR query 'query_duration' failed for target 'hris-hims-db'
2026-07-24 15:15:41.282 | Traceback (most recent call last):
2026-07-24 15:15:41.282 |   File "/app/src/collectors/base.py", line 52, in safe_collect_family
2026-07-24 15:15:41.282 |     result = builder()
2026-07-24 15:15:41.283 |              ^^^^^^^^^
2026-07-24 15:15:41.283 |   File "/app/src/collectors/oracle.py", line 103, in <lambda>
2026-07-24 15:15:41.283 |     ("query_duration", lambda: self._query_duration_family(conn)),
2026-07-24 15:15:41.283 |                                ^^^^^^^^^^^^^^^^^^^^^^^^^^^^^^^^^
2026-07-24 15:15:41.283 |   File "/app/src/collectors/oracle.py", line 119, in _query_duration_family
2026-07-24 15:15:41.283 |     cur.execute(_QUERY_STATS_SQL)
2026-07-24 15:15:41.283 |   File "/usr/local/lib/python3.12/site-packages/oracledb/cursor.py", line 710, in execute
2026-07-24 15:15:41.283 |     impl.execute(self)
2026-07-24 15:15:41.283 |   File "src/oracledb/impl/thin/cursor.pyx", line 196, in oracledb.thin_impl.ThinCursorImpl.execute
2026-07-24 15:15:41.283 |   File "src/oracledb/impl/thin/protocol.pyx", line 440, in oracledb.thin_impl.Protocol._process_single_message
2026-07-24 15:15:41.283 |   File "src/oracledb/impl/thin/protocol.pyx", line 441, in oracledb.thin_impl.Protocol._process_single_message
2026-07-24 15:15:41.283 |   File "src/oracledb/impl/thin/protocol.pyx", line 433, in oracledb.thin_impl.Protocol._process_message
2026-07-24 15:15:41.283 |   File "src/oracledb/impl/thin/messages.pyx", line 74, in oracledb.thin_impl.Message._check_and_raise_exception
2026-07-24 15:15:41.283 | oracledb.exceptions.DatabaseError: ORA-00942: table or view does not exist
2026-07-24 15:15:41.283 | Help: https://docs.oracle.com/error-help/db/ora-00942/
2026-07-24 15:15:41.381 | 2026-07-24 22:15:41,381 INFO 172.19.0.3 - "GET /metrics?target=hris-hims-db HTTP/1.1" 200 -
2026-07-24 15:15:42.594 | 2026-07-24 22:15:42,594 ERROR scrape of target 'hris-scl-engineering-db' failed
2026-07-24 15:15:42.595 | Traceback (most recent call last):
2026-07-24 15:15:42.595 |   File "src/pymssql/_pymssql.pyx", line 650, in pymssql._pymssql.connect
2026-07-24 15:15:42.595 |   File "src/pymssql/_mssql.pyx", line 2158, in pymssql._mssql.connect
2026-07-24 15:15:42.595 |   File "src/pymssql/_mssql.pyx", line 712, in pymssql._mssql.MSSQLConnection.__init__
2026-07-24 15:15:42.595 |   File "src/pymssql/_mssql.pyx", line 1884, in pymssql._mssql.maybe_raise_MSSQLDatabaseException
2026-07-24 15:15:42.595 |   File "src/pymssql/_mssql.pyx", line 1901, in pymssql._mssql.raise_MSSQLDatabaseException
2026-07-24 15:15:42.595 | pymssql._mssql.MSSQLDatabaseException: (20009, b'DB-Lib error message 20009, severity 9:\nUnable to connect: Adaptive Server is unavailable or does not exist (COSWINDE516D1)\n')
2026-07-24 15:15:42.595 | 
2026-07-24 15:15:42.595 | During handling of the above exception, another exception occurred:
2026-07-24 15:15:42.595 | 
2026-07-24 15:15:42.595 | Traceback (most recent call last):
2026-07-24 15:15:42.595 |   File "/app/src/registry.py", line 74, in scrape
2026-07-24 15:15:42.595 |     families, had_partial_error = future.result(timeout=target.scrape_timeout_seconds)
2026-07-24 15:15:42.595 |                                   ^^^^^^^^^^^^^^^^^^^^^^^^^^^^^^^^^^^^^^^^^^^^^^^^^^^^
2026-07-24 15:15:42.595 |   File "/usr/local/lib/python3.12/concurrent/futures/_base.py", line 456, in result
2026-07-24 15:15:42.595 |     return self.__get_result()
2026-07-24 15:15:42.595 |            ^^^^^^^^^^^^^^^^^^^
2026-07-24 15:15:42.595 |   File "/usr/local/lib/python3.12/concurrent/futures/_base.py", line 401, in __get_result
2026-07-24 15:15:42.595 |     raise self._exception
2026-07-24 15:15:42.595 |   File "/usr/local/lib/python3.12/concurrent/futures/thread.py", line 59, in run
2026-07-24 15:15:42.595 |     result = self.fn(*self.args, **self.kwargs)
2026-07-24 15:15:42.595 |              ^^^^^^^^^^^^^^^^^^^^^^^^^^^^^^^^^^
2026-07-24 15:15:42.595 |   File "/app/src/registry.py", line 69, in _do_scrape
2026-07-24 15:15:42.595 |     conn = adapter.get_connection()
2026-07-24 15:15:42.595 |            ^^^^^^^^^^^^^^^^^^^^^^^^
2026-07-24 15:15:42.595 |   File "/app/src/collectors/base.py", line 65, in get_connection
2026-07-24 15:15:42.595 |     self._conn = self.connect()
2026-07-24 15:15:42.595 |                  ^^^^^^^^^^^^^^
2026-07-24 15:15:42.595 |   File "/app/src/collectors/sqlserver.py", line 70, in connect
2026-07-24 15:15:42.595 |     conn = pymssql.connect(
2026-07-24 15:15:42.595 |            ^^^^^^^^^^^^^^^^
2026-07-24 15:15:42.595 |   File "src/pymssql/_pymssql.pyx", line 659, in pymssql._pymssql.connect
2026-07-24 15:15:42.595 | pymssql.exceptions.OperationalError: (20009, b'DB-Lib error message 20009, severity 9:\nUnable to connect: Adaptive Server is unavailable or does not exist (COSWINDE516D1)\n')
2026-07-24 15:15:42.595 | 2026-07-24 22:15:42,594 INFO 172.19.0.3 - "GET /metrics?target=hris-scl-engineering-db HTTP/1.1" 200 -
2026-07-24 15:15:46.783 | 2026-07-24 22:15:46,782 ERROR query 'size' failed for target 'hris-card-db'
2026-07-24 15:15:46.783 | Traceback (most recent call last):
2026-07-24 15:15:46.783 |   File "/app/src/collectors/base.py", line 52, in safe_collect_family
2026-07-24 15:15:46.783 |     result = builder()
2026-07-24 15:15:46.783 |              ^^^^^^^^^
2026-07-24 15:15:46.783 |   File "/app/src/collectors/postgres.py", line 94, in <lambda>
2026-07-24 15:15:46.783 |     ("size", lambda: self._size_family(cur)),
2026-07-24 15:15:46.783 |                      ^^^^^^^^^^^^^^^^^^^^^^
2026-07-24 15:15:46.783 |   File "/app/src/collectors/postgres.py", line 168, in _size_family
2026-07-24 15:15:46.783 |     cur.execute(_SIZE_SQL)
2026-07-24 15:15:46.783 |   File "/usr/local/lib/python3.12/site-packages/psycopg2/extras.py", line 146, in execute
2026-07-24 15:15:46.783 |     return super().execute(query, vars)
2026-07-24 15:15:46.783 |            ^^^^^^^^^^^^^^^^^^^^^^^^^^^^
2026-07-24 15:15:46.783 | psycopg2.errors.InsufficientPrivilege: permission denied for database rdsadmin
2026-07-24 15:15:46.783 | 
2026-07-24 15:15:46.783 | 2026-07-24 22:15:46,783 INFO 172.19.0.3 - "GET /metrics?target=hris-card-db HTTP/1.1" 200 -
2026-07-24 15:15:52.824 | 2026-07-24 22:15:52,824 INFO 127.0.0.1 - "GET /health HTTP/1.1" 200 -
2026-07-24 15:15:56.276 | 2026-07-24 22:15:56,275 ERROR query 'query_duration' failed for target 'hris-hims-db'
2026-07-24 15:15:56.276 | Traceback (most recent call last):
2026-07-24 15:15:56.276 |   File "/app/src/collectors/base.py", line 52, in safe_collect_family
2026-07-24 15:15:56.276 |     result = builder()
2026-07-24 15:15:56.276 |              ^^^^^^^^^
2026-07-24 15:15:56.276 |   File "/app/src/collectors/oracle.py", line 103, in <lambda>
2026-07-24 15:15:56.276 |     ("query_duration", lambda: self._query_duration_family(conn)),
2026-07-24 15:15:56.276 |                                ^^^^^^^^^^^^^^^^^^^^^^^^^^^^^^^^^
2026-07-24 15:15:56.276 |   File "/app/src/collectors/oracle.py", line 119, in _query_duration_family
2026-07-24 15:15:56.276 |     cur.execute(_QUERY_STATS_SQL)
2026-07-24 15:15:56.276 |   File "/usr/local/lib/python3.12/site-packages/oracledb/cursor.py", line 710, in execute
2026-07-24 15:15:56.276 |     impl.execute(self)
2026-07-24 15:15:56.276 |   File "src/oracledb/impl/thin/cursor.pyx", line 196, in oracledb.thin_impl.ThinCursorImpl.execute
2026-07-24 15:15:56.276 |   File "src/oracledb/impl/thin/protocol.pyx", line 440, in oracledb.thin_impl.Protocol._process_single_message
2026-07-24 15:15:56.276 |   File "src/oracledb/impl/thin/protocol.pyx", line 441, in oracledb.thin_impl.Protocol._process_single_message
2026-07-24 15:15:56.276 |   File "src/oracledb/impl/thin/protocol.pyx", line 433, in oracledb.thin_impl.Protocol._process_message
2026-07-24 15:15:56.276 |   File "src/oracledb/impl/thin/messages.pyx", line 74, in oracledb.thin_impl.Message._check_and_raise_exception
2026-07-24 15:15:56.276 | oracledb.exceptions.DatabaseError: ORA-00942: table or view does not exist
2026-07-24 15:15:56.276 | Help: https://docs.oracle.com/error-help/db/ora-00942/
2026-07-24 15:15:56.354 | 2026-07-24 22:15:56,353 INFO 172.19.0.3 - "GET /metrics?target=hris-hims-db HTTP/1.1" 200 -
2026-07-24 15:15:57.596 | 2026-07-24 22:15:57,595 ERROR scrape of target 'hris-scl-engineering-db' failed
2026-07-24 15:15:57.596 | Traceback (most recent call last):
2026-07-24 15:15:57.596 |   File "src/pymssql/_pymssql.pyx", line 650, in pymssql._pymssql.connect
2026-07-24 15:15:57.596 |   File "src/pymssql/_mssql.pyx", line 2158, in pymssql._mssql.connect
2026-07-24 15:15:57.596 |   File "src/pymssql/_mssql.pyx", line 712, in pymssql._mssql.MSSQLConnection.__init__
2026-07-24 15:15:57.596 |   File "src/pymssql/_mssql.pyx", line 1884, in pymssql._mssql.maybe_raise_MSSQLDatabaseException
2026-07-24 15:15:57.596 |   File "src/pymssql/_mssql.pyx", line 1901, in pymssql._mssql.raise_MSSQLDatabaseException
2026-07-24 15:15:57.596 | pymssql._mssql.MSSQLDatabaseException: (20009, b'DB-Lib error message 20009, severity 9:\nUnable to connect: Adaptive Server is unavailable or does not exist (COSWINDE516D1)\n')
2026-07-24 15:15:57.596 | 
2026-07-24 15:15:57.596 | During handling of the above exception, another exception occurred:
2026-07-24 15:15:57.596 | 
2026-07-24 15:15:57.596 | Traceback (most recent call last):
2026-07-24 15:15:57.596 |   File "/app/src/registry.py", line 74, in scrape
2026-07-24 15:15:57.596 |     families, had_partial_error = future.result(timeout=target.scrape_timeout_seconds)
2026-07-24 15:15:57.596 |                                   ^^^^^^^^^^^^^^^^^^^^^^^^^^^^^^^^^^^^^^^^^^^^^^^^^^^^
2026-07-24 15:15:57.596 |   File "/usr/local/lib/python3.12/concurrent/futures/_base.py", line 456, in result
2026-07-24 15:15:57.596 |     return self.__get_result()
2026-07-24 15:15:57.596 |            ^^^^^^^^^^^^^^^^^^^
2026-07-24 15:15:57.596 |   File "/usr/local/lib/python3.12/concurrent/futures/_base.py", line 401, in __get_result
2026-07-24 15:15:57.596 |     raise self._exception
2026-07-24 15:15:57.596 |   File "/usr/local/lib/python3.12/concurrent/futures/thread.py", line 59, in run
2026-07-24 15:15:57.596 |     result = self.fn(*self.args, **self.kwargs)
2026-07-24 15:15:57.596 |              ^^^^^^^^^^^^^^^^^^^^^^^^^^^^^^^^^^
2026-07-24 15:15:57.596 |   File "/app/src/registry.py", line 69, in _do_scrape
2026-07-24 15:15:57.596 |     conn = adapter.get_connection()
2026-07-24 15:15:57.596 |            ^^^^^^^^^^^^^^^^^^^^^^^^
2026-07-24 15:15:57.596 |   File "/app/src/collectors/base.py", line 65, in get_connection
2026-07-24 15:15:57.596 |     self._conn = self.connect()
2026-07-24 15:15:57.596 |                  ^^^^^^^^^^^^^^
2026-07-24 15:15:57.596 |   File "/app/src/collectors/sqlserver.py", line 70, in connect
2026-07-24 15:15:57.596 |     conn = pymssql.connect(
2026-07-24 15:15:57.596 |            ^^^^^^^^^^^^^^^^
2026-07-24 15:15:57.596 |   File "src/pymssql/_pymssql.pyx", line 659, in pymssql._pymssql.connect
2026-07-24 15:15:57.596 | pymssql.exceptions.OperationalError: (20009, b'DB-Lib error message 20009, severity 9:\nUnable to connect: Adaptive Server is unavailable or does not exist (COSWINDE516D1)\n')
2026-07-24 15:15:57.596 | 2026-07-24 22:15:57,596 INFO 172.19.0.3 - "GET /metrics?target=hris-scl-engineering-db HTTP/1.1" 200 -